section;entree;nature;sous_entree;traduction_ewe
A;abaissement;m;;bobodeanyi
A;;;des prix;asidzidede, nudzidede
A;;;de Peau;tsimiemie, emedzedze
A;;;du sol;wedzedze, abudidi
A;;;(diminution);dede, wewowo, nu dzi kakade kpoto
A;;;(humiliation);vlododo, bobodeanyi, gbôdidi ame
A;abaisser;vt;;didi nu de anyi, bobo nu de anyi
A;;;les prix;de nu dzi, de asi le nu dzi
A;;;quelqu'un;do vlo ame, bobo ame de anyi, di gbô ame
A;;;(diminuer);de nu le nu nu, de nu da, de nu dzi suso
A;s'abaisser;v;;bobo amedokui de anyi, dze ko anyL
A;;;(devenir plus bas);dze we, de do, wo do
A;abandon;m;;gbegblêdi, yametsitsi, beble
A;;;(négligence);nudededi, bemalemalé
A;;;(résignation);amedokuinana, amedokuikeke, ta-nana
A;;;de;soi à Dieu amedokuitsotso na Mawu, dzidoda de Mawu nu
A;abandonnement;m;;asidede le nu nu, nudede le nya me
A;;;(înconduite);nubadawowo, hadzedze
A;abandonner;vt;;gblê nu di, gblê nu de megbe, de asi le nu nu
A;;;son travail;dzo le do me, do le do me, de asi le do nu
A;s'abandonner;v;;tso amedokui de asi na ame, de asi le amedokui nu
A;;;(mauvais);vlo, bada
A;abandonné;m;;hadzela, ahasiwola, matrewola
A;abattage;m;;nutsotso : atitsotso
A;abattement;m;;lâmegbodzo, agbagba, dediteamenu
A;;;(découragement);dzideleameîo, tamebubu
A;abatteur;m;;atitsola
A;abattis;m;;nutsotso, nunene, atitsotso
A;;;(décombres);dukpo, akolikpo
A;;;(carnage);amegede wuiwu, ametsotsyrô
A;abattoir;m;;lâtsoîe, lâwuîe
A;abattre;vt;;tso nu, îo nu îu anyi, hlâ nu de anyi
A;;;une forêt;îo ave, ha kuti
A;;;un arbre;tso ati, lâ ati, mû ati
A;;;de Pherbe;ya gbe, si gbe, nlo gbe, ga gbe
A;;;un animal;wu lâ, îo lâ wu, tso wu lâ
A;;;une maison;gbâ ho, mû ho îu anyi
A;;;la douleur;du vevesese dzi, de veve dzi kpoto, îa veve nu
A;;;l'orgueil de q.;bobo ame d'anyi
A;;;des fruits;dudu kutsetse le ati dzi, gbe nu, tso wudu kutsetse
A;;;q. d'un coup de fusil;îo tu ame îu anyi, da tu ame
A;s'abattre;v;;mû dze anyi, ge, dze anyi
A;;;(d'un oiseau);dze de nu dzi
A;;;(d'un cheval);dze anyi, no anyi
A;;;(du vent);ya lé, ya tsi, yaîoîo nu lé
A;abbaye;f;;sadagaho
A;abbé;m;;sadagaho îe nunolagâ, mawununola
A;abcès;m;;îoîoe, nuîoîo, nuteame
A;abdication;f;;asidede le nu me, nugbegbe
A;abdiquer;vt;;de aniedokui le nu nu, de asi le nu nu, gbe nu
A;abdomen;m;;îo, îodo, dome
A;abecquer;vt;;do nududu na hevi
A;;;(mâle);anyifsu, anyi fomewola
A;abhorrer;vt;;tsri nu, nyô nu
A;abîme;m;;abu, abume, agame, agume
A;abîmer;vt;;tso nu îu gbe, gbâ atri nu
A;;;(ruiner);gblë nu, tsyrô nu
A;s'abhner;v;;yi to
A;abjection;f;;vlonyenye, yakanyenye
A;abjuration;f;;nugbegbe, asidede le nu nu
A;;;de sa foi;hosegbegbe, asidede le hose nu
A;abjurer;vt;;gbe nu, de asi le nu nu
A;;;sa religion;gbe hose, gbe mawumenu
A;ablution;f;;koklo, tsiîele, abnégation î nusesê, dokuidede le nu nu, nugbe-gbe
A;aboîment;m;;wowo, gbogbo
A;abolir;vt;;de nu da, tsi nu nu, klo nu
A;;;une loi;tu se, \vu se, gbêdi se
A;abolition;f;;dededa, nukoklo
A;;;d'une loi;setutu, se v'uwu
A;abomination;f;;nunyônu, tsitsri, nunyanyrâ
A;abondamment,;adv;;îû, sogbo îû, kpi, zâ
A;abondance;f;;agbososo
A;;;dans le sens de q.;de ame dzi, ho de ame dzi
A;abonnement;m;;dodo, hodede nu dome, agbalê dodo
A;abord;m;;tofe, amegboyiyi
A;d'abord;adv;;gbâ, gbâla, gbâgbiagbâ, haîi
A;aborder;vt;;di go, gogo ame, te de ame nu
A;;;(approcher);gogo ame, te de ame riu
A;;;(accoster);îo nu na ame, gblo nya na ame, yî ame gbo
A;;;une question;le nya kpo, do nya da»
A;s'aborder;v;;kpe, do go
A;aborigène;m;;anyigbato, dumeto, dèto
A;;;à rien;wo nu dzodzro, tro zu fuîlu, glo
A;;;contre q.;wô de ame ta, gbo de ame ta
A;abrégé;m;;nyakpui, nyametsiatsia, kpuiwowo
A;abréger;vt;;wo nu kpuie, gbo nu kpuie
A;abreuver;vt;;na tsi, de tsi nu
A;abreuvoir;m;;tsinoîe, lâwo fe tsileîe
A;abréviation;f;;kpui gbogbo, nutsotsosuso, kpui-wowo
A;abri;m;;sietsoîe, tamehenu, agbado
A;abricot;m;;kutsetse ade
A;abrogation;f;;nugùgù, nuidededa, setutu
A;abroger;vt;;de nu da, de asi ie nu nu
A;;;une loi;tu sé, wu se, gbïdi se
A;abruti;m;;bometsila, lato, movito, hôvi
A;abrutir;vt;;wo wôazu là, do movuito ame
A;abrutissement;m;;hôvidzodzo, lâdzodzo
A;abscission;f;;tsotso
A;;;(manque);hïahïa, ziaziâ
A;;;d'esprit;tamemanoaîideka, tamebubu^ tamedzra^ abs — aca absent a manoanyi, nusi meli o
A;s'absenter;v;;dzo yi afiade
A;absinthe;f;;aha ade
A;absolument;adv;;kokoko, godogodo
A;absorber;vt;;mi nu, no nu, du nu, nyi nu)
A;absoudre;vt;;tso afia, tso nu ke
A;;;q.;tso afia na ame
A;;;q. de ses péchés;tso nuvôwo ke ame
A;;;de qc.;de amedokui da le nu gbo
A;;;de viande;do là nu, nyi wulâ dudu ko
A;;;de manger;do nù, do la dzï, nyi nududu ko
A;abstème,;n;;vêmanola, donù
A;abstension;f;;asidede le nu nu, nugbegbe
A;absterger;vt;;klo nu, klo abi, tutu nu, fo abi
A;abstersion;f;;koklo, siasia, nututu, abi koklo, abi-fofo
A;abstinence;f;;nù dodo, nudzidodo, nutsitsri
A;;;de;vin ahadzidodo
A;abstraction;f;;dededa, dedePeme
A;abstraire;vt;;de nu le nu me, de nu di (da)
A;;;son esprit de;de susu da le nu gbô
A;absurdhé;f;;bometsinu, yakanu
A;abus;m;;dowowo vô le nu nu, riutidowowo bada
A;abuser;vt;;ble ame
A;;;de q.;gblê ame
A;s'abuser;v;;ble amedokui
A;acacia;m;;akuiko, huhoe, akukoti
A;acajou;m;;odum, loko, lokoyie
A;accablement;m;;dedi, — dzideleamefo
A;accabler;vt;;te ame de anyi, zi ame dzi, lo nu kg de ame dzi
A;;;q. d'injures;dzu ame, kpli dzu n'ame
A;;;q. de louanges;kafu ame gede, lo kaîukafu tsyo ame
A;accalmie;f;;yalele
A;;;aux désirs de q.;lô de nya dzi na ame
A;accélérer;vt;;wg kaba, wâ de nu nu
A;accent;m;;kakâdedzi, gbggblo kple mise
A;accentuer;vt;;te gbe de nya dzi
A;accepter;vt;;ho nu, lô de nu dzi
A;;;une succession;lô de domenyinu hoho dzi
A;;;le marché;tso gbe le nuîefle nu
A;accès;m;;gegedeme, amegboyiyi, toîe, monu
A;;;de maladie;do dze ame dzi
A;accident;m;;dzggbevôe, nyavôe, aklamâ, nudzodzo
A;acclamation;f;;kafukafu, asikpefofo, aseyiisotso
A;acclamer;vt;;tso aseyi (de ame nu)
A;s'acclimater;v;;anyigba fe ya ho ame
A;accolade;f;;asikpakplako
A;accoler;vt;;kpla asi ko na ame kpe nu, tsia nu, bla nu îoîu, miâ nu., accommodant a vivi, dowu
A;accommodement;m;;gbedodo anyi, dodo
A;accommoder;vt;;so nu, so nu de nu nu
A;;;q. de qc.;de asi le nu na ame
A;;;des personnes;lé avu amewo, do nu na amewo
A;s'accommoder;v;;ho
A;accompagnement;m;;amedododa, kpokplodo
A;accompagner;vt;;kplo ame do, kplo ame yi, kpe ame
A;;;q. à la maison;kplo ame va aïe
A;accomplir;vt;;wu nu nu
A;;;la volonté de Dieu;wo de Mawu îe lolônu dzi
A;;;sa promesse;wo de nugbedodo dzi
A;s'accomplir;v;;va veme, dzo, su
A;accomplissement;m;;dziwowo, emevava
A;accord;m;;soso, nyadzilolô, dekawowo, dekadidi
A;;;conclure un-;de asi agbalê me de nu dzi
A;accordéon;m;;blaîosanku
A;accorder;vt;;so nu kple nu bubu, dzo nu, so nu kpo
A;;;(concéder);lô de nu dzi
A;;;un différend :;lé avu
A;;;(donner);tso nu m arme, na nu ame
A;s'accorder;v;;wg deka kple ame, zg kple ame, no nya deka dzi kple ame
A;accoster;vt;;te de ame nu (be yea îo nu kplee)
A;;;(navire);vvu dze, wu di go (de afiade)
A;accouchée;f;;vidzila, vidzisino
A;accouchement;m;;vidzidzi
A;;;(aide);vihéhé
A;;;précoce;vi dodroe, fugege
A;accoucher;vt;;dzi vi
A;;;avant le terme;dro vi
A;accoucheur;m;;vihela
A;s'accouder;v;;tso aboklugui tu nu dzi
A;accoupler;vt;;bla nu, kpe nu
A;;;vers q.;fu du yi ame gbo
A;;;au secours de q.;nyâ aîa na ame
A;accoutrer;v;;da atsyô, do atsyô
A;accoutrement;m;;atsyôdodo
A;s'accoutumer;v;;mâ
A;s'accréditer;v;;ho nko, de du
A;accroc;m;;dzèdzè, dodro, mohenu, kufhee
A;accrocher;vt;;ku nu de nu nu, te de nu nu
A;accroissement;m;;takeke de dzi, lolo dé dzi, tsitsi
A;accroître;vt;;dzi nu de dzi, wo nu woasogbo de dzi
A;s'accroupir;v;;tsyo klo me, no akpukpo dzi
A;accueil;m;;hoho
A;;;q.;à bras ouverts ho ame atu, ho ame alo Vee
A;;;des animaux;ha lâwo
A;accumulateur;m;;îuîonu le machine me
A;accumulation;f;;îuîoîo, tutudo
A;accumuler;vt;;îo nu îu, tù nu do, li kg nu
A;accusateur;m;;amenutsola, samala
A;accusé;m;;ame si wosama, ame si nu wotso, nyatg
A;accuser;vt;;tso ame nu, sama ame, saba ame
A;;;q. de qc.;te nya de ame dzi, de nu ame nu
A;;;q. devant le chef;tso ame nu na fia
A;;;ses;péchés wu nuvôwo me na
A;acérer;vt;;nyrê nu
A;acharnement;m;;dziku, anyirawowg, nkubiabiâ
A;acharner;vt;;kpla avû do
A;achat;m;;nuîeîle
A;;;(de;liquides) nudzedze
A;acheminer;vt;;do mg nu
A;s'acheminer;v;;dze mg dzi
A;acheter;vt;;île nu
A;;;qc. à deux francs;île nu îrâ eve
A;;;au comptant;île nu kple gasiasi
A;;;à crédit;île nu agbana
A;;;à bon marché;îo abgnyônu, edi ekpo
A;;;qc de q.;île nu le ame si
A;;;qc. pour q.;île nu na ame
A;;;pour un franc;île nu îrâ deka nu
A;achèvement;m;;nuwuwu, tsotsg
A;achever;vt;;wu nu, vo nu, do mlge nu. Vocabulaire o 14 • ach — act être achevé tso, vo
A;s'achever;v;;wu mi, vo
A;acier;m;;ga sesê
A;acompte;m;;akana, îemekaka
A;à-coup;m;;dudu, hehe, kpotiti
A;acquérir;vt;;ho nu, ho nu to dowowo me
A;;;des connaissances;srô nu, kpla nunya
A;;;des richesses;kpo kesinonu
A;acquêt;m;;hoho, kpokpo
A;acquiescement;m;;nyadzilolô
A;acquiescer,;vt;;lô de nyâ dzi
A;acquitter;vt;;tso aîia nyuie na ame
A;acte;m;;do, wowo, nuwowo
A;;;de complaisance;nyonyô, nudzeamewowo
A;;;d'hostilité;kelélé
A;;;de;grâces akpedada
A;activement;adv;;kple veviedodo, veviedonutoe
A;activer;vt;;do vevie nu, do nu de ngo, wo nui woadze dzi nyuie
A;acteur;m;;nutsu îeîela, nuwola
A;actuellement;adv;;fifia, fifi, fifilayi
A;adage;m;;lododo. Adam np Adam (nutsu riko)
A;adapter;vt;;so nu de nu nu, dzi dze nu ekpo
A;additionner;vt;;kpe nu de nu nu
A;adhérence;f;;kuku de nu nu
A;adieu;m;;kaklâ : amekaklâ
A;adjectif;m;;nonomefianya
A;adjoindre;vt;;kpe de nu nu
A;adjuration;f;;nutata, atamkaka, hoyoyo
A;admettre;vt;;na mo, de mo na ame
A;;;q. dans une société;ho ame de ha me
A;administrateur;m;;dzidula, nunola
A;administration;f;;takpokpo, dzidudu, nunono
A;administrer;vt;;na nu ame
A;;;les sacrements;na sakramentowo ame
A;;;un malade;si Amikokoe na dono
A;;;des coups de bâton;îo ame kple ati, \via ame kple ba
A;admiration;f;;nukunuwowo, kafukafu
A;admirer;vt;;kafu, wo nuku na ame, kpo nu mo-yatoe
A;admission;f;;amehoho de nu me, monana
A;admixtion;f;;tsakatsaka
A;admonester;vt;;hlô nu ame, gbe nya na ame
A;;;q. en particulier;ha wonu ame le bebe me
A;admoniteur;m;;dzikpola
A;adolescent;m;;dekakpui
A;s'adonner;v;;tso dokui na
A;;;au libertinage;no agbe bada, dze ha
A;;;un enfant;ho devi de viawo dome
A;;;une opinion;lô de nu dzi, lô de susu ade dzi
A;adoption;f;;devi lioho dzi
A;adoration;f;;Mawu sesê
A;adorer;vt;;së Mawu, bliba na Mawu
A;;;les idoles;subo (wo) trô, li trô
A;s'adosser;v;;de mê nu
A;;;contre un mur;de aha gli, de mê gli
A;adoucir;vt;;wo nu wovivi
A;;;la colère;fa dzi na ame
A;;;la douleur;fa veve nu
A;adoucissement;m;;îafa, akofafa, viviwowo
A;adresse;f;;nkononlo de leta dzi
A;adresser;vt;;fia, kplo
A;;;une lettre;nlo ame nko kple nofe de leta dzi
A;;;la parole à q.;fo nu na ame, gblo nya na ame
A;;;des reproches à;ka mo na ame
A;adulateur;m;;apeyola, apedula, numevivito
A;adulation;f;;apeyoyo, apedudu
A;aduler;vt;;yo ape, du ape
A;adulte;m;;ame tsitsi
A;adultère;m;;(acte) ahasiwowo^ amesrômomô
A;;;(homme);ahasiwola, amesrômôla
A;adultérin;m;;ahasivi, gbolovi, gbomeîuvi
A;adverbe;m;;adverb
A;adversaire;m;;futo, ametâla, fulela, keto
A;adversité;f;;dzogbevôe, fukpekpe, nuhaha
A;aérer;vt;;sia nu de ya nu
A;aéroplane;m;;yamewu
A;aéronaute;m;;yameWudola, yamewukula
A;affabilité;f;;domenyonyo, mokoko, domefatonyenye
A;affadir;vt;;wo be nu menyo na dudu o
A;affaiblir;vt;;wo lame gbodzo
A;s'affaiblir;vt;;gbodzo
A;affaiblissement;m;;gbodzogbodzo, nude<Je, nude-deda
A;affaire;f;;nya, nyadzodzo, nu
A;affaissement;m;;lame gbodzogbodzo
A;affaisser;vt;;te de anyi
A;s'affaisser;v;;tra wo, yi to, dze anyi, lame tutu» n'ame
A;affectation;f;;nuwowo • adanutoe, nukpakpa de nu dzi. <8 aîî — aîî affecté a adanutoe
A;affecter;vt;;lô nu wu, wo alakpanu
A;affection;f;;lolô
A;affermir;vt;;do nusë nu, wo nu woasênu, ka de nudzi
A;affermissement;m;;nusêdodo, kakâdedzi
A;affiche;f;;agbalê si wo klâ de gli nu hena nyata-kaka
A;affiler;vt;;nyirê nu (he, yi, kodzi)
A;affiliation;f;;hoho de habobo me
A;affilié;m;;hameme, hameto, habobometo
A;affilier;vt;;ho ame de habobo me
A;s'affilier;v;;zo kple ame, yi de ame dzi, do ha kple ame
A;affiner;vt;;klo, lolo nu (des métaux)
A;affinité;f;;fomedodo
A;affirmer;vt;;do kpe nya dzi, ka de nu dzi
A;affliction;f;;fudede, fukpekpe, nuhaha
A;affliger;vt;;de fui na ame, ve dome na ame, du dzi na ame
A;;;son corps;wo nuveve amedokui, na vevesese amedokui
A;affluence;f;;zifofo, hadede, hahado agbososo
A;affluent;m;;alodzedze, alo, alodze
A;affolement;m;;tametoto, bublu, nyamanyama
A;affoler;vt;;ble ame, flu ame, toto tame na ame
A;affranchir;vt;;ho ame
A;;;une;lettre he fe de leta ta
A;affranchissement;m;;dede, hoho, asidede ame nu, monana
A;affre;f;;vodidi, nodzi, vovô
A;affréter;vt;;de agba wu
A;africain;m;;ameyi, afrikato
A;affront;m;;dzudzu, nukpe
A;affronter,;vt;;tsi tre de nu nu, kpa ngo ame
A;;;Pennemi;kpe awa kalêtoe
A;affût;m;;hadede
A;agacer;vt;;dia ame nu, via ame nu, dzi ge ame nu
A;agacerie;f;;gedzidzi
A;agacement;m;;gedzidzi
A;âge;m;;tsitsime, fehoho
A;;;mûr;tsitsime
A;;;avancé;amegâkuku, nyagâkuku, fe gede hoho
A;agencer;vt;;dô nu
A;agence;f;;dowowo, agbanunono, agbanunofe
A;agenouiller;vt;;dze klo
A;s'agenouiller;v;;dze klo
A;agent;m;;dowola, agbanunola, do fe amegâ
A;agglomération;f;;fufofo, kolili, tutudo
A;agglomérer;vt;;îo nu efu, li ko nu
A;aglutiner;vt;;dre ario de nu nu, lé nu kple arip
A;aggraver,;vt;;kpe, do kpe dzi
A;agiotage;m;;akasadidi
A;agir;vt;;wo nu
A;;;à la légère;wo nu tamemabutoe, fo aka
A;;;bien envers q.;wo ame nyuie
A;;;mal envers q.;wo nu vevie ame
A;agitateur;m;;aglâdzela, zitola
A;agiter;vt;;wâ, to zi, îo zi
A;;;une question;îo nu le nya nu, ke di le nya nu, do nya da
A;;;q. (émouvoir);zi ame, de dzo lame na ame
A;s'agiter;v;;tsi dzodzodzoe, wâ
A;agneau;m;;alêvi
A;;;de Dieu;Mawu îe alêvi
A;;;pascal;paska 'lêvi
A;agonisant;m;;kudoîola
A;agrandir;vt;;wo nu woalolo de dzi, keke nu de nu
A;agrandissement;m;;lolodedzi, takeke
A;;;au;goût vivi
A;;;à Podorat;lïlïlï, wewë
A;agrément,;m;;lolô de nu dzi, dekawowo, nudzedze
A;agresser;vt;;dze nu dzi, lé nu (ame)
A;agression;f;;awakpekpe
A;agriculteur;m;;agbledela
A;agriculture;f;;agbledede
A;agronomie;f;;agblededenufnunya
A;agrouper;vt;;fo nu fu
A;aide;m;;kpekpedenu
A;aider;vt;;kpe de ame nu, lé eme na ame
A;;;vi;de asi do me na ame, do asi de ame gbo
A;;;à q. au travail;de asi dowowo me na ame
A;aïeul;m;;togbui
A;aïeule;f;;marna, aïeux mpl blematogbuiwo
A;aigle;m;;hô
A;aiglon;m;;hôvi
A;aigreur;f;;veve
A;aigrir;vt;;ve dome na ame, do dziku na ame
A;aiguille;f;;abi, abui, nutonu
A;;;de montre;gameîianu, alo
A;aiguillon;m;;nu, te, ti, fu, ge, anyô
A;aiguillonner;vt;;zi ame dzi, îo du de ame te
A;aiguiser;vt;;nyirê nu, li nu
A;aile;f;;avtfaïa, ahalâ
A;ailleurs;adv;;afi bubu, afi bubu godzi
A;d'-;adv;;tso afi bubu
A;aimer;vt;;lô nu, lô ame
A;;;la goutte;lô aha nono, wo ahatukpa îe do
A;;;q.;lô ame îe nya gbo
A;;;qc. davantage;nu evivi na ame wu, nu edze ame nu wu
A;ainsi;adv;;aie, sigbe, nenemâ, to ale mo sia dzi
A;;;que;abe ne
A;air;m;;yâ
A;air;m;;dzedzeme, nonome, mododo
A;air;m;;gbe, gbedidi, hagbedidi
A;airain;m;;ga dzê, ga sesê
A;aire;f;;hô îe ato
A;aisance;f;;bobo, wodzuinono
A;;;(bien-être);hokpokpo, kesinotonyenye
A;aise;f;;modzeanyi, nudzedze, nunyôname, lâmesesê
A;aisément;adv;;boboe, wodzui, kedzê
A;ajournement;m;;tsodikpo azâdockx
A;ajourner;vt;;tso nya do nkeke bubu dzi, do nu de megbe, gblê nya
A;ajouter;vt;;kpe de nu nu
A;;;(en comptant);hlê nu de dzi
A;;;foi à qc.;ho nya dzi se, ho nu dzi se
A;ajuster;vt;;dzra nu do, do nu, so nya, dzidze nu kpo
A;;;qc. à une autre;so nu de nu nu, tsya nu de nu nu
A;;;son chapeau;do kuku kpo
A;;;son coup;dzidze nyuie
A;alacrité;f;;wawâ, dzidzo
A;alarmer;vt;;do abobo, do aîa, do haha de ame, do vodi na ame
A;s'alarmer;v;;dzi no, dzo hahaha, dzika tso ame îo
A;albinos;m;;amegi, ame biabiâ, gesosi
A;alcool;m;;aha, asafi
A;alentour;adv;;godo, kpedo, îohla kpedo
A;aliéné;m;;tsukuno, adawakuda, adawato
A;aliéner;vt;;de asi le nu nu na ame bubu, dzra nu
A;alignement;m;;nudodo, tadofe, ka, agbaka, lika
A;aligner;vt;;do nu le akasa nu
A;aliment;m;;nududu
A;alimenter;vt;;nyi, nyrô
A;s'aliter;v;;no anyimlofé, no aba dzi
A;allaiter;vt;;na no devi
A;allécher;vt;;ble ame nu, ble mo na ame
A;;;un chien;ble avû nu
A;allée;f;;moiata esi wodo ati de akpawo kple eve na
A;allégement;m;;nudede le nu dzi, îaîa
A;alléger;vt;;îa nu nu, tsi nu nu
A;;;la souffrance;fa veve nu
A;allégorie;f;;lododo, glî, lo, abebua
A;allégresse;f;;dzidzokpokpo, aseyitsotso
A;alléguer;vt;;gblo nya, de nu fia, yo abe dasedidî eue. Allemagne f Dzama'nyigba
A;allemand;m;;Dzama alo dzamato
A;;;lentement;yi dododo, zo dododo
A;;;à la chasse;yi adegbe
A;;;en voyage;yi mo dzi, yi nugbe
A;;;en compagnie;zo ha me
A;;;en promenade;tsa, di tsa
A;;;en France;yi Frâseawode
A;;;en pente;di abù
A;;;en pointe;lo, lio aku
A;;;en bicyclette;to keke, do keke, do gaso
A;;;à pied;to afo, zo afo
A;;;à Pécole;yi suku, de suku
A;;;à la rencontre de;yi do go ame
A;;;à cheval;do so
A;;;au fond;yi to
A;;;au. galop;fu du sesië (abe so ene)
A;;;chez q.;yi ame gbo
A;;;chercher q.;kplo ame ve, yi kplo ame ve
A;;;se coucher;yi anyimlofe
A;;;prendre q.;kplo ame ve
A;;;rejoindre q.;kpe ame, tu ame, he ame
A;;;voir q.;de ame gbo, kpo ame da
A;alliage;m;;nutsakatsaka, nubakabaka
A;alliance;f;;nubabla, dzodudu
A;;;secrète;hagaglebobo, boha le bebeme
A;;;(parenté);îome, fometowo
A;allié;m;;hadela, dzoduholô, îometo, tudekato, adze-lukuto
A;s'allier;v;;bla nu, wo deka kple ame, da tu deka
A;allonger;vt;;wo nu didi de dzi, ke nu, he nu me
A;;;le bras;do abo da
A;allongement;m;;kekeme, didiwowo de dzi
A;allouer;vt;;na nu ame
A;allumer;vt;;do dzo, si dzo
A;;;le feu dans le poêle;do dzo de kpo me
A;;;la lampe;si akadi, si akadigbe
A;allumette;f;;dzosinu, dzositi, matsesi
A;allure;f;;zozo, alizozo, agbenono, nonome
A;almanach;m;;nkekegbalê
A;alors;adv;;tetela, emegbela, eyomela
A;alourdir;vt;;wo nu woakpe de dzi, do kpekpe nu
A;alphabet;m;;ABC
A;altérer;vt;;tro, do li nu, tro nya gome, alternation î lidodo
A;alterner;vt;;do li, ho ame tefe, wo nu adzo-adzo
A;alternativement;adv;;adzo-adzo, deka-deka, lido-dotoe
A;aluminium;m;;ga gi wodzui de
A;amaigrir;vt;;di ku, di ka, du amedokui
A;s'amaigrir;v;;di ku, blo
A;amaigrissement;m;;tsitrenudo, gbohi, tsohi tso ame
A;amalgame;m;;ga toto kple klosalotsi
A;amant;m;;lôla, lolôto, holô
A;s'amarrer;v;;da seke, dze
A;amas;m;;kolili, kç, tutudo
A;amasser;vt;;îo nu fu, bo, li ko nu
A;s'amasser;v;;îo îu, tù nu do
A;amateur;m;;lôla, nulôla
A;ambassadeur;m;;dogbedela, amedodo, dola
A;;;indigène;atikploto, atikplotsola
A;ambition;f;;riukeklê, bubudzidzi na dokui
A;ambitionner;vt;;dzi bubu, wo adive ambulant a si le zozom
A;âme;f;;luwo, gbogbo
A;amélioration;f;;dododo, kakademe
A;améliorer;vt;;do nu do, dzra nu do, ka de erne
A;amende;f;;febabla, amenyinyi kple ga, faire -honorable do taflatse, do sebio, bia tso-tsoke
A;amendement;m;;wowonyùie de dzi, dododo
A;amender;vt;;wo nu nyuie de dzi, do nu do (ka la do nuteîe)
A;s'amender;v;;do amedokui do, tro dzime, do li de
A;amener,;vt;;tso nu ve, kplo ame ve
A;aménité;f;;nyonyô, nudzedze
A;ameublement;m;;homenuwo
A;ameuter;vt;;kpla avû do
A;ami»;m;;hô, holô, holôvi, hati, havi. E
A;amidon;m;;goma, statsi
A;amidonner;vt;;de goma awu
A;amincir;vt;;wo nu îlagbê, îlaflê, le
A;amiral;m;;a\vawumeîia
A;amission;f;;bubu, gbegblê, nububu
A;amitié;f;;lolô, holôwowo, holôdzedze
A;amnistie;f;;tsotsoke, amenuveve
A;amnistier;vt;;tso ke ame, ve ame nu
A;amoindrier;vt;;de nui le nu dzi
A;amollir;vt;;wo nu boboe, de nu tsi
A;amonceler;vt;;li ko nu, bo nu, fo nu îu
A;;;de l'herbe;li gbe ko, li ko gbe
A;amoncellement;m;;kolili
A;amorcer;vt;;ble ame nu, do glae
A;amortir;vt;;tsi nu, zi nu dzi
A;;;une dette;he îe, vo îe
A;amortissement;m;;nutsitsi, fehehe
A;amour;m;;lolô
A;amplifier;vt;;ke nu de dzi, lolo de nu
A;amputer;vt;;tso ame îe nutilâ îe akpa ade
A;amusement;m;;plasiwowo, agbedudu, plasi
A;amuser;vt;;do vivi na ame, îe
A;s'amuser;v;;du agbe, dzo dzi, du plasi, îe
A;amygdale,;f;;kokui
A;an;m;;îe (gleti 12)
A;ananas;m;;atoto, blaîogbui, anazi
A;analyser;vt;;de nu gome, de nu siwo îoîu wo nu (nya) deka la fia deka deka
A;anathème;m;;amededehame îe îiîode
A;anciennement;adv;;tsâ, hohotsâ
A;ancrer;vt;;da seké
A;;;son esprit à;ka de nu dzi
A;âne;m;;tedzi
A;anéantir;vt;;tsrô nu, gblê nu
A;anéantissement;m;;tsotsyrô, gbegblê
A;ange;m;;Mawudola
A;;;gardien;dzikpodola
A;angle;m;;dzogoe. Angleterre f enlistowode, England, Enlisi'nyigba*
A;anglicanisme;m;;Enlistowo îe kristohame
A;animal;m;;là, nu gbagbe
A;;;domestique;aîemelâ
A;;;de;la brousse gbemelâ
A;;;sauvage;la woadâ
A;;;quatrupède;la 'fonee
A;;;herbivore;la dugbe
A;;;carnivore;là duvvulâ
A;animé;m;;Wavvâ, dzonudzonu
A;animer;vt;;de v^awâ, de dzo ame me
A;anis;m;;sikoni, pepri, ahaliwoe
A;anneau;m;;ga, ge (asige, aîoge)
A;annexer;vt;;kpe nu de nu nu
A;annihiler;vt;;tsyrô nu, gblê nu
A;anniversaire;m;;îe nkekenyuie, îetrozâ
A;;;de;la naissance dzigbezâ
A;annoncer;vt;;de gbe îâ, ka nya ta, do ga, do kpo
A;;;qc* à q.;to nya na ame, do du na ame, he du ve» Annonciation î
A;annonciateur;m;;gbeîâdela
A;annoter;vt;;de dzesi nu, nlo nu di
A;;;une loi;tu se
A;anoblissement;m;;kokodedzi
A;antagoniste;m;;îuto, keto
A;antan;m;;îè si va yi la
A;antérieurement;adv;;tsâ, îe blemanoli
A;antéchrist;m;;akkpa-kristo, awatso-kristo
A;anthropophage;m;;amelâduk
A;anticiper;vt;;tre tsotso, tre sese, do (de) ngogbe\ antienne î hadzidzi kokoe
A;anti-pape;m;;alakpa-papa, avvatso-papa
A;antiquité;f;;blemanoli
A;anus,;m;;kpe, mieîi, srilome, gbïme, agome
A;août;m;;august (août) gleti enyilia
A;apache;m;;ziîola, adzodala
A;apaisement;m;;akoîaîa, nubeble, dgmefafa
A;apaiser;vt;;îa dzi na ame, ble nu
A;;;la soif;no tsi, di kg
A;;;la faim;du nu di îo
A;;;la douleur;fa veve nu
A;;;une querelle;lé avû
A;apanage;m;;domenyinu, aklamâ
A;apathie;f;;atrikuku, dekematsgleme, numase de lame
A;apercevoir;vt;;kpo nu, se nu, dze si nu
A;s'apercevoir;v;;se nu ggme, nya nu
A;aperçu;m;;numekpgkpg, nunyanya
A;apiculteur;m;;anyitala, anyidela, anyinyïla
A;apiculture;f;;anyitata,* anyidede, anyinyïnyï
A;apitoyer;vt;;kpg nublanui na ame
A;apitoiement;m;;nublanui, dometgtrg de ame nu
A;aplanir;vt;;dzg nu, fo nu gbadzâ, ta nu
A;aplatir;vt;;fo nu gbanyâ
A;aplomb;m;;agbagbadodo, nudodo, dzgdzo de tsitre
A;apostasie;f;;hosegbegbe, megbedede
A;apostasier;vt;;gbe hose
A;apostat;m;;hosegbela, dzego, dzeaglâ. —
A;apostolat;m;;apostolonyenye, apostolodo
A;;;de la prière;apostolonyenye gbedododa
A;apostropher;vt;;he adânya de ame nuti
A;apothicaire;m;;atikewola
A;apôtre;m;;apostolo
A;;;à q.;de edokui fia ame
A;appareil;m;;nuwonu, dowonu, mô
A;apparemment;adv;;anye, de elanye, de woanye
A;s'apparier;v;;mô, do atsu, mo
A;appartement;m;;ho, hoame
A;appât;m;;azâmenu, nublenu, mômenu, glâe
A;appâter;vt;;ble ame nu
A;appâter;vt;;na nududu
A;s'appauvrier;v;;di gbo, do ko to ga gbegblê me
A;appel;m;;yoyo
A;;;au secours;leleledodo, asiîunu, do kû n'ame
A;appeler;vt;;yo ame
A;;;au;secours do abobo, do aîa, îu asi nu, do kû
A;;;l'attention;de q
A;;;en justice;sama ame
A;;;q. en témoignage;yo ame abe dasedila ene
A;;;Dieu en témoignage;yo Mawu, ta Mawu
A;appellation;f;;yoyo
A;appendice;m;;megbenunuwunya
A;appesentir;vt;;wo nu kpekpe
A;appétit;m;;nudzodzro, nkubiabia, nudududzodzro
A;applaudir;vt;;îo akpe, d'asi kpe, kaîu
A;applaudissement;m;;asikpeîoîo, kaîukaîu
A;appliquer;vt;;wo nu nu do, do nu nu nu
A;;;de;la couleur do ano nu, si ano na nu
A;;;un soufflet à q.;îo tome na ame
A;;;son esprit;do vevie nu
A;s'appliquer;v;;do vevie nu
A;apporter;vt;;tso nu ve, he, ko, lo nu ve
A;;;du soin;do vevie nu
A;apposer;vt;;kpe nu de nu nu
A;;;sa signatuore;hlo nko de nu te
A;apprécier;vt;;bu gâ, kaîu nu, do vivi de nu nu
A;appréhender;vt;;lé nu, tsi dzimadi
A;;;q. au corps,;de ame gaho me
A;;;que;vô be
A;appréhension;f;;lélé
A;apprendre;vt;;srô nu, se nu, nya nu, kpla nya
A;;;qc. à q.;fia nu ame, gblo nya na ame
A;;;le français;srô Frâsegbe
A;;;le français à q*;fia Frâsegbe ame
A;;;à lire;srô agbalêhehlê
A;;;par cœur;srô nu de tame, un mal appris dekakpui vlo, gbemeto
A;apprenti;m;;dosrôvi, adanusrôla
A;;;menuisier;atikpala dosrôvi
A;apprentissage;m;;dososrô, domedodo, dosrôgi
A;;;le dîner;dzra ndome nududu do
A;s'apprêter;v;;dzra dokui do, sogbe de gadzi
A;apprivoiser;vt;;mlâ lâ
A;apprivoisement;m;;mamlâ
A;approbation;f;;lolô de nu dzi, nudzilçlô
A;approcher;vt;;gogo, te, he nu de nu nu, ke de nu nu
A;;;à pas de loup;do de nu dzi le vome, zo minya-minya
A;;;d'une personne;kpo mo yi ame gbo fâ
A;;;la table du mur;he kplô de gli nu
A;s'approcher;v;;te de nu nu, va lili nu, gogo
A;;;de q.;te de ame nu, zo de ame nu
A;approfondir;vt;;wlo nu me, dzro nya me, do nu gome kpo
A;approprier;vt;;so nu de nu nu
A;s'approprier;v;;ho nu, dze go de nu dzi, srô nu
A;approuver;vt;;lô de nu dzi, kaîu nu
A;;;d'un signe de tête;lô nya kple ta
A;approvisionnement;m;;nududu, aîunyinyi
A;s'approvisionner;v;;hetse dokui, nyi afu
A;approximativement;adv;;ano, kloe
A;appiïï;m;;nugodenu, nuziodenu
A;appuyer;vt;;zio nu, glâ nu, via nu
A;;;la tête;zio ta, zio ko
A;;;l'échelle contre le mur;tso atrakpui zio de gli nu
A;;;l'éperon au cheval;do du so
A;;;contre la chaise;zio de ablêgo nu
A;;;sur q.;zio de ame nu, do dzi de ame nu
A;;;le repas;le nududu megbe
A;;;une année;fe deka megbe
A;;;cela;emegbe la, eyome, ekemâ
A;;;l'un- l'autre;deka deka
A;;;quoi;nusi dzi, le esia megbe la
A;;;tout;ke, voa
A;après-demain;m;;nyitso si gbpna
A;après-midi;m;;getro, getrome
A;aquilon;m;;anyiehe — yâ
A;arachide;f;;azi
A;arbalète;f;;dati
A;arbitre;m;;avuléla, nyadrôla
A;arborer;vt;;fo nu de tsitre, do nu de tsitre
A;;;le drapeau;si aflaga
A;arbre;m;;ati. P-grince ati du tse. T-de la croix atitsoga
A;;;fruitier;ati tseku, ati dudua
A;arbisseau;m;;ativi, adzakpasu
A;arbuste;m;;ativi, avekovi, adzakpasu
A;arc;m;;da, dati
A;arc-en-ciel;m;;anyiewo
A;archange;m;;mawudola gâ
A;archer;m;;dadala, datidala
A;archévêque;m;;episkopo gâ
A;archidiacre;m;;diakono gâ
A;archiprêtre;m;;mawununola gâ
A;architecte;m;;hotula
A;ardemment;adv;;vevie
A;;;du solleil;ndçkutsu, iidovCuWu
A;;;d'estomac;îaîa
A;arène;f;;awawoîe
A;aréopage;m;;nyagbloîe
A;arête;f;;tomelâ îe îu
A;;;(coin);nuto, dzogoe
A;argent;m;;ga
A;;;comptant;gasiasi, ga atiati
A;;;en cours;ga dudo, dudua
A;argenter;vt;;îa klosalo de nu nu
A;argile;f;;anyi dzê
A;argument;m;;kakadedzi, nuîoîo
A;aridité;f;;kotsitsi, kudidi
A;aristocratie;f;;ame nkutatowo
A;armer;vt;;ma awawonu na ame
A;s'armer;v;;kpla awawonuwo, bla akpa
A;arôme;m;;wewê vivi, wewê lïlïlï
A;arpentage;m;;nu dzidzenu
A;arpenter;vt;;dzidze nu, de lifo, da ka
A;arquer;vt;;bi nu, bo nu
A;s'arquer;v;;hlâ, lugu, hatsa
A;arracher;vt;;ho, bel^, nyô, îlï, ya nu
A;;;qc. à q.;ha nu le ame si, wli nu le ame si, gbo nu
A;;;les plumes;bebe îu, nyô kokloîu
A;;;une branche;îlï alo le ati nu
A;;;un;arbre ho ati le do me, de ati îe ke le do me
A;;;de Pigname;ho te, ku te
A;;;Pœil à q.;ho nku le to me, de nku n'ame
A;;;avec les dents;tso nu kple adu
A;;;de;force ho nu kple sesê, du nu, gbo nu wïam
A;s'arracher;v;;de dokui da
A;arrangement;m;;nudodo, asinyinyi di, anyidodo, kpetsotso
A;arranger;vt;;do nu, nyi asi di, do nu teîeteîe
A;;;un différend;lé avu, tso nya
A;;;ses paroles;do nya
A;;;avec q.;le nya kpo kple ame
A;arrêt;m;;toto, tetoto
A;arrêté;m;;sé, sédede
A;arrêter;vt;;to ame, he nu de megbe, sika ame di
A;arrière;adv;;megbe
A;arrière-faix;m;;ameno
A;arrière-grand-père;m;;togbotogbui
A;arrière-grand'mère;f;;mamâmamê
A;;;à L. à 10 heures;do L
A;;;chez q.;do ame gbo, de ame gbo
A;arrondir;vt;;mli nu, wo nu nogui, mli ko nu
A;arroser;vt;;de tsi nu, wu tsi nu
A;arrosage;m;;tsidede, tsiwuwu
A;arsenal;m;;avvawonudzradofe
A;art;m;;adanu
A;article;m;;nu, nane
A;;;de foi;hose îe nufiafia vevieto deka
A;articuler;vt;;îo nu eme ko
A;artifice;m;;adanuvôe, ayedzedze, ameblenu, ayevô-dodo
A;artillerie;f;;asrafoha si wo aprim nu do
A;artisan;m;;adariuwola, dowola
A;artiste;m;;adariuwola
A;ascendance;f;;îome, fometowo
A;ascendant;m;;fometo
A;ascension;f;;dziyiyi, dziîoyiyi. Ascension de N4 S. Afeto Yesu Kristo fe dziîoyiyi fe azâgbe
A;asile;m;;sitsoîe, sietsofe
A;aspect;m;;kpokpo
A;asperger;vt;;hlê nu de nu dzi, tso nu wu nu dzi, tu nu de nu dzi
A;;;q. d'eau bénite;hlê tsi kokoe de ame dzi
A;asphalte;m;;ano ade fomevi
A;aspic;m;;fli (da ade)
A;aspiration;f;;gbogbo, yometiti, nudzidzi
A;aspirer;vt;;gbo, ti yome, dzi nu
A;;;Pair;gbo yâ de eme
A;assaillir;vt;;da adzo ame, lû de ame dzi, dze ame dzi, do de ame dzi kpata, zi ame dzi
A;assaissonner;vt;;de nu vivi nududu me, de nu (dzè) do vivi nududu' me
A;assassin;m;;amewula, hlôdola
A;assassinat;m;;dafidada, îifiwu, amewudegbe
A;assassiner;vt;;wu ame, da dafiame, wu anie de gbe
A;assaut;m;;amedzidzedze
A;assécher;vt;;fu nu
A;assemblage;m;;fufofo, nututudo
A;assemblée;f;;takpekpe
A;assembler;vt;;fo nu fu, tu nu do
A;assentiment;m;;lolô de nu dzi, nudzilolô
A;asseoir;vt;;tso nu da di
A;;;un camp;da asada, bo asada
A;;;dans un fauteuil;bobo no kuviablêgo dzi
A;;;sur le trône;no anyi de îiazikpui dzi, du fia
A;;;au lit (d'un malade);le alinu
A;assermenter;vt;;dzi atabu ame, wo ame be wôata nu
A;asservissement;m;;kluvinyenye
A;asservir;vt;;te ame de anyi, do adoko ame
A;assesseur;m;;adanudela
A;assez;adv;;sogbo, sunu
A;;;peu;viade
A;assiégeant;m;;duhala
A;assiéger;vt;;ha du, de to de du
A;assigner;vt;;sama ame
A;;;du travail à q.;do do na ame
A;assimiler;vt;;so nu de nu nu, di nu
A;;;des connaissances;dze hunya, kpla nunya
A;assistant;m;;kpedenuto, honameti, amekpela
A;assister;vt;;kpe ame, kpe de ame nu
A;associé;m;;amehavi, amehati, hameto, gomekpola
A;associer;vt;;wo deka kple ame, kpe ame de ame nu
A;assombrissement;m;;vivitidodoi
A;assommer;vt;;wu ame, îo ame wu
A;;;q. de coups;îo ame vevie, îo ame wu Assomption î Maria hoho yi dziîo
A;assortir;vt;;tia nu
A;;;des citrons;tia anuti lolotowo le eme
A;;;à qc.;so de nu nu
A;assoupir;vt;;na ame nado alô
A;;;la douleur;îa veve nu
A;assoupissement;m;;akolôe dôdô
A;assourdir;vt;;ku to na ame, gbâ to n'ame
A;assouvir;vt;;dze ame nu
A;;;la faim de q.;di îo na ame
A;;;sa vengeance;bia hlô
A;assujetir;vt;;du ame dzi
A;;;q. à faire qc.;zi ame dzi be wôawo nane
A;assujetissement;m;;dzidudu, dzizizi
A;assurance;f;;kakadedzi, nyateîe, kpedodo nul dzi
A;assurer;vt;;ka de nu dzi, do kpe nu dzi
A;asthme;m;;gbohi
A;astiquer;vt;;do atsyô na
A;astre;m;;gletivi
A;astreindre;vt;;zi ame dzi
A;astrologie;f;;gletivi me îakaka
A;astronomie;f;;gletivinununya
A;atelier;m;;dgwofe, adanuwofe
A;athée;m;;mawugbela, vôdi
A;athéisme;m;;maw ug beg be
A;atlas;m;;anyigbatata
A;atmosphère;f;;yâ, yame
A;atome;m;;nu suesue
A;atre;m;;mie, mlekpui, dokpo, dzodofe
A;atrocité;f;;riodzidzi, nutasesê
A;attachement;m;;lolô, kùkù de ame nu
A;attacher;vt;;li nu, klâ nu de nul nu, bla nu, de ka nu
A;;;qc. à;tsi nu de nu nu, lé nu de nu nu
A;;;ses yeux sur;lé nku de nu nu
A;;;de l'importance à :;bù nu vevie
A;s'attacher;v;;tsi kplete, ku de nu1 (ame) nu
A;;;imprévue;lelékpata
A;attaquer;vt;;dze ame dzi, dze avva gome, kpe awa
A;;;q. en justice;sama ame
A;;;un travail;dze dowowo gome, s'attarder tsi megbe, tsi anyi
A;atteinte;f;;fofo, dada, toto, porter-à la réputation de q
A;atteler;vt;;bla so de tasiadam nu, tsi là de keke nu
A;attendre;vt;;lala, dzo, to, kpo mo, no anyi
A;s'attendre;v;;kpo mg na nu
A;attendrir;vt;;du lame na ame, wg nu boboe
A;s'attendrir;v;;kpo nublanui, îa konyi
A;attentat;m;;vodada, gudodo, nuvôdiwowo
A;attente;f;;mokpokpg, lala, dzodzo
A;;;aux jours de q.;dzi ame îe ku, dzi ame îe agbe gome
A;attentivement;adv;;kolokolo, kgtekote
A;;;int;kpo nyuie ! agô ! do to !
A;atténuation;f;;nudede le nu dzi
A;atténuer;vt;;de nu le nu nu, de riusê le ame me
A;atterrer;vt;;fu nu anyi
A;;;vi;di go
A;attestation;f;;dasedidi. — asidede agbalê me
A;attester;vt;;di dase, de asi agbalê me
A;s'attiédir;v;;* zii fafe, tu (tsi tu) tsi tu ko
A;attirail;m;;dowonu, nuwonu
A;attirer;vt;;he, he nu ve, bia nku na ame
A;;;une maladie;ho do, île do ve
A;attiser;vt;;(le feu) flo dzo do, tra dzo do
A;;;une querelle;kpla avu
A;attitude;f;;dokuilélé, nonome
A;attouchement;m;;asidede nul nu, asikaka nu nu
A;attraction;f;;nukpokpo, nkubiabiâ
A;attrait;m;;amenubeble, — dzo, bibi, viâviâ
A;attraper;vt;;lé nu, tu, tso nu do
A;;;un voleur;lé îiaîito
A;attribuer;vt;;do nu na ame
A;;;qc. à q.;ma nu na ame, do nya ame dzi
A;attribut;m;;nonome, dzesi
A;attrister;vt;;do mo vevie n'ame, ve dome na ame
A;s'attrister;v;;ha nu nu
A;attroupement;m;;takpekpe
A;s'attrouper;v;;kpe ta
A;aucun;pr;;amadeke o, deke o
A;aucunement;adv;;kpao, kura o
A;audace;f;;kalêwowo, nutsuwowo
A;au-dessous;adv;;anyi, dome, gome
A;au-dessus;adv;;de edzi, enu, dzime, dzi
A;au-devant;adv;;le nu ngo, de nu ngo, de nu nuti
A;auditeur;m;;todola, nyasela
A;auditoire;m;;nyaselawo, todolawo. Vocabulaire aug — aut auge î to, lato, hato
A;augmenter;vt;;sogbo de dzi, lolo de dzi, dzi de edzL
A;;;le prix;da asi de dzi, wo asi sesê de dzi
A;augure;m;;aîâkaka, nukaka, afâ
A;augure;m;;afâto, bokono
A;aujourd'hui;adv;;egbe, egbegbe
A;auparavant;adv;;tsâ, haîi, gbâ, ngogbe
A;auprès;adv;;gbo, le nu gbo, te de nu nu
A;auriculaire;m;;asi kotoe
A;auspice;m;;afâ, aîâkaka, nukaka
A;aussitôt;adv;;îiîila, enumâke, zi deka
A;;;que;cj kasiâ
A;autant;adv;;nenemâke, aie, alea, aleke
A;autel;m;;altaro, Mawu îe vôsâkplô, mekpli
A;auteur;m;;nuwola, agbalê îilola, kula
A;authenticité;f;;anukode
A;automne;f;;keleme
A;automobile;f;;auto, lorry, dzokeke, motoka
A;autonomie;f;;ablodenyenye, dokuisinono
A;autorisation;f;;modede, nudzilolô
A;autoriser;vt;;de mo, lô de nu dzi
A;autorité;f;;bùbu, nusê, dzidudu
A;autour;adv;;îohla, godo
A;autre;pr;;bubu
A;autre;part;;adv le afi bubu
A;autrefois;adv;;tsâ
A;autrement;adv;;ne menye nenem o la, vovo
A;auxiliaire;m;;kpederiuto
A;avaler;vt;;mi nu, no nu
A;;;qc. de travers;nu ge de nyê me na ame
A;avance;f;;ngonono, ngoyiyi
A;avancement;m;;dododedzi, ngogbeyiyi
A;avancer;vt;;do nu ngogbe, yi ngogbe
A;;;en âge;tsi de dzi
A;avanie;f;;dzudzu, riukpedodo
A;avant;prép;;rigo
A;;;que;cj haîi ne
A;avant;m;;ngogbe, nkume
A;avantage;m;;vide, videkpokpo
A;avantager;vt;;lô ame wu bubu
A;avant-bras;m;;alo, alotinu
A;avant-coureur;m;;ngodzela, ngonola
A;avant-propos;m;;kpokplo yideme, nyanudede
A;avant-veille;f;;nyitso, azâdrôgbe
A;avare;m;;anokuno, nuvela, adikpewola, nkutsila
A;avarier;vt;;gbâ, gblê nu
A;avarie;f;;Wugbegblê
A;avènement;m;;dodo, vava
A;;;à;la couronne îiazikpuidzidede
A;avenir;m;;geyigî si le vava ge
A;avent;m;;advento
A;s'aventurer;v;;do dzi, katse, te nu kpo
A;aventurier;m;;godzela, nudrawola. 4* ave — avo non
A;avérer;vt;;do nu na ame kpo, vvu nu na ame, nu îe nyatefenyenye dedeîia
A;aversion;f;;fulélé, tsitsri
A;avertir;vt;;hlô nu ame
A;avertissement;m;;nuhohlô
A;aveu;m;;numewuwu
A;aveugle;m;;nkugbâto, rikuno
A;aveuglement;m;;nkugbagbâ, nkutsitsi
A;aveugle-né;m;;nkuno tso dzidzi me
A;aveugler;vt;;gbâ ame îe riku
A;aviateur;m;;yàmewudola
A;avilir;vt;;bobo ame (nu) de anyi, gblê nonome
A;avilissement;m;;gbegblë, bobodeanyi
A;avion;m;;yamewu
A;aviron;m;;wukuti, akoîati, kotoklo, atablo. —
A;avis;m;;adanu, tamesusu, adariudodo
A;aviser;vt;;do du de ame, klâ ame, do adariu na ame
A;avocat;m;;nyahola de amenu, tsiamee
A;avoir;vt;;le ame si, li, ho, j'ai dix ans fè ewo le asinye
A;;;besoin;(ziâ) hiâ nu, wo nu nu do
A;;;à cœur;dzro be
A;;;de l'éloquence;ade boboe le ame si
A;;;faim;do wu ame
A;;;pour but;do, do tame
A;avoisiner;vt;;de lifo, kpe, kpe kpo
B;avortement;m;;fudzodzo, îudede îugege
B;babil;m;;dzèdodo, asemkaka
B;babillage;m;;nyatofitoto, nyadodo
B;babillard;m;;dzèdola, nyadola, nyatoîitola
B;habillement;m;;dzèdodo, nyadodo
B;bac;m;;toîoîe, totsofe, todeîe
B;badinage;m;;ahatsekaka
B;badigeon;m;;akalotsi
B;badigeonner;vt;;si akalo de nu nu, do ba ho, tre ho
B;badigeonneur;m;;anosila
B;bafouer;vt;;du fewu le ame nu
B;bagage;m;;agba
B;bagarre;f;;zitoto, wowo gidigidi
B;bagatelle;f;;nùvi, nu madinu, nu ziwo
B;bagne;m;;gaho
B;bague,;f;;ga, ge, asige, afoge, aboge
B;baguette;f;;ati dze, amefoti, ati, hamble
B;baie;f;;kutsetse
B;baigner;vt;;lé tsi na ame
B;bail;m;;gege, anyigbagege
B;bailler;vt;;ge nu
B;bâillement;m;;haha
B;bâillonner;vt;;té nu de nu me na ame
B;bain;m;;tsilele, tsileîe
B;;;de;mer fulele
B;baiser;vt;;dudo nù na ame
B;baiser;m;;nùdudo, nùgbugbo
B;baisser;vt;;didi nu d'anyi
B;;;la lampe;bobo dzo, tè dzo (akadi) de eme
B;;;le pavillon;didi aîlaga
B;;;la tête;bobo ta
B;;;les yeux;miâ riku
B;;;les prix;de asi nu dzi
B;baisse;f;;dededa, wezuzu
B;;;de prix;asidede nu dzi
B;bal;m;;ge, gedudu
B;balai;m;;abaya, ha, atihali, abayaha
B;balance;f;;nudanu, nudamô, — nusosokpo
B;balancer;vt;;da nu
B;;;les bras;nyê abo
B;balancement;m;;dada
B;balançoire;f;;amedakeke, todotodoe
B;balayer;vt;;kplo nu, kplo nu na
B;;;la chambre;kplo home
B;;;l'ennemi;nyâ futowo
B;balcon;m;;ablanda, akpata
B;baldaquin;m;;dzoya, katamâ, tsï
B;ballast;m;;agba
B;balle;f;;bol, bolu
B;;;de;fusil tukpe
B;ballottement;m;;dada
B;ballon;m;;bol gâ
B;balloter;vt;;nyê nu
B;bambin;m;;devi sue, vi fê
B;bambou;m;;pampru
B;ban;m;;gbefàdede
B;bananier;m;;akoduti
B;banc;m;;amagui, zikpui
B;;;de sable;kekpo, agbô
B;;;d'huîtres;adzakpo
B;bandage;m;;nublanu, nubabla
B;bandeau;m;;nublanu
B;bandelette;f;;nublanuvi, nublakavi
B;bander;vt;;bla nu
B;bandit;m;;adzodala, godzela banne î tsikpo, tsokpo
B;bannir;vt;;nyâ me le anyigba dzi, de ame de go
B;bannissement;m;;amenyanyâ dzo le ame de, ame nyadegbe
B;banquet;m;;kplôdodo, aglotutu
B;;;sacré ;-eucharistique
B;banquier;m;;gadudola
B;baobab;m;;adidoti
B;baptême;m;;mawutsideta
B;baptistère;m;;Mawutsidetafe
B;baptiser;vt;;de Mawutsi ta na ame
B;baquet;m;;go, ze
B;baraque;f;;atihoe, abayahoe, asadahoe, agbado» barbare a gbemeto, ame manyanu, riutasêla
B;barbarie;f;;anyrâwowo, riutasesê
B;barbe;f;;gè
B;barbiche;f;;gbôgee
B;barbier;m;;gelûla, takola, dalula , talûla
B;barbouillier;vt;;îo di nu, si nu de nu nu
B;baril;m;;atigo, go
B;baromètre;m;;hehemefianu
B;baron;m;;amegâ, bùbume
B;barque;f;;wu, batala, aklo
B;barrage;m;;mohehe
B;barreau;m;;gati
B;barre;f;;futsotsuiwo
B;barrer;vt;;he mo, tu mp na nu
B;barricader;vt;;he mp
B;barrière;f;;moheti, mohenu
B;là-bas;adv;;afimâ, anyigodzi
B;bas;m;;anyinu, gome
B;bas;m;;afowui
B;bas-fond;m;;we, vveme, abu
B;basilique;f;;Mawuho gâ
B;basse;f;;gbe gâ (hadzidzi)
B;basse-cour;f;;lâkpo, lâho
B;bassin;m;;agba, kolo, kposi, gagba
B;bastion;m;;môgâ gli sesê
B;bas-ventre;m;;fo, dome, yome
B;bataille;f;;awakpekpe, awawowo
B;;;navale;awa le fu dzi, fudziwa
B;bataillon;m;;asrafoha, gbadagbaha
B;bâtard;m;;ahasivi, gbolovi. Gâteau m wu, méli
B;;;de;guerre awawu
B;le-;part;;Wu ho
B;bâtiment;m;;ho, hotutu
B;bâtir;vt;;tu ho. Mton m ati
B;bâtonner;vt;;îo ame kple ati
B;bâtonnier;m;;atikploto
B;battement;m;;îofo, îufu
B;;;de cœur;dzidzodzo, dzitsotso
B;;;des mains;asikpoloeîufu, asikpeîofo
B;;;du pouls;wu îe sisi
B;batterie;f;;avuwowo, foîo
B;battre;vt;;îo nu, to, gbâ, du ame dzL
B;;;le tambour;fo wu
B;;;q. à coups de poing;da ko ame
B;;;à plate couture;îo ame kakaka
B;;;du blé;fo bli, to lu
B;;;du fer;tu ga, hlâ zu de ga dzi
B;;;les habits;îo awu
B;;;monnaie;ta ga, wo ga
B;;;du flanc;gbo îugeîuge
B;;;des mains;îo asi kploloe, da akpe, fo asikpe
B;baume;m;;ami wewê
B;bavard;m;;ayoyo, nukpotuikpotuiîola dzedola
B;bavardage;m;;nyatoîitoto, ahatsekaka
B;bave;f;;ade, futukpô, ku, ta
B;béatifier;vt;;de gbe fa le amekuku riuti be wôazu yayirato
B;beaucoup;adv;;gede, sogbo, fû, sonson, tan, zâ kpi
B;;;mieux;enyo wu fû
B;;;trop;sogbo akpa
B;beau-fils;m;;toyovi, visrônutsu, vinyohu fe srô
B;beau-frère;m;;nyo
B;beau-père;m;;to
B;beauté;f;;nyonyo, anidzidzi
B;;;mâle;dekadzede
B;;;féminine;tugbedzedze, tugbenyonyô, tugbe
B;l)ébé;m;;vidzï, vidzïe, vidzê, vi fê, riane
B;bec;m;;do
B;;;nuptiale,;alolélé îe yayira
B;bécane;f;;keke, gaso
B;bêche;f;;sofi
B;bêcher;vt;;nlo, gudu, dzobo anyigba
B;becqueter;vt;;to do nu, fo nu anyigba kple do
B;bedeau;m;;mawuhome nuwo dzikpola
B;bégayer;vt;;koko, kuku ade
B;begayeur;m;;kokola, adekukula
B;bêler;vt;;hlô abe aie ene
B;bêlement;m;;hohlô abe aie ene
B;belette;f;;agblegbolê
B;bélier;m;;alêtsu, agbo
B;belle-fille;f;;visrônyônu
B;belle-mère;f;;lôho
B;belle-sœur;f;;srôdianyônu, nyô, asigâ, as idee
B;belligérant;m;;awawola. Belzébuth m abosam
B;bénédicité;m;;gbedododa le nududu ngo
B;bénédiction;f;;yayira, getrome subosubo
B;;;de Peau;tsikokoe wowo
B;;;nuptiale;alolélé fe yayira
B;;;d'une église;mawuho yayira, mawuho nuti-koko
B;;;sacerdotale;mawununola îe yayira
B;bénéfice;m;;vide
B;benêt;m;;bometsila
B;bénignité;f;;domenyonyô
B;bénir;vt;;yira ame, (nu) kaîu ame, ko nu nuti
B;;;Dieu;kafu Mawu
B;;;un mariage;na yayira srôdelawo
B;bénitier;m;;tsikokoego
B;béquille;f;;ati todenu
B;bercail;m;;alêho, alêkpo
B;berceau;m;;vidzî îe abati
B;bercer;vt;;da vidzï
B;;;q. de promesses;ble ame
B;béret;m;;kuku nogoe
B;berger;m;;alêkploîa
B;bergerie;f;;alêho, alêkpo
B;berlue;f;;fuflu, motatra
B;berner;vt;;dzi ge ame nu, ka ahatse ame nu, flu ame
B;besogne;f;;do, dovvpwo
B;bestiole;f;;lâvi
B;bétail;m;;lâwo, afemelâwo
B;beuglement;m;;gbetete, gbedede
B;beurre;m;;butru, bota
B;bévue;f;;dzidada, vodada, dadafu: faire une-da vo, da nu dzi
B;biais;m;;abutotro, abudidi
B;biberon;m;;notsinotukpa. Bible î Biblia kokoe, Nurionlo kokoe
B;biche;f;;luno, tono
B;bicycliste;m;;gaspdola
B;bidet;m;;so diku
B;bidon;m;;go, akpogo, kplu
B;bien;m;;nu nyuie
B;bien-être;m;;nyonyô, modzeanyi
B;bienfaisance;f;;domenyonuwowo
B;bienfait;m;;domenyonu
B;bienfaiteur;m;;domenyonuwola
B;bienséance;f;;dokuilélé nyuie, v^udodo
B;bientôt;adv;;teîe medidi o, teîe medzidzi hafi o
B;bienveillance;f;;domenyonyô, lolô nyuie
B;bienvenue;f;;dzâdodo na ame
B;bière;f;;amekukudaka, amekukugbati
B;bière;f;;aha, liha
B;biffer;vt;;te fli de nu me, tutu nunonlo
B;;;q. de la liste;te fli ame îe nko me le agbalê me, tutu ame nko
B;biffure;f;;flu, flui, flitete de nu me
B;bigamie;f;;nyônuvedede
B;bigame;m;;nyônuvedela
B;bijou;m;;dzonu, kpe hoasi, îewuinu, sikanu
B;bijoutier;m;;dzonuwola, sikadariuwola
B;bilan;m;;akontabubu, numebubukpo, nusosokpo
B;bilieuse;f;;asrâ dze nudza
B;bile;f;;vevee, adrufe
B;billard;m;;feîe ade kple boluwo
B;billet;m;;agbalêvi, monagbalê
B;;;de;banque gàgbalê
B;;;d'entrée;monagbalê, gegedemegbalê
B;bimbelot;m;;îeîenu
B;binocle;m;;tsitsi, gankui
B;bis;adv;;zi eve
B;bisaïeul;m;;togbotogbui
B;bisaïeule;f;;mamâmamê
B;biscuit;m;;akpono vivi
B;bitume;m;;anyigbameno
B;bivouac;m;;asadaboîe, asada me
B;bizarrerie;f;;nukuwowo
B;blaireau;m;;lûmô, hotoklo — anosinu
B;blâme;m;;mokaka, nkumekaka
B;blâmer;vt;;ka nkume na ame, blu de ame ta
B;blanc;m;;yevu, yovo, yovu
B;blanchir;vt;;wo nu gie
B;;;un mur;si akalo na gli
B;;;le linge;nyâ avo
B;blanchissage;m;;nunyanyâ
B;blanchisseur;m;;nunyâla
B;blasphème;m;;busunyagbogblo de Mawu nuti^ busubobo
B;blasphémer;vt;;gblo busunya de Mawu nuti
B;blé;m;;li (bli, molu, fo etc.) nuwawâ
B;;;q. d'un coup de fusil;de abi ame nu kple tu, fo tu ame
B;blessé;m;;abito, abihola, abinu
B;blessure;f;;abi
B;bleuir;vt;;de blo nu
B;blinder;vt;;do ga nu nu
B;bloc;m;;kpo
B;;;de;bois atikpo
B;bloquer;vt;;de to de nu nu, îo hlâ nu
B;boa;m;;wo, da gâ ade
B;bocage;m;;avevi, ave kododo
B;bocal;m;;agbovoe, atukpa
B;bœuf;m;;nyitsu, nyi tata
B;boire;vt;;no nu, fu nu nû nu
B;;;de la bière;no liha
B;;;dans;une calebasse : no nu le tre me, fu nu tre nu
B;bois;m;;ave
B;;;de;chauffage nake
B;;;à;la santé de q
B;boisseau;m;;blidonu, tre, boisson î nunono
B;;;aux lettres;letadaka, agbalêdodaka
B;boiteux;m;;abutola, abuno
B;bol;m;;go, kopo
B;bombarder;vt;;da aprim de nu dzi, da tu de nu dzi
B;bombardement;m;;tudada, aprimdada de nu dzi
B;bombe;f;;tukpe gâ
B;bomber;vt;;ha nu
B;bonbon;m;;gbetike, kpetike
B;bonheur;m;;dzogbenyuie, aklamâ
B;bonhomme;m;;ame domenyoto
B;bonification;f;;dododo
B;bonifier;vt;;do nu do
B;bonne;f;;vitsola, nonala, vidzïkpola
B;bonnement;adv;;fâ
B;bonnet;m;;kuku
B;bonté;f;;domenyonyo domenyo
B;bord;m;;toga to, nu, koto, kogo, ta
B;border;vt;;fo hlâ nu, fo nu to, de to de nu nu
B;borgne;m;;nkudekato, nkudeke
B;bornage;m;;lifododo
B;borner;vt;;do liîo na nu, de lifo
B;bosquet;m;;avevi, ave kododo, aveko
B;bosse;f;;kpo, kpododo
B;bossu;m;;kpono, dokpo, glebeto
B;bottier;m;;afokpatola
B;bottine;f;;afokpa nyuie
B;bouc;m;;gbôtsui, atsu, agbo, atokui
B;bouche;f;;nù
B;bouchée;f;;alogomedede
B;boucher;vt;;tu nu, he nu
B;;;une bouteille;tu koke atukpa nu, tre abodiabo nu
B;boucher;m;;lâtsola, lâwula
B;boucherie;f;;lâtsoho, lâtsofe
B;bouchon;m;;nutunu, nutuvi, koke
B;boucle;f;;pesepesi, da totroe
B;boucler;vt;;tro pesepesi
B;bouclier;m;;akpohonu
B;boudeur;m;;tamesesêto, adâdola, moyola
B;boudin;m;;blon, lâti
B;boudoir;m;;nyônu îe home
B;bouffon;m;;nudikokoewola, ahlôewola
B;bouffonnerie;f;;ahatsekaka, kodidi, ahlôewowo, nu dikokoewowo
B;bougeoir;m;;akaditi
B;bougie;f;;vele, bosomi, bosomikadi
B;bougre;m;;yakame
B;bouillaison;f;;tsitsi, wâwâ, hoho
B;bouillie;f;;dzogbo, gugube, akatsa, agodo, akplë
B;bouillon;m;;fu, flu, fluko
B;bouilloire;f;;\
B;bouillotte;f;;/ gaze'
B;boulanger;m;;aboloîola
B;boulangerie;f;;abolofofe
B;boule;f;;nu nogô, nu mligo, bol
B;boulet;m;;tukpe
B;boulevard;m;;mo keke
B;bouleverser;vt;;mû nu, gblê nu
B;boulon;m;;gameti, da
B;bouquet;m;;sefoîobabla
B;bouquin;m;;agbalê hoho
B;bourbe;f;;ba
B;bourbier;m;;si, agbi, ba, banyigba
B;bourdon;m;;mozola fe ati, mozoti
B;bourdon;m;;ga gâ. 5* bou — bou
B;bourdon;m;;anyifomewola
B;bourg;m;;asidu, gbo
B;bourgeois;m;;afevi, ablodevi
B;bourgeon;m;;gbo, ati îe nku, seîoîo makemake
B;bourreau;m;;blafoa, ametsola, fudela, amewula
B;bourreler;vt;;de îu na ame
B;bourrer;vt;;yo nu, de nu nu me
B;;;la pipe;de atamâ zi me
B;;;à;quêter gadzokotoku
B;boursoufler;vt;;vu nu, do atse
B;bousculer;vt;;da nu nyamanyâma, mimi ameno-eawo
B;bousillage;m;;dowowo nyamanyâma
B;bout;m;;nu, nuwuwu, nulso, sefe
B;bouton;m;;awunugbui. — gbo îoîoe garnir un habit de-de awunugbui awu nu
B;boutonner;vt;;do awunugbui
B;boutonnière;f;;awunugbuido
B;bouvier;m;;nyikplola
B;bouvreuil;m;;hevi ade
B;boxer;vt;;tu ko ame, da kg
B;boyau;m;;dgka, dgvi
B;bracelet;m;;abgga, algnuga
B;braillard;m;;glidola
B;braise;f;;dzohghg
B;brancard;m;;agba, nutsgnu
B;branche;f;;alg, algdze
B;brandiller;m;;nyê nu
B;;;les bras;nyê abg
B;;;le fouet;da atam
B;brandon;m;;akati, akakati
B;branle;m;;nyenyê, wawâ
B;branle-bas;m;;momlo, tgtrg
B;branler;vt;;Avâ, wu\vu, mû, fo, dzo
B;bras;m;;abo, alg
B;braser;vt;;tre ga
B;brasier;m;;dzobibi, dzohoho
B;brasser;vt;;blu nu, da liha, fa liha
B;brasseur;m;;ahafala, ahadala
B;brasserie;f;;lihadafe, lihafafe
B;bravade;f;;adegbefofo
B;brave;m;;kalêto, dzidefoto
B;bravement;adv;;kalêtoe, dzidefotoe
B;braver;vt;;tsitre de ame nu, da nya de ame gbo
B;bravoure;f;;kalêwowo, dzidodo, nkumesesë
B;brebis;f;;aie
B;brèche;f;;nene, gbagbâ, noriofe
B;breloque;f;;nu madinui
B;breuvage;m;;nunono, ahadada
B;brevet;m;;agbalê, dasegbalê
B;bréviaire;m;;manununola fe gbedodagbalê
B;bricole;f;;nu madinui
B;bride;f;;numega, sokploka
B;brièveté;f;;kpuikpui, kpuime, kpuiwowo
B;brigade;f;;gbadagbaha, asrafoha
B;brigand;m;;adzodala nuhala
B;brigandage;m;;adzodada
B;briguer;vt;;dzi nu vevie, ti nu yome
B;brin;m;;aîoti, afo, ahôliti, akpa
B;;;de;paille gbeîoti
B;brique;f;;anyikpe
B;briquet;m;;dzosinu
B;briquetier;m;;anyikpemêla
B;briqueterie;f;;anyikpemêîe
B;brise;f;;yâ
B;;;du;soir afeyâ
B;;;de mer;fuyâ, îiîi
B;brisant;m;;îutsotsoe, fu fe agbodzdze, îutsoisuiwo
B;briser;vt;;ne, gbâ, ka nu
B;;;un bâton;ne ati
B;;;la porte;gbâ wotru
B;brisement;m;;riene, kaka, gbâgbâ, dzedze
B;brocher;vt;;bla nu
B;;;un livre;bla agbalê, do akpa îlaîlë na agbalê
B;brochure;f;;agbalëvi
B;brodequin;m;;afokpa
B;broder;vt;;lô nu
B;bronze;m;;ga dzê
B;brosser;vt;;kplo awu nuti, kplo nu nu kple blosu
B;brouillard;m;;aîu
B;brouille;f;;dzrè
B;brouillamini;m;;toto nyamânyamâ
B;brouiller;vt;;tsaka nu
B;brouillon;m;;dzrèwola
B;brout;m;;do, dzedze, vi
B;brouter;vt;;du gbe, du nu (la)
B;broyer;vt;;tugu, gli nu, nyi nu, nyô nu, to nu
B;bruit;m;;didi, zi
B;brûler;vt;;bi, bi dzo, fia nu
B;;;d'une flamme vive;bi hê
B;;;(les;aliments) ze fia
B;;;la cervelle à q.;fo tu ame
B;;;le pavé;fu du sesiê
B;brûlure;f;;dzobi
B;brume;f;;afu
B;brusquer;vt;;fé ame da, te ame
B;brutaliser;vt;;wo any ira le ame nu, wo funyafunya
B;brutalité;f;;anyirawowo, nlomiwowo, riutasesê
B;brute;f;;la
B;bruyère;f;;gbeme, ati dodoe, dzogbe
B;buanderie;f;;nunyâfe
B;bûche;f;;atikpo
B;bûcher;m;;nakeko
B;bûcher;vt;;kpa nu
B;bûcheron;m;;atitsola
B;buffle;m;;to, avenyi, gbenyi
B;bugle;f;;kpe
B;buisson;m;;gbeme, adzakpasu
B;bulbe;f;;sabala, nudodo
B;bulle;f;;fufu. — Papa îe leta gâ
B;bulletin;m;;agbalêvi, nyadzogbalé
B;bureau;m;;nunloho, nuinlôkplô
B;burette;f;;atukpavi
B;burin;m;;pe
B;buriner;vt;;kpa nu, kpa nu nu, flo nu me
B;buste;m;;ametatakpui
B;but;m;;tadofe, defe, nusi ta wowo nu do, asinyi-doîe, nudzidze
B;;;contre un caillou;kli kpe
B;butin;m;;(chasse) adégbenu
B;;;(guerre);aboyo, aboyonu, afunyinu
B;buvette;f;;ahadzrafe
C;buveur;m;;ahanola, ahamûla, nunola
C;;;et là;adv geadewogi
C;ça;adv;;aîi, afisi
C;cabaner;vt;;tu agbado
C;cabaret;m;;ahadoîe, ahadzeîe
C;cabaretier;m;;ahadzrala
C;cable;m;;atagbuika
C;câbler;vt;;nlo nu to ka me
C;cablogramme;m;;telegram to fumeka me
C;cabri;m;;gbôvi
C;cabriolet;m;;tasiadam
C;cacao;m;;koko
C;cacaotier;m;;kokoti
C;cache-cache;f;;gaglewowo, bebe, kurukuru»
C;cacher;vt;;gla nu
C;cachet;m;;nkotanu, nutata de nu dzi
C;cacheter;vt;;tre nu (leta)
C;cachot;m;;gaho
C;cachottier;m;;zânuwola
C;cadavre;m;;amekuku, nukuku
C;cadeau;m;;nunana
C;cadenas;m;;kladoba, akrando
C;cadence;f;;gbesosg le gbe didi gome
C;cadencer;vt;;so gbe le gbedidi nu
C;cadet;m;;devito, yometo
C;cadran;m;;gaîodokui îe nkume, gafofo îe mo
C;cadre;m;;kpototo de nu nu, ati si noa nuto
C;mal-;m;;kpenui, kponuikuku, ku kpenui
C;cafard;m;;kakalaka, gbagblawudza, gbagbladza
C;café;m;;kafe, kofi
C;caféier;m;;kofiti
C;cafétière;f;;kofikplu, kofize
C;cage;f;;la fe gaho, adza, hadza
C;cahier;m;;agbalë
C;cahoter;vt;;tu, da, dzobo, wuwu nu
C;cailler;vt;;bla
C;caille;f;;tegli
C;caillou;m;;kpekpui
C;caïman;m;;lo
C;caisse;f;;adaka, gadaka
C;caissier;m;;gadzikpola, gahela
C;cajoler;vt;;do vivi de ame nu, wo (du) ape
C;cajolerie;f;;vividodo de ame nu, apeyoyo, apedudu (wowo)
C;cajoleur;m;;apewola, apedula, apeyola
C;calamité;f;;dzogbevôe, nyavôe
C;calciner;vt;;mê nu, fia nu
C;calcul;m;;akontabubu
C;;;mental;tamekontabubu
C;calculer;vt;;bu akonta
C;cale;f;;to, futa
C;cale;f;;anukofo
C;calebasse;f;;tre, akpaku, gô
C;calèche;f;;tasiadam
C;caleçon;m;;godui, godoe, awute 'tawui, agboté
C;calembour;m;;ahaisekaka, je le ferai aux calendes grecques : ne koklowo to adua, ma woe
C;calendrier;m;;nkekegbalê
C;calepin;m;;agbalêvi
C;caler;vt;;de ati nu te
C;calice;m;;kopo, akongui *kokoe
C;câlin;m;;apewola, apeyola, apedula
C;câliner;vt;;do vivi de ame nu, yg ape, du ape
C;calme;m;;yâlele
C;calmer;vt;;fa dome na ame, ko mo na ame
C;calomniateur;m;;amegomezola, amenulïla, ameîi-dzula, amenkogblêla
C;calomnier;vt;;lï ame nu, gblo ame nya, fi ame dzu, wo apasa, gblê ame nko
C;calorifère;m;;kpo
C;calvitie;f;;tabebe, koko
C;calquer;vt;;ta nu de nu me
C;camarade;m;;hati, havi, amenutinola, ameha
C;;;de voyage;mozohavi, holômozola
C;;;d'école;sukuhavi
C;cambriolage;m;;kpodzede, adzodada
C;cambrioler;vt;;da adzo, ne de ho me
C;cambrioleur;m;;adzodala, kpodzela, fiafito
C;caméléon;m;;agamâ, litsa
C;camion;m;;keke, tasiadam
C;;;automobile;lorry, tsokeke
C;camp;m;;asadabo e, asada me
C;campagnard;m;;gbemeito, agbledela
C;campanile;m;;gaho, towoa
C;campement;m;;asadabofe
C;camper;vt;;do asada
C;canaille;f;;yakame, gbevu, busuto
C;canal;m;;tsimo, toWu, tsitronu
C;canard;m;;kpakpahe
C;canari;m;;baka, ayirabi
C;cancan;m;;hohlô abe kpakpahe ene
C;cancre;m;;akpa, do dzê — yakame
C;cancrelat;m;;kakalaka, gbagbladza
C;candélabre;m;;akaditi
C;candidat;m;;dodzila
C;caneton;m;;kpakpavi
C;canevas;m;;avo sesê ade, nutata, afokpavo
C;canif;m;;hevi, atimehe
C;canne;f;;ati, tsaditi, ayeti
C;;;à;sucre îoîon
C;cannibale;m;;amelâdula
C;cannibalisme;m;;amelâdudu
C;canon;m;;aprim
C;canon;m;;kpodenu, ha îe se
C;;;de la Messe;Missa gbedododa ade
C;canoniser;vt;;de gbe fâ be amekuku enye kokoe
C;cannoner;vt;;da tu de du me
C;cannonier;m;;aprimdala
C;canot;m;;lëvvu, agovvu, batala
C;canotier;m;;lêwukula, batalakula
C;cantique;m;;hadzidzi kokoe
C;cantonnement;m;;dzedze, asadabofe
C;cantonner;vt;;dze ame gbo, bo asada
C;cantonnier;m;;motala
C;caoutchouc;m;;ane
C;cap;m;;ta, vvuta, ngogbetowo
C;capacité;f;;nutete
C;capitaine;m;;asraîowo îe amegâ, asaîohene
C;;;de;navire wumeîia
C;capital;m;;ga, dotonu, adzoga
C;capituler;vt;;na ta, tso du de asi na futo
C;caporal;m;;asraîo kahola
C;capote;f;;gbadagba îe awu wlayâ
C;caprice;m;;tamesesë, tametotro enuenu
C;capter;vt;;ho nu to adanu me
C;captif;m;;amelélé, aboyome
C;captiver;vt;;lé ame, de ame gaho me
C;capturer;vt;;lé nu, de aboyo nu
C;caquetage;m;;kpakpahe îe hohlô
C;caractère;m;;nonome, amegbeto îe nuwona
C;caravansérail;m;;amedzrodzeîe
C;carcan;m;;koga, kunyowu
C;cardinal;m;;episkopo gâ, kardinal
C;carême;m;;nublagi
C;caresse;f;;vividodo de ame nu
C;caresser;vt;;do vivi de ame nu, li asi ame nu, to' asi ame dzi
C;cargaison;f;;agba (meli îe agba dodro deka)
C;carnage;m;;amewuwu de wù me bliba
C;carnassier;m;;lâdulâ
C;carnet;m;;agbalëvi
C;carotte;f;;mitsimike, agumenu
C;carquois;m;;aku, daku, aloku, alo kotoka
C;carré;m;;dzogoene sosoe, — kpo ene sosoe
C;carreau;m;;fesrëhûhôe
C;carrefour;m;;motakpeîe, mokpeîe, motsoga, modo-goîe
C;carrément;adv;;tê, kô, fa, trala
C;carrosse;f;;tasiadam
C;carrousel;m;;kotokro, îeîefe ade
C;carton;m;;krata, agbalê titri
C;;;bitumé;ariogbalê, anopapahû
C;cas;m;;nyadzodzo
C;;;réservé;nuvô si papa alo episkopo koe atenu atsg ke
C;caser;vt;;do nu, se
C;casier;m;;drô, adakavi
C;casque;m;;kuku
C;casser;vt;;ne nu, gbâ nu
C;;;une corde;tso ka
C;;;des cailloux;gbâ kpe
C;castrat;m;;ametata
C;cataclysme;m;;dzogbevôegâ abe tododo, anyigba-wuwu ene
C;catafalque;m;;amekukudaka nyuie, agba
C;catalogue;m;;nuwoîiagbalê, katalog, asinuwo îia-gbalê
C;cataplasme;m;;abibabla, abitsyônu
C;cataracte;m;;tsitsetse, kpegbânu
C;catarrhe;m;;wodi
C;catéchiser;vt;;fia Mawunya ame
C;catéchisme;m;;hpseîiagbalê, katekismo
C;catéchiste;m;;Mawunyafiala, katekiste
C;catéchumène;m;;dzadzradonusrôla na mawutsideta
C;catégorie;f;;akpa, ha, fomevi
C;cathédrale;f;;mawuhogâ, episkopo fe mawuho
C;catholicisme;m;;katolikotonyenye
C;catholique;m;;katolikoto
C;cauchemar;m;;dzrôekuku dzino
C;cauris;m;;ho, hotsui, wotsui
C;causer;vt;;na, wo be
C;cautionnaire;m;;asifuakoto, hodakoto, asiîula ako
C;cautionner;vt;;îu asi ako de ame nu
C;cavalier;m;;sodola, soto
C;cave;f;;domeho
C;caveau;m;;domehovi, yodo nyuie
C;caverne;f;;do, lu, tonudo, kpedo, agado
C;;;buccale;alogome, alome
C;céans;adv;;aîi, aîisi
C;céder;vt;;tso nu na ame bubu
C;cèdre;m;;ati ade
C;ceindre;vt;;de to de nu nu
C;;;la couronne;no fia zikpui dzi
C;;;la tiare;du papa
C;ceinture;f;;alidziblanu, beleti
C;célébration;f;;dudu, azâdudu. Vocabulaire cél — cer célèbre a nkoriu, hgnko, nkgtg
C;célébrer;vt;;du azâ
C;;;la Messe;wo Missa
C;céler;vt;;gla, wlo nu
C;célibat;m;;srômademade, trenono, tretsitsi
C;célibataire;m;;tre, srômadela
C;cellier;m;;nudzradofe
C;cénacle;m;;nuduhg nyuie gâ ade
C;cens;m;;hehlême
C;censeur;m;;ame (nu) dolakpg
C;censure;f;;dodokpg, nkume kaka
C;censurer;vt;;he nyâ de nu nu, îo nu ame nu
C;centenaire;m;;îe alaîa deka hgla
C;centre;m;;titina, dome, nu îe titina
C;cerceau;m;;gabla, — abako (en bois.)
C;cercle;m;;tegblê, todede, îli kotoklo
C;;;(territoire);anyigba (Lomenyigba)
C;cercueil;m;;amekukudaka
C;cérémonial;m;;konuwowggbalê
C;cerf;m;;to, lu, fedekadzodeke
C;;;volant m;agbalê wako
C;cerise;f;;kutsetse dudu ade
C;cerne;m;;vvâ, tegblêfe
C;cerner;vt;;ha nu, fo hlâ, kpe nu do, de to de nu, rilo nu
C;certainement;adv;;kolokolo, vavâ, nyatefetoe
C;certificat;m;;dasegbalê, dasedigbalê
C;certifier;vt;;di dase, de asi agbalê me, ka de dzi
C;certitude;f;;nunyanya kotë, kakadedzi
C;cérumen;m;;tomemï
C;cerveau;m;;ahohô, awivvli, tame
C;cessation;f;;tsotso, nuwuwu
C;;;de travailler;dzudzo dpwowo
C;;;toute relation avec q.;de amedokui da tso ame nuti
C;chacal;m;;amegâhi, gâna
C;chagrin;m;;veve, nuhaha, konyifafa
C;chagriner;vt;;du dzi na ame
C;;;de;montagnes togbeka
C;chair;f;;la, nutilâ
C;chaire;f;;zikpui, nufiakpo, mawunyagblofe
C;;;apostolique;papa îe zikpui
C;chaise;f;;ablêgo
C;;;percée;afodzidedaka
C;;;longue;kuviablêgo. 6* cha — cha chalan (d) m wu, batala
C;chaland;m;;asiîlela
C;chalet;m;;hovi nyuie
C;;;à coucher;î anyimlpîe, hodomee, anyimloho
C;chameau;m;;kposo, kposo kpoevee
C;champ;m;;agble
C;;;visuel;kpota, nkudeîe
C;;;de;bataille avvagbedzi
C;champagne;m;;aha sesê ade
C;champignon;m;;gumekutsa, nolihehi
C;champion;m;;avvawola, dzidula le îeîe me
C;chancelier;m;;îianume, amegâ, agbonugla
C;chancre;m;;agalâ
C;chandelier;m;;akaditi, veleti
C;chanfrein;m;;so îe mrapame
C;change;m;;lidodo, gagbagbâ, mudodo
C;changement;m;;nudodo, lidodo, nutotro
C;;;d'avis;tametotro
C;changer;vt;;tro nu, do li nu
C;;;des francs en sous;tso frâ dado li su
C;;;en bien;tro dzime, do amedokui do
C;;;en mal;gblê dokui de dzi
C;;;de religion;do ha bubu me
C;;;ses dispositions envers q.;tro gbe na ame, kpasa ame do
C;chanoine;m;;mawununola gâ si ho bùbumonu ade
C;chant;m;;ha, hadzidzi
C;;;du;coq atokuku
C;chantage;m;;amebabadu
C;;;q.;dzi ha de ame nu, de ha ame
C;chanteur;m;;hadzila
C;chantier;m;;dowofe, wudzefe
C;chantre;m;;hadzila (le mawuho me)
C;chanvre;m;;anazi
C;chaos;m;;nutoto, nukaka, nyadri
C;chapeau;m;;kuku
C;;;à;haute forme atiaîoto
C;chapelain;m;;mawununola, osoîo
C;chapelet;m;;rosario
C;chapitre;m;;ta, akpa
C;char;m;;keke, tasiadam
C;charbon;m;;aka
C;charbonnier;m;;akamêla
C;charcuterie;f;;halâdzraîe, halâ
C;chardon;m;;nu, hudza, abosamgbe
C;charge;f;;nutso, agba
C;chargement;m;;agbadodo
C;charger;vt;;do agba de nu dzi, de agba nu me
C;;;q. de chaines;de ga ame
C;;;q. de coups;fo ame kpatakpata
C;;;q. de faire qc.;de do asi na ame
C;;;un fusil;sika tu, de du kple kpe tu me
C;chariot;m;;tasiadam, keke
C;charité;f;;lolô, domenyonyô, amenuveve, amehavi-lolô
C;charlatan;m;;akpaseto, kpodzidzewola, ameflula
C;charme;m;;dzo, afâ
C;charmer;vt;;du dzo, lé adze
C;charnière;f;;azâ, nubabla
C;charogne;f;;nukuku, lâkuku
C;charpente;f;;hosutiwo
C;charpenter;vt;;kpa ati
C;charpentier;m;;atikpala, kapinta
C;charretier;m;;kekekplola
C;charrette;f;;keke
C;charrier;vt;;lo nu kple keke, kplo nu kple keke
C;charron;m;;kekewola
C;charrue;f;;anyigbanlônu, yevukodzi
C;chasse;f;;adegbe, ade, adedada
C;chasser;vt;;de adegbe, da ade
C;chasseur;m;;adela
C;chasteté;f;;dzadzenono, dzadzenyenye
C;chasuble;f;;missawu
C;chat;m;;dadi, asê
C;châtaigne;f;;kutsetse dudua ade
C;château;m;;mô, fiamô, ho nyuie
C;châtier;vt;;he to na ame, fo ame
C;châtiment;m;;tohehe, ameîofo
C;chatouillement;m;;nininini, konukonui, nukokoe-dodo
C;;;une ruche;ta anyitsi, de anyitsi
C;chatte;f;;dadino
C;chaud;m;;dzodzo, dzohoho
C;chaude-pisse;f;;adudo vee
C;chaudière;f;;gazegâ
C;chaudron;m;;gazevi
C;chauffage;m;;dzododo
C;chauffeur;m;;dzodola, lorikula, wukula
C;chauffer;vt;;do dzo de nu me
C;chaume;m;;be, bedze
C;chaumière;f;;beho
C;chaussée;f;;mo tata, mo dodo
C;chausse-pied;m;;afokpadonu
C;chaussure;f;;afokpa
C;chaussette;f;;afowui
C;chausser;vt;;do aîgkpa
C;chausson;m;;afowui, afokpa
C;;;vive;akalo madamada
C;chavirement;m;;nyonyrô, gbototro
C;chéchia;f;;kuku dzê
C;chef;m;;ta, fia, amegâ, tato
C;;;d'orchestre;atidala, kpekulawo îe amegâ
C;chef-d'œuvre;m;;adanunuwowo
C;chef-lieu;m;;du, fiadu
C;chemin;m;;mo
C;;;faisant;le mo dzi, mota
C;;;battu;mo tata
C;;;de la croix;atitsoga fe mo
C;cheminée;f;;adzudzokplomo, adzoko, dzudzoti, dzo-yâme
C;chemise;f;;kamisa, awu tewui
C;chenal;m;;tsimo
C;chêne;m;;ati ade
C;chenille;f;;nô
C;chèque;m;;gagbalê
C;chercher;vt;;dzi nu, dzrô nu me
C;chère;f;;nuvividudu
C;chérir;vt;;lô ame fe nya gbo
C;chérubin;m;;dzifodolagâ, kerubim
C;cheval;m;;so
C;chevalet;m;;îuîiamô
C;chevalier;m;;sodola
C;chevet;m;;tagbe, tade, tazionu, kodonu
C;cheveu;m;;da
C;;;du;pied afpkoe
C;chèvre;f;;gbo, atokui
C;chevreau;m;;atsuvi, gbôvi
C;chevreuil;m;;zitsu
C;chevron;m;;akpale, hosuti
C;chevrotin;m;;atri, asisâ, gbôyi, gbôgbalê
C;chevrotine;f;;kabiso, hagli
C;chez;prép;;gbo, le nu gbo, le nu nu
C;;;nous;le mia 'feme aller -q
C;chic;m;;nu nyuie, adanuwowo
C;chicane;f;;nya, dzrè
C;chicaner;vt;;ve dome na ame
C;chien;m;;avu
C;;;de;chasse adèvu
C;;;de;berger alêkplovu
C;;;domestique;afenudzovu
C;chiendent;m;;bè, adzaîu
C;chiffon;m;;dovu, avokake
C;chiffonner;vt;;gudu nu
C;chiffre;m;;hehlêdzesi
C;chignon;m;;dagoe, daîoîo
C;chique;f;;dzigâ, mamidosu, zizinzosu
C;chiromancie;f;;afâkaka
C;chirurgien;m;;abiwola
C;choc;m;;\vu\vu, nututu, wâwâ
C;chocolat;m;;numevivinu, tsokoia
C;chœur;m;;hadziha
C;choisir;vt;;tsia nu, tia nu
C;choix;m;;nutsiatsia, nutiatia
C;choléra;m;;dovô ade îomevi
C;chope;f;;kgnkg
C;chopine;f;;kgnkg
C;choquer;vt;;kli, to, tu, fo nu
C;;;les verres;kpe kgnkg
C;;;q.;dia ame nu, da vo de ame nutL
C;;;choral;m hadziha, hadzidzi
C;chou;m;;amâgba ade
C;chou-palmiste;m;;aemâ, dedo
C;choyer;vt;;do vivi de ame nu, wo vi na ame
C;chrétien;m;;kristoto
C;christianisme;m;;kristotonyenye
C;christianiser;vt;;wo ame wôazu kristoto. Christ np Kristo
C;chronique;f;;nutinyagbalê, nyadzogbalê
C;chroniqueur;m;;riutinya gbalênlôla
C;chuchoter;vt;;do dalï, îi nu gblo, îo nu de gbe me
C;chuchotement;m;;dalïdodo, tomenu
C;;;d'eau;tsitsetse, kpegbânu
C;ci;adv;;aîi, îifi la
C;ciboire;m;;kopo kokoe
C;cicatrice;f;;abitefe, abidzesi
C;cidre;m;;aha
C;ciel;m;;cieux (pl) dzifo
C;cierge;m;;vele
C;cigare;m;;siga, atamati, tsaloto
C;cigogne;f;;anogi (hevi)
C;ci-inclus;adv;;le nu me, le nu huti
C;cime;f;;totame, kokofe, nutame, dagbo»
C;ciment;m;;simiti, hotuno
C;cimetière;m;;amedife, amekukubo
C;cingler;vt;;îo nkume na ame cinq a atô
C;cirage;m;;aîokpatutumi
C;circoncire;vt;;kpa
C;circoncission;f;;awatsotso
C;circoncis;m;;ametsoawa
C;circonférence;f;;nu nogo, lolome, nutomo me, ko-goe
C;circonscrire;vt;;do liîo na nu
C;circonspection;f;;belele, nudododo, wowo dododo
C;circonstance;f;;nya fe nutinu, noîe
C;circonvenir;vt;;ble, îlu ame
C;circuit;m;;hlâfofo, kogo
C;circulaire;m;;agbalê si wotsoa tsana amewo dzL circulaire a nogô
C;circumnaviguer;vt;;zo kple wu îo hlâ nu
C;;;d'oreille;tomemï
C;cirer;vt;;si ario na nu, tutu nu
C;;;les souliers;tutu afokpa
C;ciseau;m;;pe
C;ciseler;vt;;wlu nu me
C;citadelle;f;;mô, du
C;citadin;m;;dumeio
C;citation;f;;samâsamâ, yoyo
C;cité;f;;du gâ
C;citer;vt;;yo ame, kafu ame, samâ ame
C;citerne;f;;tsidzradoîe, tsido
C;cithare;f;;kasanku, sita
C;citoyen;m;;dumeto, duto, ablodeme
C;citron;m;;anuti, doriuti, mûmôe, môe
C;civet;m;;fomizilâ toto
C;civette;f;;dzogolo, kpede, aglâ
C;civière;f;;agba, nutsonu, tsikpo
C;civil;m;;ablodevi, dumeto
C;civilisation;f;;nkuwuwu
C;civiliser;vt;;wu nku na ame, he ame, fia do kuiwowo nyuie
C;clairon;m;;kpè
C;clan;m;;habobo, fame
C;;;des dents;glâ dzo nyânyânyâ
C;clarifier;vt;;wo nu woako
C;clarinette;f;;kpe, dze
C;clarté;f;;keklê, koko, kokofâ, zozrô
C;classe;f;;nusrôlawo fe akpa le suku, klase
C;classement;m;;mamâ
C;classer;vt;;ma nu
C;classification;f;;numamâ, akpa, ha
C;classifier;vt;;do nu tefeteîe
C;clavicule;f;;wozemefu
C;clémence;f;;domenyonyo
C;clerc;m;;mawununoladula si wolû dzodomeda na, agbalênlôla
C;clergé;m;;mawununolawo fe ha
C;client;m;;asiflela, asisi
C;clientèle;f;;asiflelawo îe ha, asisiwo
C;;;de Pœil;miâ nku de ame, te nku
C;climat;m;;yàme îe nonome
C;cliquetis;m;;didi gliriuglinu
C;cloche;f;;ga
C;clocher;m;;gaho, ganofe, gatowoa
C;cloîtrer;vt;;de ame sadagaho
C;clore;vt;;tu nu, wu nu
C;;;la paupière;do alô
C;clôture;f;;kpototo, adzralakpo
C;clôturer;vt;;to kpo de nu nu
C;clou;m;;gatagbadze, plego
C;clouer;vt;;klâ nu
C;;;q. au mur;klâ nu de gli nu
C;club;m;;habobo
C;clystère;m;;sasâ, bentua, sâgoe
C;coaction;f;;dzizizi, kpederiu
C;coadjuteur;m;;kpederiuto
C;coaguler;vt;;bla, to
C;coaltar;m;;ario yibo, kolta
C;cocher;m;;tasiadamkplola
C;cochon;m;;ha, prako, îêwola
C;;;de;lait havi
C;coco;m;;yevune, agone
C;cocotier;m;;yevuneti, agode
C;code;m;;sedegbalê
C;coercition;f;;dzizizi
C;cœur;m;;dzi, dzime
C;coffre;m;;adaka, drô
C;coffret;m;;adaka vi
C;cognac;m;;aha
C;cognée;f;;fia
C;cogner;vt;;fo sesie, kli
C;cohéritier;m;;domedekanyila, nudekadula
C;cohorte;f;;asrafowo fe ha
C;cohue;f;;amena, toto
C;coiffe;f;;nyonu fe kuku
C;coiffeur;m;;dalûla, gelûla
C;coiffure;f;;tatsyonu, kuku
C;cohue;f;;zitoto
C;coin;m;;dzogoe
C;;;de fer;anukofo, globoeîe
C;coïncidence;f;;kpekpe
C;coïncider;vt;;zo kplikplikpli kple nu bubu
C;coït;m;;alodzidodo, dodo kple nyonu
C;col;m;;koblanu, komeblanu
C;colibri;m;;aditsi (hevi)
C;colis;m;;agba, nubabla
C;coller;vt;;tre nu, nina nu
C;collecter;vt;;ho adzo, dzo nu
C;collectionner;vt;;îo nu fu, lo nu, îo nu
C;collège;m;;sukugâ
C;collègue;m;;hati, havi, holôvi
C;collier;m;;komedzonu, wlo, glo, anyroko
C;collet;m;;koblanu
C;colloque;m;;dzedodo
C;;;de bois;volui, aîeîlolui
C;colombier;m;;ahôneho
C;colon;m;;dutsola
C;colonel;m;;asraîowo îe amegâ, asaîohlï
C;coloniser;vt;;tso du
C;colonnade;m;;soti, akasa
C;colorer;vt;;de amâ nu, de aho me
C;colorier;vt;;de nu amâ me
C;coloquinte;m;;gusi, — ta, colossal a klitsu, gladzâ, lolo nuto
C;colosse;m;;nu klitsu, ame dzotsu
C;colporter;vt;;dzra nu le aîewo me
C;colporteur;m;;nudzrala le afewo me
C;combat;m;;awa, awawçwo
C;combattant;m;;awawola
C;combattre;vt;;wo a\va
C;combien;adv;;nenie
C;;;cela coûte-il;ho nenie ?
C;;;de temps;aleke dzidzi ? gekagi ke ? combinaison î dekawowo
C;combiner;vt;;wo deka, bu nu nu
C;comble;m;;gbososo, hosutiwo, - nudzidede (achat)
C;combler;vt;;yo nu
C;;;le louanges;kaîu ame wû
C;combustible;m;;nake
C;comestible;m;;amenyinuwo, nusi ame ate nu adu
C;comité;m;;amegâwo îe ha, komiti
C;commandant;m;;dzidula, awakplola, asaîohlï, commande î dodo, dodro, dede, nudodo
C;commandement;m;;sé, sédede, gbèdede
C;commander;vt;;de sé, du ame dzi, do
C;;;il faut;alesi edze ene
C;;;vous Pentendez;sigbe alesi nèlô ene
C;commémorer;vt;;do nku dzi, bo nu di
C;commençant;m;;gomedzela
C;commencement;m;;gomedzedze, dzitoto
C;commencer;vt;;dze nu gome, to nu gome, te kple nuwowo, to nu dzi, de asi nu me
C;commensal;m;;hati, havi
C;comment;adv;;aleke, alesi
C;;;allez-vous ?;aleke nèle ?
C;commentaire;m;;nyagomedede
C;commenter;vt;;de nu gome, de nu me, fia nu gome
C;commerçant;m;;asitsala
C;commerce;m;;asitsatsa, adzododo
C;;;maritime;todzisitsatsa
C;commettre;vt;;wo nu
C;;;un péché;wo nuvô, da vo de nu nuti
C;;;qc. à q.;tso nya de asi na ame
C;commination;f;;nodzidodo
C;commis;m;;ame dodo
C;commissaire;m;;ame dodo, tefenola
C;;;de la république;mômeîia, dzidula
C;commissionnaire;m;;agbatsola, dudola
C;commissionner;vt;;de nu asi na ame
C;communiant;m;;kommuniohola
C;communier;vt;;tso kommunio na ame
C;;;des saints;amekokoewo îe hamenono
C;communiqué;m;;nya, nya dzodzo
C;communiquer;vt;;ka nya ta na ame
C;;;avec q.;bo ha kple ame
C;commutation;f;;totro
C;compagnie;f;;ha, habobo
C;compagnon;m;;hati, havi, amenutinola, holômozola
C;comparer;vt;;so nu de nu nu, so nu kpo kple nu
C;compartiment;m;;akpa
C;compas;m;;tadoîe îianu, vvegoîianu
C;compatriote;m;;deto, aîevi, novi
C;compenser;vt;;do nu teîe
C;compère;m;;hati, havi
C;compiler;vt;;tu nu do
C;complément;m;;blibowowo, kpekpedenu
C;complètement;adv;;petepete, halihali, kenu, bliboe
C;compléter;vt;;wo nu blibo, kpe nu de nu nu
C;complice;m;;kpedenuto (le nuvôdiwowo me), complies îpl îiêgbedododa
C;compliment;m;;gbedoname, vividodo de ame nu amekaîukaîu
C;complimenter;vt;;do gbe na ame,' kaîu ame. 7* com — con
C;compliquer;vt;;toto nu, nyamâ nu
C;complot;m;;nugbedodo de ame nu, nubabla de ame nu
C;comploter;vt;;so ta de nu vôdiwowo huti
C;composer;vt;;wo nu, do nu, kpa nu, kpa nya, kpa ha
C;comprendre;vt;;se nu gome
C;comprimer;vt;;miâ nu, haha nu, mimi nu
C;compromettre;vt;;sukpa ame, do aîoku ame, do kuhi na ame
C;compte;m;;akontabubu
C;compter;vt;;bu akonta, hlê nu
C;;;sur q.;do nu de ame nu, do dzi de ame nu
C;comptoir;m;;kplô, îiase, asitsaîe, asidofe
C;computer;vt;;bu akonta
C;comte;m;;amegâ, bùbume
C;concéder;vt;;lô de nu dzi, na nu
C;concentration;f;;babla, habobo
C;concentrer;vt;;bla nu, kpe ta
C;;;son attention sur;fo ta de nu me
C;concept;m;;tamesusu
C;conception;f;;tamesusu
C;concernant;prép;;tso nu nuti
C;concerner;vt;;di, ga, hiâ, nu ka ame
C;concert;m;;sankufoîo kple hadzidzi
C;concevoir;vt;;fo îu, tso ame îe susu de nu nu, bu tame
C;concile;m;;papa kple episkopowo îe takpekpegâ
C;conciliabule;m;;takpekpe
C;conciliateur;m;;avulléla
C;concilier;vt;;lé avu, kpata ame
C;concitoyen;m;;du dekameto, novi
C;conclave;m;;kardinalowo katâ fe takpekpe de papa yeye fe tiatia ta
C;conclure;vt;;susu de nu ta be
C;;;qc. avec q*;do nui kple ame
C;concombre;m;;arianyi
C;concours;m;;dikeke, hahado
C;concurrence;f;;asimonuhoho le ame si, dikeke, zi-îoîo
C;concubinage;m;;aziâdzedze, asikedzedze, ahiâwowo
C;concupiscence;f;;dzidzi, dzodzro vôdi, nkubiabîâ
C;condamnation;f;;fobubu
C;;;à;la mort kufiatsoiso
C;;;q. à la mort;tso kuîia na ame
C;condenser;vt;;bla nu, he nu
C;condisciple;m;;sukuhavi
C;condition;f;;nonome, nusi le vevie hafi nu bubu nava
C;conducteur;m;;kplola, tato
C;conduire;vt;;kplo ame, ho ngo na ame
C;conduit;m;;tsitronu, gati nonoe
C;conduite;f;;dokuilélé, azolime, zozome, anyinono
C;confection;f;;nuwowo
C;confectionner;vt;;wo nu
C;confédération;f;;babla, dekawowo
C;confédéré;m;;dzoduholô
C;conférence;f;;takpekpe, îuîoîo
C;conférer;vt;;do adanu, li ta ta nu
C;confesser;vt;;wu nya me
C;;;ses péchés;wu nuvôwo me, wu nuvô gome
C;confesseur;m;;nuvôwosela, nuvôgomewuwusela
C;confessionnal;m;;nuvôgomewufe, nuvôwomewufe
C;confiance;f;;nudodo de ame nu, dzidodo
C;confidence;f;;nyatakaka, nyatoto na ame
C;confier;vt;;ka nya ta na ame, tso nya de asi na ame
C;;;qc. à q.;tso nu de asi na ame
C;confiner;vt;;lé ame de ho me
C;confirmation;f;;kakadedzi
C;confirmer;vt;;kpe, ka de nu dzi, do liusê ame, fu asi nya dzi, do kpe nya dzi
C;confisquer;vt;;tso fe nu, tso fe ame, ho nu le ame si
C;confiscation;f;;fetsotso
C;conflagration;f;;dzobibi
C;confiseur;m;;abolovivifola
C;conflit;m;;kpekpe, awawowo, avu, dzre
C;confluent;m;;alodze (to) alo, alodzedze
C;confondre;vt;;toto nu, blu nya, wu nya
C;conformation;f;;même, nonome
C;conformément;adv;;le nu nu
C;conformer;vt;;mê nu, so nu de nu nu
C;conformité;f;;sosome, soso
C;conforter;vt;;do nusê
C;confraternité;f;;habobo, noviwowo
C;confrère;m;;novi, hati, havi, hadekato
C;confrérie;f;;habobo
C;confusion;f;;wunyawunya, nukpedodo, toto
C;congé;m;;mokeke
C;congédier;vt;;de ame da, do mo, de ame le do me
C;congédiment;m;;dededa, dede le do me, mododo
C;congélation;f;;babla, tsibabla
C;congéler;vt;;bla, bla tsi
C;conglomération;f;;kolili, tutudo
C;conglomérer;vt;;tu nu do, li ko
C;conglutiner;vt;;tre nu de nu dzi
C;congratulation;f;;dzogbenyuiedzidzi na ame
C;congrégation;f;;fuîoîo, takpekpe, habobo
C;congrès;m;;takpekpe
C;congruité;f;;nusoso
C;conjecture;f;;susu
C;conjecturer;vt;;susu de nu nu
C;conjoint;m;;srôriutsu
C;conjonction;f;;nubabla, nyablanya, nyatsianya
C;conjugaison;f;;nuwowonya fe lidodo
C;conjuguer;vt;;do li nuwowonya
C;conjurateur;m;;hoyola, noliygla
C;conjuré;m;;dzodula, dzonyila, nublala de ame nu
C;conjurer;vt;;tà ame
C;;;contre q.;ka atam de ame dzi, bo keku de ame ta, fo nyikg de ame dzi
C;connaissance;f;;nyanya, nunya
C;connaître;vt;;nya nu, dze si nu
C;connaissement;m;;agbahogbalê
C;connivence;f;;(agir de-) wo deka kple ame
C;conquérir;vt;;du nu dzi, hg anyigba
C;consacrer;vt;;kg nu nu, yira nu, wo nu kokoe
C;;;une hostie;tro akpgng wôazu Miafetg îe nutilâ
C;consanguin;m;;wudekato
C;conseil;m;;adarïudodo, adanu
C;conseiller;vt;;do adanu na ame, hlô nu ame
C;conseiler;m;;adariudola
C;consentement;m;;nyadzilolô, nyalglô
C;conséquence;f;;nuyomenu, vevienyenye
C;conservation;f;;nudzadzrado, nudededi
C;conservateur;m;;nudzralado
C;conserver;vt;;dzra nu do, de nu da di
C;considérer;vt;;bù tame le nu nu, kpo nu da, îo asi de nya la ha
C;;;q.;kpo megbe na ame, srô ame da
C;;;q;bù ame, do koko ame
C;consigner;vt;;rilo nu di, de nu di
C;consistance;f;;lili, nusesê, kelili, wudodo
C;consistoire;m;;papa kple eîe adanudolawo fe takpekpe
C;consolateur;m;;akofala
C;consolation;f;;akofaîa, dzifafa
C;consoler;vt;;îa ako na ame
C;consolider;vt;;wo nu woasê, li nu
C;consommer;vt;;wu nu nu, wo nu do vo, du nu-drëdrê
C;consort;m;;srôhutsu, hati
C;conspirateur;m;;nublala, nugbedola
C;conspuer;vt;;de (nyô) ta de ame nu
C;constamment;adv;;gesiagi, dâyi, dâ
C;constater;vt;;do nu anyi, kpo nu be
C;constiper;vt;;he dome, être
C;constituer;vt;;do nu anyi
C;;;un gouvernement;do dzidudu anyi
C;constructeur;m;;hotula nuwola
C;construire;vt;;tu ho
C;;;un mur;do gli
C;consul;m;;fîatefenola le duta
C;consulter;vt;;bia adanu ame, do nya ta
C;;;le fétiche;de trôfe
C;consulteur;m;;adaiiudoîa
C;consumer;vt;;du1 nu, tsyrô nu
C;;;ses biens;da ahe nu, gblê ga
C;contact;m;;godoîe, asidedenunu
C;contagion;f;;dodede, adzaîonu, do si dena de ame nu
C;contagionner;vt;;de do de ame nu
C;conte;m;;gli, nyatoto
C;contemplation;f;;tamebubu, nunutibubu
C;contempler;vt;;bu tame le nu nu
C;contempteur;m;;vlodola
C;contenance;f;;emenya
C;contenir;vt;;ho, le nu me
C;contentement;m;;riudzedze, modzeanyi
C;contenter;vt;;fa ako na ame
C;se-;v;;nu su ame nu
C;contention;f;;dzrèwowo
C;conter;vt;;gblo nya fia, to nu, hlê nu fia
C;contestation;f;;dzrewowo
C;contester;vt;;he nya, he dzre, wli nu, ke di, do adika
C;conteur;m;;nyatola, gblola
C;continence;f;;nudodo — dzadzenono
C;continent;m;;anyigba
C;contingence;f;;aklamâdidi
C;continuellement;adv;;tegbe, dâyi
C;continuation;f;;dziyiyi
C;continuer;vt;;yi nu dzi, to nu dzi
C;contorsion;f;;totro, ahlôe
C;contour;m;;nutowo
C;contourner;vt;;ta nu, de to de nu nu, tsa fo hlâ
C;contracter;vt;;he nu fo îu, wu nu
C;;;une alliance;bla nu, du dzo, nyi dzo
C;;;une amitié;dze holô ame
C;contradiction;f;;dekïemidede, adikadodo, tsitretsi-tsi de nu riu
C;contraindre;vt;;zi ame dzi
C;contrainte;f;;dzizizi
C;contrairement;adv;;bubui
C;contrarier;vt;;de deklemi, tsitre de ame fe nya riu, ve
C;contrariété,;f;;domeveve, amenudiadia
C;contraste;m;;tsitretsitsi de nu riu
C;contract;m;;apa, nubabla
C;contravention;f;;sedzidada, gùdodo
C;contre;prép;;de nu nu, kpe
C;contrebande;f;;degbâgbâ
C;contrebandier;m;;degbâto, degbâla
C;contrecarrer;vt;;tsitre de nu nu
C;contredire;vt;;de deklemi, do adika, yi ate
C;contrée;f;;anyigba, denyigba
C;contrefaçon;f;;sosrô
C;contrefaire;vt;;sro nu, wo nu voadi nu
C;contrefort;m;;glifoti
C;contremaître;m;;doto, dowolawo fe tato
C;contremander;vt;;gbe nu si wodo tsâ
C;contresens;m;;nu fuflu, tamemabumabu, susu tovo
C;contretemps;m;;numadzemadze, geyigi masomaso, mohenu
C;contribuable;m;;adzonala
C;contribution;f;;nudzodzo, kpedenu
C;contristation;f;;konyiîafa, dzikudodo
C;constrister;vt;;do dziku na anie, ve dome na ame, du
C;contrition;f;;vevesese le dzime, dzigbagbâ, dzi-meveve, dzimevesese
C;contrôle;m;;emekpokpo, numedzodzrokpo
C;contrôler;vt;;kpç nu dzi, dzro nu me
C;contrôleur;m;;nudzikpola, numedzrola
C;controverse;f;;dikeke, nyahehe, deklemidede, vïi-wli
C;controverser;vt;;wli, ke di, de deklemi
C;controuver;vt;;ka awatso, vivi nu me
C;contusionner;vt;;miâ nu, mimi, tege nu
C;contusion;f;;miâmiâ
C;convaincre;vt;;ka de nya dzi na ame
C;;;q. d'un crime;lé nya de ame dzi
C;convalescence;f;;hayahaya, kakademe, lâmesêkpo-kpo
C;ce;n;;est pas-menyô o, medze o, mesg o
C;;;de qc.;do nya di, do gbe di
C;convertir;vt;;tro dzime na ame, do li nu, tro nu
C;converti;m;;amesi tro dzime
C;convier;vt;;kpe ame
C;;;q. à;yo ame de nu nuti
C;convoi;m;;kpokplodo, dododa»
C;convoiter;vt;;dzro nu vevie, bia nku, vive, klê nu
C;convoquer;vt;;yo amewo fo îu
C;coopération;f;;kpekpedenuto, asidedenuime
C;coordonner;vt;;do nuwo teleteîe
C;copeau;m;;atidzedze, atifefê, atinyanui
C;copie;f;;agbalê, ta ta, kopi
C;copier;vt;;gaiilo nu, gâta nu
C;copiste;m;;nugbugbonlola
C;copra;m;;kokote, nekokote
C;coq;m;;koklotsu
C;coque;f;;azitsro
C;coquetterie;f;;atsyodada, apedidi, aziânyahehe
C;coquille;f;;ho, hotsui, agaga, to
C;coquillage;m;;holotsu, go, wotsui
C;coquin;m;;ame dovo, amedzeha, amedra
C;cor;m;;kpe
C;corail;m;;sui, anitsriwa, adza
C;corbeau;m;;akpaviâ ,kohâ, nowonowo
C;corbeille;f;;kusi, abaka, kevi, abahe
C;corbillard;m;;amekukutasiadam
C;cordage;m;;ka, atagbuika
C;cordeau;m;;ka
C;cordon;m;;ka
C;cordonnier;m;;aîokpatola
C;corneille;f;;akpaviâ, manowo
C;corner;vt;;ku kpe, kaka nu, de gbe îâ
C;corporal;m;;avo si dzi hostia kokoe nona le missa me
C;corps;m;;nutilâ, — nu blibo
C;corridor;m;;toîe
C;corriger;vt;;do nu do
C;corroborer;vt;;ka de nu dzi, îu asi nya dzi, do kpe nu (nya) dzi
C;corroder;vt;;du nu gblê
C;corrompre;vt;;gblê nu
C;;;un juge;na zânu kodzodila, tu nù na-
C;corroyer;vt;;te kpe agbalê
C;corroyeur;m;;agbalêkpetela
C;cortège;m;;yomenolawo, amekploladowo
C;cosmétique;m;;wevCe vivi, belélé na nutiîâ fe uyonyo, damemi
C;cosse;f;;isro, go
C;costume;m;;awudodo, avotata
C;;;(humaine);ahafu, agbaîuti, ablamefu
C;;;(rivage);futa
C;côté;m;;aha, go, ablame, — gbo
C;coteau;m;;togbe, kpo
C;coterie;f;;ha, habobo
C;cotisation;f;;ganana, kpekpe de nu nu
C;cotiser;vt;;dzo nu
C;coton;m;;deti, detiîu
C;cotonnade;f;;detivo
C;cotonnier;m;;detiti
C;cou;m;;ko
C;couche;f;;aba, anyimlofe, ndobati
C;coucher;m;;anyimgmlg
C;coucher;vt;;tso ame mlg anyi, de aba ante
C;;;par écrit;nlo nu di
C;couchette;f;;abavi, abati
C;coude;m;;aboklugui, algglo
C;coudée;f;;alo, abo alà (dzidzenu)
C;coudre;vt;;tg awu, tg nu de nu nu
C;;;finement;to nu kitsikitsi
C;;;à grands coups;to nu tsakatsaka, gâgâgâ, le ata nu, le ka nu
C;couenne;f;;hayi
C;couler;vt;;tsyo nu
C;couleur;f;;amâ, ang
C;couleuvre;f;;da
C;couloir;m;;toîe
C;coup;m;;fofo, dzadza
C;;;manqué;dagbodada
C;;;de poing;kgtutu, kototg
C;;;de pied;afototo, afgtutu
C;coupe;f;;awutoto
C;coupe;f;;kplu, akogoe, konko
C;coupé;m;;gamotasiadam îe akpa deka
C;coupeau;m;;tame, kokoeîe
C;couper;vt;;lâ, sê, kpa, dza, ya nu, sê nu da
C;;;les cheveux;lû ça, fia da, ko da, ko ta, sê da
C;;;du bois :;kpa ati
C;;;un arbre;lâ ati fu anyi, dza ati, sè ati da
C;;;une oreille;kpa to
C;;;du vin;toto vé kple tsi
C;;;un animal;ta lâ
C;;;la gorge à q.;tso hlo
C;;;la parole à q.;tso (ne) nya de ame nu
C;;;avec la scie;tso nu da kple lahalaha
C;couperet;m;;yi, krante, yikpo
C;couple;m;;asi kple atsu
C;coupler;vt;;bla nuwo eveve
C;coupure;f;;lalâ, sêsë, sisi, kpakpa
C;cour;f;;hehe, hohonu, agbome, aîeme, kpome
C;cour;f;;wonudrofe
C;courage;m;;kalê, dzidodo, dzideîo, dzi
C;courageusement;adv;;kalêtoe
C;courant;m;;tsisisi, azizâ
C;courbe;f;;mo hahe, gôeîe
C;courber;vt;;bi, bo nu, ha nu goba
C;coureur;m;;dufula, dusila
C;;;à q.;îu du va ame gbo
C;;;après q.;dze ame yome, ku de ame dzi
C;;;après l'argent;dzi ga, ti ga yome
C;;;sus à q.;no ame yome, ti ame yome
C;;;à toutes jambes;îu du sesiê
C;;;d'epines;nudzakuku, nutsihe
C;couronnement;m;;îiakukudodo
C;courrier;m;;dola yoyo, — letadodo
C;courroucer;vt;;do dziku na ame
C;courroux;m;;dziku, domedzui
C;cours;m;;tofe, sisi, azigà, zozo
C;;;d'eau;tosisi
C;courtisan;m;;îiayometo, îianutinola
C;courtiser;vt;;do vivi de ame nu
C;cousin;m;;mû, tulï
C;cousin;m;;togâtodivi, fo, tse
C;coussin;m;;sudui, tazionu, sunde, kodonu, ate
C;coussinet;m;;tsihe
C;coût;m;;asi, asihoho
C;couteau;m;;he, kakla
C;;;à deux tranchants;he nu evee
C;coutelas;m;;yi, krante
C;coutelier;m;;hetula
C;;;cher;ho asi, ve
C;couture;f;;nutoto, awutoto, — toîe, tsafe
C;couturier;m;;nutçla, awutola
C;couvée;f;;azidzidodo, viîofo, tohododo, fêlele
C;couvent;m;;sadagaho
C;couver;vt;;fo vi, do azi dzi, do toho, le îê
C;couveuse;f;;koklovino
C;couvercle;m;;nutunu, nutsyonu, nutuvi
C;couvert;m;;avo, he, gaflo, gatsi kple konko
C;couverture;f;;kuntu, nudzitsyonu, nugbanu
C;couvre-chef;m;;kuku, taku, tatsyonu
C;couvrir;vt;;tsyô nu dzi, gba nu, kpla nu, do awu
C;;;un toit;gba ho
C;crachat;m;;adrufe, ahlôdede, ta
C;cracher;vt;;de ta, nyô ta (de ame nu)
C;;;dans les mains;nyô ta asi
C;craindre;vt;;vô nu
C;crampe;f;;lalia, bo, yiyi îe gadede ame, katoto avoir la-ame îe drimeka to, ame fe ka rilo, yiyi de ga ame
C;;;d'estomac;akomimli
C;crampon;m;;nuleti, apâ, agblo, numiânu
C;cramponner;vt;;lé nu de nu nu, miâ nu
C;crâne;m;;takolui, takoloe
C;crapaud;m;;bele, abeno
C;crapule;f;;amegbegblê, ame vlo, — adzodudu
C;craque;f;;ameblenya, nudikokoe
C;crasse;f;;di, difofo, fé
C;cravache;f;;atam, soba, sofoka
C;cravate;f;;komeblanu, kola
C;crayon;m;;nunloti, pensil
C;;;d'ardoise;kperiloti
C;créance;f;;hose, — fè
C;créancier;m;;fèto
C;créateur;m;;wpla
C;création;f;;wowo, hihemewowo
C;créature;f;;nuwowo, nudodo
C;credence;f;;kplôvi
C;crédit;m;;dzidodo, — hose, — agbana
C;créer;vt;;wo nu
C;crépir;vt;;do ba nu, tre ho, si akalo
C;crépuscule;m;;anyigbatsyotsyo, dzite, zâdoke
C;;;du coq;atotsu, atoge. .crétin m bometsila, — ame vlo
C;creuser;vt;;si nu, de to, no nu, ku nu, de nu, ho nu
C;;;un trou;ku do
C;;;une tombe;ku yodo
C;creux;m;;do, tome, dodede, we, gogloîe
C;;;de;la main asiwlome
C;;;d'un arbre;atitome, atiwoto
C;;;d'un;rocher kpeto
C;;;de Faisselle;ahado, ahato
C;crevasse;f;;dzedze, leîe, wowo
C;crevasser;vt;;wo nu, dze nu, îé nu
C;crever;vt;;gbâ nu, hlê nu
C;;;les yeux à q.;gbâ nku na ame
C;cri;m;;gli, glidodo, afa, hohlô, lele
C;;;de détresse;aîa (do afa)
C;;;de;guerre awagli
C;;;de joie;aseyi, aseye, aseyetsotso, aseyitsotso
C;crible;m;;asôe, atoe, nutsyonu
C;cribler;vt;;tsyo nu, no nu
C;criée;f;;awusiawu, ahunyadie, agbandzo dzadzra
C;;;au secours;do abobo, do afa, fo asi nu
C;;;contre q.;ka mo na ame
C;;;à la face de q.;do gli de ame ta
C;;;à q.;yo ame
C;;;ses marchandises;do boblo
C;crime;m;;busu, ahohlô, gùnu, nu dovo
C;criminel;m;;ahohlôbola, dohlôla
C;crin;m;;fu, da
C;crisper;vt;;tro nu pesepese
C;cristal;m;;ahûhôe, kristal
C;critique;f;;nufofo tso nu nuti, numedzodzro
C;critiquer;vt;;îo nu tso nu nuti
C;croc;m;;agblo
C;crochet;m;;awukunu
C;crocodile;m;;lo, adzakpa
C;;;à qc. (vi);ho nu dzi se
C;;;en q.;ho ame dzi se
C;croisée;f;;îesrênu, îesrênuti
C;croiser;vt;;tso, tso ga
C;;;un chemin;tso mo (me)
C;;;la mer;tso îu me
C;;;q.;tso ame
C;;;les bras;kpla abo, kpla asi ako
C;croiseur;m;;awawu
C;croissant;m;;gleti kake, sosoe, — gleti dze ave dzi
C;;;(sortir;de terre) mie
C;;;(cheveu, poil);to, do
C;croix;f;;atitsoga, nuhaha, fukpekpe
C;crosse;f;;episkopo fe atikplo
C;;;de;fusil tuzo
C;crotte;f;;ba
C;crotter;vt;;fo di nu, do ba nu, si ba na nu
C;crottin;m;;somi
C;croupe;f;;megbe, ago
C;croûte;f;;tsro, (yevu) bolo fiâfiâ
C;croûton;m;;abolofàfiâ sue ade
C;croyance;f;;hose
C;croyant;m;;hoseto
C;cruauté;f;;riutasesë, anyrâwowo
C;cruche;f;;kplu, go, kplo
C;cruchette;f;;\ i i cruchon m) kPluV1'
C;crucifiement;m;;* y , *~ À IU
C;crucifixion;f;;} kakla ^e atltso^a nu*
C;crucifier;vt;;klâ, he ame de atitsoga nu
C;crucifix;m;;atitsoga
C;crudité;f;;rilomiwowo, riutasesë
C;crue;f;;tsitsi
C;cube;m;;dzogoenenu
C;cueillir;vt;;gbe nu, nyô nu, da, ha, ke, ne, kli nu le nu nu, wo nu
C;cuiller;f;;gatsi, gati
C;cuir;m;;lâgbalê, agbadze
C;cuirassé;m;;awawu
C;cuisinier;m;;nudala, kuku
C;cuivre;m;;kobli, ga dzë, ayawoa
C;cul;m;;ago, agonu, arïlonu, kpeta, megbe
C;culbute;f;;goglomidede
C;culbuter;vt;;gbâ nu, mû nu fu anyi, tro gbo dze anyi
C;culte;m;;subosubo, konyinyi
C;;;des;idoles trôsubosubo
C;cultivateur;m;;agbledela
C;cultiver;vt;;nlo agble
C;cumuler;vt;;li ko, tu nu do, fo nu fu
C;curateur;m;;vi îe nuwodzikpola
C;curé;m;;dumawununola, dusoîo, îadagâ
C;cure-dent;m;;adumedeti
C;curer;vt;;klo nu, tutu nu, sia nu
C;curie;vt;;habobo
C;;;romaine;papa fe dzidudu
C;cuve;f;;tokpo
C;cuvette;f;;agba, mofugba
C;cycle;m;;keke, gaso
C;cyclone;m;;ahomu, yasesê, yali
C;cygne;m;;ablotsikpakpahe
D;cymbale;f;;wu ade, ga
D;d'abord;adv;;gbâla, gbâgbiagbâ
D;d'ailleurs;adv;;le aîi bubu
D;daim;m;;lu
D;dais;m;;adzoya, katama, tsï
D;damier;m;;fefenu
D;damner;vt;;bu fo, bu vlo ame
D;danger;m;;haha, kuhi, hiâhiâ, aîoku
D;dans;prép;;me, le me
D;;;Fespace d'un an;le fe deka me
D;danseur;m;;gedula
D;danseuse;f;;gedulanyonu
D;d'après;prép;;le nu nu
D;dard;m;;akplo, wû, nu, aleli. 118 dar — déb
D;;;(des insectes;ate, ti
D;;;(du porc-epic);ge, anyô, îu
D;darder;vt;;da akplô, da wâ
D;date;f;;geyigi, azâ, gleti fe nkeke, geyigi si wodo di
D;dater;vt;;nlo gleti nkeke, do geyigi
D;datte;f;;ayidi
D;dattier;m;;agiditi
D;dauber;vt;;to lâ
D;dauphin;m;;fumeha, fumeloklovi, bosotuitui
D;davantage;adv;;wu, sogbo wu, didi wu
D;de;prép;;tso, tso nu gbo, le nu nu
D;;;branche en branche;tso alo dzi heyi alo dzi
D;d'ici;adv;;tso afii
D;dé;m;;ho, hodanu, akodanu
D;dé;m;;asikuku
D;débâcle;f;;toto, bublu, dzogbevoe
D;déballer;vt;;de nu le nu me
D;débandade;f;;basabasa, madomado, sisi
D;débander;vt;;de ka
D;débarbouiller;vt;;îu mo na ame
D;débarcadère;m;;klini, lê
D;débarquement;m;;godzedze, godidi, agbadede le wu me
D;débarquer;vt;;di go, dze go, ku nu wu me, de agba ie wu me
D;débarras;m;;nudededa, agbadede, dede
D;débarrasser;vt;;tso nu fu gbe, de nu da
D;débat;m;;dzrè, dikeke, nyahehe, anukutsotso
D;débattre;vt;;he nya, tso anuku de nu dzi
D;débauché;m;;hadzela, agbedranola, anyibadanola
D;débaucher;vt;;gblê ame
D;;;q. du travail;de ame le do me, do kuvia ame» se
D;débaucheur;m;;amegblêla
D;débilité;f;;gbodzogbodzo
D;débiliter;vt;;wo lame gbodzo, ho lame ame si
D;debit;m;;asi, aîo
D;débiter;vt;;dzra nu, kpe aîo, kpe asi
D;débiteur;m;;îenyila, îeto
D;déblayer;vt;;îo nu le nu dzi
D;;;le terrain;de mo
D;déboire;m;;domeveve
D;déboiser;vt;;îo ave
D;débordement;m;;tsidodo, gogbagbâ
D;débouché;m;;dzoîe, godofe
D;déboucher;vt;;vvu atukpa, de koke le abodiabo nu
D;;;un chemin;de mo
D;déboucher;vt;;tu nu, de ka nu hu
D;débourser;vt;;do ga na ame
D;debout;adv;;te, tsitrenu, alinu, ka, dzo tsatso
D;déboutonner;vt;;de (tu) awunugbui
D;débris;m;;sonu, ze kake, nugbagbâwo
D;débrouiller;vt;;do nu, do nuwo tefeteîe, te kpo le nu nuti
D;débroussailler;vt;;tso gbe, îo ave, ha kuti
D;débusquer;vt;;nyâ nu (ame)
D;;;Pennemi;nyâ futowo
D;début;m;;gomedzedze, dzitoto
D;débuter;vt;;dze nu gome, to nu dzi
D;déça;adv;;afiigodzi, akpa sia dzi
D;décapiter;vt;;tso ta le ame nu
D;déceler;vt;;îo nu, fia ame yome mo, de nu fia, de ha."
D;décembre;m;;desember, gleti mloeto (wuievelia)
D;décerner;vt;;na, tso nu de asi, ho nu na ame
D;;;un prix;ho nunana na ame
D;décès;m;;ku, ameyinugbe
D;décevoir;vt;;îlu ame, ble ame
D;déchaîner;vt;;de ka, de ga le ame nu
D;décharge;f;;agbadede
D;déchargement;m;;agbadede le wu me
D;décharger;vt;;ku agba le vvu me, de agba le nu dzi
D;;;q. d'une obligation;de do le ko dzi na ame
D;;;un coup de fusil;da tu
D;déchéance;f;;nusêdede le ame dzi, dededa
D;déchet;m;;nugbegblê, gege, dudu
D;décheveler;vt;;vu da na ame
D;déchiffrer;vt;;hlê nya si me meko o
D;déchiqueter;vt;;ka, fli nu, gbâ nu kakekake
D;déchirer;vt;;dze, tso, là, vuvu nu
D;déchirure;f;;dzedze, dodro, wowo
D;décidément;adv;;kokôko
D;décider;vt;;do nya anyi, do nu
D;décimer;vt;;mâ nu de akpa ewo
D;déclamation;f;;nyagbogblo
D;déclamer;vt;;gblo nya
D;déclaration;f;;gbefâdede, dodo
D;;;de guerre;awadodo, awadu
D;déclarer;vt;;de gbe îâ
D;;;la guerre;do awa du
D;;;q. coupable;bu fo ame, do zemabi na ame
D;;;q. innocent;do gé na ame
D;déclin;m;;wewowo
D;déclinaison;f;;totro, lidodo
D;décliner;vt;;de nu da, gbé nu
D;;;vers la vieillesse;ku amegâ
D;;;son nom;yo nko
D;déclivité;f;;aga, abu se
D;décomposer;vt;;mâ nu, dze
D;décomposition;f;;nyunyô, vovo
D;déconseiller;vt;;hlô nu ame be woade asi le nu nuti
D;déconsidération;f;;nkogbegblê
D;decor;m;;atsyô
D;décorer;vt;;do atsyô na nu
D;décortiquer;vt;;flo, kpa, klê nu, de ku deti
D;décorum;m;;dokuilele, wudodo
D;découdre;vt;;tu nutoto
D;découper;vt;;tso nu, îli nu
D;découpler;vt;;de nu, deka nu
D;décourager;vt;;de dzi le ame îo
D;découragement;m;;dzideleameîo
D;découronner;vt;;de ku na ame, de ati ta
D;découverte;f;;nufofo, nuyeye îoîo
D;découvrir;vt;;îo nu ve, wu nu nu
D;;;un toit;klo hota, ko ho
D;décréditer;vt;;gblê ame fe nko
D;décret;m;;sedede, anyidodo
D;décréter;vt;;de se
D;décrier;vt;;gblê ame nko, gblo amenya
D;décrire;vt;;gblo ame hutinya, do
D;;;la roule à q.;do dzesi mo na ame
D;décrotter;vt;;klo, tutu nu
D;dédaigner;vt;;do vlo ame
D;dédain;m;;vlododo
D;dedans;adv;;me, eme, le nu me
D;dédicace;f;;nunukoko, yayira
D;dédier;vt;;na nu ame abe bùbudzesi ene, yayira nu
D;dédommagement;m;;nugblêîe, tefedodo
D;dédommager;vt;;tso nu de nu fe afodome, do teîe
D;déduire;vt;;de nu Iso nu me
D;défaillance;f;;gbaîa, afetro
D;défaire;vt;;wu nu, tu ka le nu nu
D;défaite;f;;gbegblê, awagbegblë
D;défaut;m;;vodada, nusi mede blibo o
D;défaveur;f;;amenumavemave
D;défection;f;;megbedede
D;défendre;vt;;wli nu ta, ho nya na ame, gbe nya
D;défense;f;;nyagbegbe, tawiWli
D;défenseur;m;;tawlila
D;déférence;f;;amebubu, sosrôda
D;déférer;vt;;do nya ho, he nya de megbe
D;défi;m;;nyadada de ame gbo, gedzidzi, gbetoame
D;défiance;f;;numadomado de ame nu
D;défier;vt;;da nya de ame gbo
D;déficit;m;;agbadudu
D;défigurer;vt;;gblê nu fe nonome
D;défilé;m;;todzimo, hahafe
D;définir;vt;;de nu gome eme ko
D;définition;f;;nugomedede eme nako
D;défoncer;vt;;gbâ nu
D;déformation;f;;nonomegbegblê
D;déformer;vt;;gblê nu fe nonome, ha nu gôgô
D;déformité;f;;ngnomegbegblê
D;défrayer;vt;;he fe de ame ta
D;;;la compagnie;do dzidzo na amewo
D;défricher;vt;;nlô anyigba, gudu anyigba
D;défunt;m;;amekuku
D;dégager;vt;;de nu da
D;dégagement;m;;nudede
D;dégarnir;vt;;de nuwo le nu me
D;dégât;m;;gbegblê, nugugu
D;dégeler;vt;;lolo (tsi babla lolo)
D;dégénération;f;;nonome gbegblê, dzodzomebubu
D;dégénérer;vt;;bu dzodzome, tro nonome
D;dégonfler;vt;;de yâ le nu me
D;dégoût;m;;nunyô, nunyônu
D;dégoûter;vt;;nyô nu na ame, ti ame
D;dégrader;vt;;do vlo ame
D;dégré;m;;kokome, dodo
D;déguisement;m;;alakpanuwowo, nonometotro
D;déguiser;vt;;wo alakpanu, trô nonome
D;déguster;vt;;do nu kpo
D;dehors;adv;;godo, gota, hihenu
D;déicide;m;;mawuwula
D;déifier;vt;;subo nu abe Mawu ene, tso nu wo mawue
D;déjà;adv;;hoho, vo, tsâ
D;déjeuner;m;;ndinududu, ndibolo, zâtadede
D;déjouer;vt;;he mo na nu
D;delà;adv;;godo, go medzi
D;délabrer;vt;;gblê nu
D;délai;m;;megbetsitsi, hehe de megbe
D;;;pour se décider;azâdodo, nunubugi
D;délaissement;m;;gbegblêdi
D;délaisser;vt;;gblê nu di
D;délassement;m;;gbodeme, didideme
D;délateur;m;;sakpleto, amegomezola
D;délayer;vt;;toto, blu nu de nu me
D;;;du vin;toto \ "t kple tsi
D;délecter;vt;;do dzidzo na ame
D;délégué;m;;ame dodo
D;déléguer;vt;;do ame
D;délice;m;;vivisese
D;délier;vt;;de, tu nu, tu ka, de ka nu nu
D;;;q. d'une obligation;de do le ame dzi
D;délimiter;vt;;de liîo na nu, do liîo
D;délinquant;m;;vodala
D;délire;m;;tagbogbegblê
D;délit;m;;vodada
D;délivrance;f;;dede, hoho, dededa
D;délivrer;vt;;de, ho ame, tso nu de asi na ame
D;déluge;m;;tsidodogâ, tododo
D;demain;adv;;etso, etso si gbona
D;;;matin;etso ndi
D;;;soir;etso fiêsi
D;demande;f;;dzidzi, biabia, kukudede. Vocabulaire dém — dém faire une-de kuku, bia nu, dzi nu
D;demandeur;m;;amesamala, nubiala
D;demander;vt;;bia, dzi nu, de kuku
D;;;qc.;bia nu
D;;;qc. à q.;bia nu tso ame si
D;;;q.;bia ame ta, dzi ame
D;;;pardon;bia tsotsoke, de kuku
D;;;conseil;bia adanu
D;;;de l'argent;bia ga le ame si
D;;;vengeance;bia hlô
D;;;à q.;bia ame se
D;;;l'opinion de q.;bia ame gbe se
D;;;son pain;bia nu
D;;;à q. ce qu'il désire;bia gbe ame se
D;;;la main d'une fille;bia nyonuvi ta
D;démangeaison;f;;fiefie, dzodzro
D;démarche;f;;azolizozo
D;démêlé;m;;dzrè, nyawiwli
D;démêler;vt;;he nya, de nu da, de vovo nuwo me_
D;déménagement;m;;dzodzo, wmvu
D;démence;f;;tsukuku, adawadzedze
D;démenti;m;;riusesê de nu nuti
D;démentir;vt;;sê nù de nu nuti
D;démettre;vt;;de nu da
D;;;q. d'un emploi;de ame le do me
D;demeure;f;;nofe, ho
D;;;en ville;no du me
D;;;en arrière;tsi megbe
D;;;dans une maison;no ho me
D;demi-frère;m;;tovinutsu, îoîovi
D;demi-sœur;f;;tovinyônu, îoîovi
D;démission;f;;ame dokui dede nume
D;démolir;vt;;tsyrô nu, mû nu îu anyi
D;;;une maison;gbâ ho, mû ho îu anyi
D;démon;m;;abosam, gbogbo vôdi, gbetsivô
D;démonter;vt;;de nu nu me
D;démontrer;vt;;îia nu kote, de nu gome, wu nu me
D;démoraliser;vt;;gblê nonome nyuie
D;dénicher;vt;;de ato
D;denier;m;;ga, ho, nudzodzo
D;;;du culte;nudzodzo na Ha la
D;dénier;vt;;se nu, mô nu, se nu de nu nuti
D;;;qc. à q.;gbe nu na ame
D;dénigrement;m;;amegomedudu, amenulïlï
D;dénigrer;vt;;zo ame gome, lï ame nu
D;dénombrement;m;;nuhehlêkpo
D;dénombrer;vt;;hlô nuwo kpo
D;dénommer;vt;;yo nko na ame
D;dénoncer;vt;;tso ame nu, sa sakple
D;dénoter;vt;;îia dzesi
D;dénoûment;m;;nya îe nuwuwu
D;dénouer;vt;;de ka, tu nu
D;;;molaire;nyigli, tsyo
D;;;de;sagesse wohee
D;;;creuse;adu kuku
D;dentiste;m;;adutikewola
D;dénuder;vt;;klo nu, de amamâ
D;dénuer;vt;;de nu da le ame si
D;dénuement;m;;îuîluinono, ziâ, ko
D;déparer;vt;;gblê nonome
D;départ;m;;hoho, tsotso, modzedze, yiyi, teteyi
D;département;m;;anyigba fe akpa
D;départir;vt;;ma nu, dzidze nu
D;dépasser;vt;;gbo ame nuti yi, to nu yi, gbo ame dzi, îo ame ta, du ame dzi
D;;;les forces de q.;wu ako lia aine, glo ame
D;dépecer;vt;;ma la, fli nu, tso nu me
D;dépêche;f;;telegram
D;dépêcher;vt;;do nu, do nu, de abla wo nu
D;dépeindre;vt;;ta nu, de nu îia, do dzesi nu
D;dépendance;f;;kùkù de nu nu, — dutadzidufe
D;dépendre;vt;;de nu di, de nu nu nu
D;dépenser;vt;;na ga, gblê ga, zâ nu, zâ ga
D;dépensier;m;;ahedala, ahedonula, gazâla
D;dépérissement;m;;gbegblê, bubu, atrigbagbâ
D;dépeupler;vt;;tsyrô duko
D;dépiécer;vt;;ma, fli, dzâ nu
D;dépister;vt;;do la, do afo na là
D;dépit;m;;domeveve, dziku, adâ
D;déplacer;vt;;tso nu do afi bubu
D;déplaisance;f;;riumadzemadze
D;déplaisir;m;;riumadzemadze
D;déplier;vt;;mlo nu, wu nu, he nu me, vlu nu me
D;déplorer;vt;;fa konyi, nu ve ame de nu ta
D;déployer;vt;;ke, ka nu, mlo nu, kaka nu, he nu me
D;;;du zèle;dze agbagba
D;;;les voiles;do abala
D;déplumer;vt;;nyô nu, tu nu, bebe fu le koklo nu
D;dépopulation;f;;dukotsotsyrô
D;déporter;vt;;nyâ ame yi duta
D;déposer;vt;;de nu di, tso nu de asi na ame, dra nu di
D;;;le fardeau;dro agba di, lé agba di
D;;;q. de sa charge;de ame le do me
D;déposséder;vt;;de nu le ame si, ho nu le ame si
D;dépôt;m;;nudzradoîe
D;;;de;marchandises agbadzradofe
D;;;(soldats);asada, gbadagbawo îe ho
D;dépouille;f;;lâgolo, lâgbalë, — aboyonu
D;dépouillement;m;;adzodada
D;dépouiller;vt;;de nu di
D;;;un animal;ko lâ, tre golo
D;;;Parbre de Pécorce;de tsro ati nu, tre (de) bo ati
D;;;q. de qc.;ho nu le ame si
D;dépourvoir;vt;;de, de nu di
D;dépravation;f;;gbegblê, vovôdi
D;dépraver;vt;;gblê ame, gblê nonome nyuie
D;déprécier;vt;;gblê nu, do vlo (nu), déprédation î adzodada
D;déprimer;vt;;te ame de anyi
D;depuis;adv;;tso geyigi mâmeke
D;député;m;;amedodo
D;députer;vt;;do ame, do ame do da
D;déraciner;vt;;de ke, ho ati, de ke nu te
D;dérangement;m;;fudede, kplamatsedodo, basa-basa, gbegblê
D;déranger;vt;;nyamâ ame, toto nu, de îu na ame
D;dérégler;vt;;toto nu, gblê nu
D;dériver;vt;;fia nu îe dzofe, tro nu tso nu gbo, tso nu me
D;;;de;l'eau : de tsi
D;dernièrement;adv;;nyitso, wë ko, eteîe medzi-dzi o
D;dérober;vt;;îi nu, wli nu le ame si, de nu ame dzi
D;dérouler;vt;;vlu nu, mlo nu, mlo nu me
D;déroute;f;;awasisi, awagbegblê
D;dérouter;vt;;tra mo, kplo ame bu
D;derrière;adv;;megbe, yôme, godo, le nu godo, le nu ha
D;;;la maison;le ho megbe
D;derrière;m;;megbe, ago, agonu, anlonu, gogo, gbi
D;dès;prép;;tso
D;désabuser;vt;;wu riku na ame, de abi dzigbo na ame, de ke le ame gome
D;désaccord;m;;gbe masomaso, dikeke
D;désaccorder;vt;;gblê nya le amewo dome, désagréable a nusi mevivi o, riumadzeto
D;désaffection;f;;malômalô, fulele
D;désagrégation;f;;gbagbâ, gbegblê
D;désagréger;vt;;gbâ nu
D;désappointer;vt;;flu ame
D;désappointement;m;;amebeble
D;désarmer;vt;;ho awawonuwo le ame si
D;;;la colère de q.;fa ako na ame
D;désarroi»;m;;bublu, toto
D;désastre;m;;dzogbevôe, nyavôe. 132 dés — dés désastreux a dzogbevôeto
D;désavantage;m;;gùgu, bubu
D;désaveu;m;;gbegbé, nusesê
D;désavouer;vt;;gbe nu, se nu, ka mo na ame
D;;;q.;gblê ame di
D;descendant;m;;megbemegbevi
D;;;chez q.;dze ame gbo
D;;;de cheval;di le so dzi
D;désemplir;vt;;de nu le nu me
D;désenchaîner;vt;;de ka, de ga ame
D;désert;m;;gbedzi, alifo, gbedadafo
D;déserter;vt;;gblê ame di
D;;;(à la guerre);si awa
D;déserteur;m;;awasila, sila
D;désespoir;m;;dzigbagbâ, dzidodobubu
D;déshabiller;vt;;de awu le nuti na ame, de awu ame nu
D;désherber;vt;;rilô gbe
D;déshériter;vt;;gbe domenyinyi na ame
D;déshonneur;m;;m&bumabu, nukpe
D;déshonorer;vt;;do vlo ame, sukpa ame
D;désigner;vt;;fia dzesi
D;désinfecter;vt;;yo nu
D;désintéressement;m;;gomemakpomakpo
D;désir;m;;dzidzi, dzodzo, vo
D;désirer;vt;;dzi nu, biâ nku de nu nu
D;désistement;m;;dokuidede le nu nu
D;désoler;vt;;ve dome na ame
D;désordre;m;;wunyavCunya, basabasa
D;désorganisation;f;;gbegblê
D;désormais;adv;;tso fifi heyina
D;despote;m;;riutasêdzidula, nutasêla
D;despotisme;m;;riutasesê
D;dessaisir;vt;;tso nu le ame si
D;despotiquement;adv;;nutasêtoe
D;dessécher;vt;;yiro, îu nu, wo nu wô aîu
D;desseller;vt;;de sokpa da
D;dessein;m;;tamedodo
D;dessert;m;;numedenu
D;desservir;vt;;îo nuwo le kplô dzi
D;dessin;m;;tata
D;dessiner;vt;;ta nu
D;dessous;m;;anyinu, gome
D;dessous;adv;;le nu te, le nu gome, dome
D;dessus;adv;;le nu dzi, dzi, dziîo
D;destin;m;;aklamâ, dzogbe, afâ, kpa
D;destination;f;;deîe, doîe
D;destiner;vt;;do nu
D;;;qc. à q.;do nu na ame
D;destituer;vt;;de nu da
D;;;q. de son emploi;de ame da le do me
D;destitution;f;;dededa
D;désunion;f;;mamâ, dekamavomavo
D;désunir;vt;;gblê amewo dome
D;détachement;m;;gbegbe, asidede le nu nu
D;détacher;vt;;de ka nu nu, lu nu
D;detail;m;;nya dekadeka
D;détailler;vt;;ma, ka, îli nu dekadeka
D;détenir;vt;;lé nu de asi
D;détériorer;vt;;gblê nu, nyi nu
D;déterminer;vt;;wu nu nu, do tame, do nu anyi
D;;;d'avance;do nu anyi di
D;déterrer;vt;;ku nu, de nu, ho nu
D;détester;vt;;lé îu nu, tsri nu (ame)
D;détour;m;;totro, — adanudui, adariudodo
D;;;du;chemin mo îe totro, mo fohlâ, (godô mo)
D;;;d'argent;agbadudu
D;détourner;vt;;tro nu tso nu gbo
D;;;q. de son devoir;de ame da le do gbo, do kuvia
D;;;le sens;tro nya fe gome
D;;;les yeux;de nku da, de mo da
D;détraquer;vt;;gblê nu, toto nu
D;détremper;vt;;de tsi nu, da nu
D;;;de la chaux;da akalo
D;détriment;m;;nuveviwpwo, gbegblê, bubu
D;détroit;m;;fuhahefe
D;détrônement;m;;îiazikpuihoho le ame si, îiadede le ame dzi
D;détrôner;vt;;de ame le îiazikpui dzi, de fia le ame dzi
D;détruire;vt;;mû nu îu anyi, tsyrô nu
D;deuil;m;;konyifâfâ, funyinyi, lutu
D;;;à-;eve kple eve
D;dévaliser;vt;;da adzo, tso nu adzui, ha nu ame si
D;devancer;vt;;le ngogbe na ame, dze (gbo) ame
D;devant;adv;;rigo, ngogbe, le nu ngo
D;dévaster;vt;;tsyrô nu, gblê nu
D;développement;m;;tsitsi, nyuiedzedze, dzedze
D;développer;vt;;wo nu woadze nyuie, tsi de dzi
D;déverser;vt;;bi, bo, via, ku nu, dze
D;dévêtir;vt;;de awu di
D;déviation;f;;totro, motatra, mobubu
D;dévier;vt;;tra, dze de aga dzi, tra mo, tra le nu dzi
D;dévider;vt;;îilo nu, mlo nu me
D;dévidoir;m;;ata, agbako
D;devin;m;;afakala, nukala, bokonua, bokono
D;dévisager;vt;;kpp ame dû
D;dévisser;vt;;tro nu le nu nuti
D;dévoiler;vt;;klo nu, de nu le nu dzi, de nu fia
D;dévoilement;m;;nudedefia
D;devoir;m;;dowgna, do
D;devoir;vt;;nyi îè le ame si
D;dévorer;vt;;du nu, mi nu
D;dévoûment;m;;dokuitsgtsg na
D;diable;m;;abosam, légba
D;diacre;m;;diakono
D;diadème;m;;îiakuku
D;dialecte;m;;gbegbggblg
D;dialogue;m;;asemkaka le ame eve dome, ame eve fe dzedodo
D;diamant;m;;kpe hoasi, lotamekpe
D;diamètre;m;;îli le nu titina, titreme
D;dictateur;m;;dzidula
D;dicter;vt;;y g nya na ame be woanlg
D;dictionnaire;m;;nyawoggmedegbalê, gbesela
D;diffamation;f;;ameriulïlï, amegomedudu, amenko gbegblê
D;diffamateur;m;;amegomedula, amenulïla, amenko-gblêla
D;diffamer;vt;;lï ame nu, fo ade di ame, du ame
D;différer;vt;;to vovo
D;différence;f;;vovo, vovototo
D;différencier;vt;;de vovototo nuwo me
D;différend;m;;vovototo, — avu, dzrè
D;différer;vt;;to vovo
D;difficulté;f;;nu sesê, nya sesê
D;difformité;f;;manyomanyo, nonome gbegblê
D;diffusion;f;;nukaka
D;digérer;vt;;fâ (nu) le do me, fafâ
D;digestion;f;;îafa le do me
D;dignité;f;;bùbu, gânyenye, wudodo
D;digue;f;;anyikpo le îu alo tosisi nu
D;dilacérer;vt;;vuvu nutilâ na ame, vuvu, dzi
D;dilapidation;f;;ahedada nu, agbadudu
D;dilapider;vt;;da ahe, du agba
D;dilatation;f;;kekeme, numehehe, kekededzi
D;dilater;vt;;kaka, keke nu de dzi
D;dilection;f;;lolô
D;diligence;f;;veviedonu, adivewowo, nuteîewowo, kpakpladzinono
D;dimanche;m;;kwasidagbe
D;;;des Ramaux;adefôwoho kwasidagbe
D;dimension;f;;lolome
D;;;vt;de nu le nu nu, kika nu ka
D;diminution;f;;wëwowo, nudede
D;dinde;f;;dokuno
D;dindon;m;;doku, dokutsu
D;dîner;m;;ndo me nududu, ndonu
D;diocèse;m;;episkopo îe dzidufe
D;diplôme;m;;-dasegbalê, dasedigbalê
D;dire;vt;;gblo nu, be, to, tsi, ka, lu
D;;;qc. à q.;gblo nya na ame
D;;;toute sa pensée;gblo nya îa
D;directeur;m;;nunola, dzikpola, nua
D;dirigeable;m;;yamewu
D;diriger;vt;;fia mo, kplo, fia, do ta
D;discerner;vt;;de vovo nuwo me
D;discipliner;vt;;he ame
D;discontinuer;vt;;dzudzo nuwowo
D;discorde;f;;dzrê, nyavviwli, avùwowo
D;discours;m;;nufofo, nyagbogblo
D;discrédit;m;;nkogbegblè
D;discréditer;vt;;fo ga de ame ta, do nukpe ame, ta ame, sukpa ame
D;discrétion;f;;tamebubu, vvudodo, nyalélé de dome
D;discussion;f;;dikeke, nufofo le nu nu
D;discuter;vt;;ke di, fo nu le nu nu, lé nya kpo
D;disette;f;;donoli, hiâhiâ, ziâziâ, nuvegi
D;disgrâce;f;;amenumavemave, amenumadzemadze
D;disjoindre;vt;;ma nu da, de nu le nu nu
D;disloquer;vt;;to, ka nu, kaka nu
D;dispensaire;m;;atikedzrafe
D;dispense;f;;mokeke, monana, gbenana
D;dispenser;vt;;ma nu na ame, de nu ko na ame
D;disperser;vt;;kaka nu, wu nu, ka nu, hlê nu
D;disposer;vt;;do nu anyi, dzra nu do
D;disposition;f;;dodo, ememamâ
D;dispute;f;;dikeke, nyahehe
D;disqualifier;vt;;wo nu wôazu manyomanyo
D;dissemblance;f;;vovototo, madimadi
D;disséminer;vt;;wu nu, kaka nu
D;dissension;f;;nyavviwli, gbemanodeka
D;dissimilitude;f;;vovototo
D;dissimulation;f;;alakpanuwowo
D;dissipation;f;;tamebubususu, tamemanoafideka
D;dissipateur;m;;nugula
D;dissiper;vt;;da ahe, gu nu
D;dissolution;f;;nyinyi, mamâ. * dissonance î gbemasomaso
D;dissoudre;vt;;de nu da
D;dissuader;vt;;hlô nu ame, gbe nu
D;distinguer;vt;;de vovo nuwo me
D;distraire;vt;;na ame îe tamesusu nadzo le nu dzi
D;distribuer;vt;;ma nu na ame
D;district;m;;anyigba fe akpa deka
D;dito;adv;;eyake, emake
D;diversité;f;;vovototo, bubu fomevi
D;divertir;vt;;do modzeanyi na ame, de modzaka na ame, do
D;diviser;vt;;ma nu me, do nu vovovo, tso nu
D;division;f;;mâ, numamâ
D;divorce;m;;srôgbegbe
D;divulguer;vt;;kaka nya, de gbe îâ, gbâ nya de amewo dome, divulgation î nukaka, gbefâdede
D;docilité;f;;tododo, tonusese
D;docteur;m;;atikewola, doyola
D;doctrine;f;;nufiafia
D;document;m;;dasedigbalê, dodokpogbalê, nyadede-fiagbalê
D;dogme;m;;nufiafia le Mawu nuti
D;doigt;m;;asi, asibide, alovi
D;petit-doigt;m;;asi kotoe, asi kotoeto. 1) pouce, 2) index, 3) doigt du milieu, 4) annu-laire, 5) auriculaire : 1) adegblêfetsu
D;dol,;m;;amebeble, ayevôdodo
D;doléance;f;;hiahiâ, a konyifaîa
D;dollar;m;;Amerika ga : frâ atô, dola
D;domaine;m;;nu, asimenu, nukpokpo
D;dôme;m;;mawuho gâ
D;domesticité;f;;subolawo, subovinyenye
D;domestique;m;;subola
D;domestiquer;vt;;mlâ la
D;domicile;m;;afe, amenofe, anyinofe
D;domination;f;;dzidudu
D;dominer;vt;;du (nu) ame dzi
D;domino;m;;fefe ade
D;dommage;m;;nugbegblê, bubu
D;domptement;m;;lâmamlâ
D;dompter;vt;;mlâ la
D;dompteur;m;;lâmlâla
D;don;m;;nunana, nukeke
D;donateur;m;;nunala
D;donjon;m;;gahome
D;donner;vt;;na. Vocabulaire don — dos donner qc
D;;;de;Pargent na ga ame
D;;;une permission à q.;na mo ame
D;;;en échange;tso nu dado li
D;;;sa vie pour q.;sa vo dokui de ame ta
D;;;à têter un enfant :;na no devi
D;;;du courage à q.;de dzi fo na ame
D;;;des enfants à q.;dzi viwo na ame
D;;;de Pombre;do vovôli
D;;;contre;kli, to, tu, fo nu, yru
D;;;droit;de mo na ame
D;;;la faute à q.;bu fo ame
D;;;une mauvaise réputation à q.;gblê ame fe nko
D;;;son assentiment;lô de nya dzi
D;;;des louanges;kafu ame
D;;;la main à q.;na asi ame
D;;;contre un arbre;kli ati
D;;;dans le sens de q.;wo deka kple ame
D;;;de Pépée;dza yi ame
D;;;sur les doigts à q.;fo asibide na ame
D;dont;pr;;amesi, si
D;dorénavant;adv;;tso egbe fe nkeke
D;dorer;vt;;fa sika de nu nu
D;dorloter;vt;;wo vivi na ame
D;;;à la maison;do ho me
D;;;à la belle étoile;do hehenu
D;dortoir;m;;anyimlofe
D;dos;m;;me, megbe, tume
D;;;(appui);medefe
D;doter;vt;;wo srônu, wo sanu
D;douane;f;;adzohofe, dênu
D;douanier;m;;adzohola, dênunola
D;doubler;v;;wo nu wôazu eve, wo fo kpli
D;doublure;f;;avo dede awu îe dome
D;doucement;adv;;blewu, dododo
D;doute;m;;adikadodo, dikeke
D;;;au toucher;boboe, bidibidi
D;;;au goût;vivi, lé ade
D;;;à l'ouie;dze to, vivi
D;doyen;m;;amehoho
D;dragée;f;;kpetike.'
D;dragon;m;;da gâ
D;drame;m;;fefe
D;drap;m;;avo, awu, do
D;;;de;lit abadzivo
D;drapeau;m;;aflaga
D;drapérie;f;;avo, awu
D;dresser;vt;;fo nu, fo nu de tsitre
D;;;des animaux;mlâ là
D;droguiste;m;;atikewola, amâtsiwola
D;droit;m;;nu dzodzoe, dzodzo
D;;;d'aînesse;ngogbevinyenye
D;dromadaire;m;;kposo kpodeke
D;duc;m;;amegâ, tato, dzidula ade
D;duel;m;;ame eve îe avvawowo
D;dupe;m;;bometsila, abuneto
D;duper;vt;;ba, ble, îlu, taîu ame
D;durcir;vt;;wo nu woasênu, sênu
D;;;de;caractère nlomiwowo
D;duvet;m;;heîu boboe, yevukpakpaheîu
D;dynastie;f;;fia fe kome, fia fe fome
D;dynamite;f;;du sesê ade
E;dysentérie;f;;sisinyenyê, sisi, wunyenyê
E;eau;f;;tsi
E;;;sale;tsi blit
E;;;baptismale;Mawutsi
E;;;bénite;tsi kgkge
E;;;douce;tsi nyiïie, tsi vivi
E;;;saumâtre;dzetsi, tsi vudui
E;;;stagnante;tsi tsokpo
E;eau-de-vie;f;;ahasesê
E;s'ébahir;v;;ame îe mo wo y à
E;ébauche;f;;tata
E;ébaucher;vt;;ta nu, kpa nu, lâ nu
E;ébène;f;;atiyi, dzeti yibo, wuyi
E;éblouir;vt;;du nkume na ame, klë de nku na ame
E;éblouissement;m;;beble, motatra, nkume dudu
E;éboulement;m;;mumû dze anyi, anyidzedze
E;ébrancher;vt;;tso alodze di, lâ alodze da
E;ébranlement;m;;dzodzo, wawâ
E;ébranler;vt;;\va nu, nyamâ, dzobo nu
E;ébruiter;vt;;do nya, de gu nu, kaka nya de amewo dome
E;s'ébruiter;v;;do amewo fe to me, de du
E;ébullition;f;;tsi fe fiefie
E;écaille;f;;tsro, akpatsa. (s*)
E;écale;f;;tsro. 146 éca — éch écarlate a dzê, biâ dzê
E;écarquiller;vt;;dra nu, ke nu me
E;écart;m;;agayiyi, totro
E;écarter;vt;;ka nu me, dra nu, de nu da
E;;;les jambes;ke ata me
E;;;ecclésiastique;a hameto
E;ecclésiastique;m;;mawununola
E;échafaud;m;;agba
E;échafaudage;m;;agba
E;échaias;m;;ati
E;échanger;vt;;do li nu, do nu, dudo nu, do adzo
E;échantillon;m;;kpodenu
E;échappement;m;;sisi, dzodzo
E;;;des mains des ennemis;si le îutowo si me
E;;;à;un danger si de edokui, ge le afoku si me
E;écharpe;f;;awudziblanu
E;échauder;vt;;îiâ nu, bo nu
E;échauffer;vt;;fu dzo, wo nu dzodzui
E;échéance;f;;azâ
E;échec;m;;bubu , anyidzedze, dzimadumadu
E;échelle;f;;atrakpui, atsrue, lia
E;échellon;m;;atrakpui fodofe
E;écheveler;vt;;vu, vuvu da
E;échevin;m;;anyidila, dumegâ
E;échine;f;;beglê, megbeîu
E;écho;m;;gbegbugbodi, gbedidi
E;échoppe;f;;agbado
E;;;(bâteau);vvu lo kpe, vtfu ha
E;éclabousser;vt;;di ba de ame dzi
E;éclair;m;;dzikedzo, kedzo, so, agblâ
E;éclairage;m;;dzosisi, keklê
E;éclaircir;vt;;si dzo, ko
E;éclairer;vt;;si dzo, na keklê ame
E;éclat;m;;didi
E;;;de rire;wu nukoko
E;;;en sanglots;fie avi
E;éclipse;f;;viviti
E;;;de soleil;ge doviviti
E;;;de lune;gleti dowusrâ, ge le gleti
E;écluse;f;;tsimohenu
E;école;f;;suku, nusrôfe
E;écolier;m;;sukuvi, sukudela
E;éconduire;vt;;nyâ ame do go
E;économe;m;;nudzikpola
E;économiser;vt;;kpo aïe dzi,, do nuhee enu
E;écorcer;vt;;de tsro nu nu, de akpa nu nu
E;écorcher;vt;;ko la, godo, tre golo, kuko nu, ti-tre nu
E;écorchure;f;;kuko, dzedze, bodede
E;écorcheur;m;;lâkola
E;écosser;vt;;wlo (dzro) nu me, klê nu, de tsro nu nu
E;écoulement;m;;dzidzi, dudu
E;;;de marchandises;asitsanu fe afokpekpe
E;écouler;vt;;dzi, dudu, si (tsi, \vu)
E;;;ses marchandises;asitsanu kpe aîo, (kpe asi), dze asi dzi
E;s'écouler;v;;tsa,, si, mie
E;écourter;vt;;kpa nu ta, tso
E;écouter;vt;;do to
E;;;à toutes les portes :;zo amewo dome
E;écraser;vt;;gbâ nu, miâ nu
E;écrémer;vt;;kpa nu le nu ngo, kpa nyinotsingo 'mi
E;s'écrier;v;;do gli, do afa
E;écrin;m;;adakavi nyuie
E;écrire;vt;;nlo nu
E;;;une lettre à q.;nlo leta do de ame
E;écrit;m;;nunonlo
E;écriture;f;;nunonlo, asinu, asinunonlo. P-sainte nunonlo kokoe, biblia
E;écrivara;m;;nunlola, agbalêwola
E;écrouer;vt;;de ame gaho me
E;écroulement;m;;nenedeme
E;écu;m;;dzesi
E;écueil;m;;aga, tomekpe
E;écume;f;;fu, flu îutukpg, fluko
E;;;(enlever l'écume);ha, alo kpa futukpo le nu ngo-
E;écurer;vt;;tutu, sia nu, kpala nu me
E;;;la vaisselle;kpala agbawo me
E;écureuil;m;;ado, kadzidoe
E;écurie;f;;lâho, lâkpo
E;écusson;m;;dzesi
E;écuyer;m;;awawonutsola, sodola
E;s'édenter;v;;bu adu, adu tu le nu me na ame
E;édicter;vt;;de se, do se
E;édification;f;;kpodenu nyuie nana
E;édifice;m;;ho gâ, hotutu gâ
E;édifier;vt;;tu ho, na kpodenu nyuie ame
E;édit;m;;sé, sedede
E;éditer;vt;;rilo agbalë
E;éditeur;m;;agbalë tala
E;édredon;m;;nugbanu, abadzivo
E;éducateur;m;;ame hela
E;éducation;f;;ame hehe
E;éduquer;vt;;he ame
E;effacer;vt;;tutu nu
E;effaroucher;vt;;do nodzi na ame
E;effectuer;vt;;wo nu
E;effet;m;;wowo, dowowo, nu, nusê
E;effeuiller;vt;;de amakpavvo le ati nu, flo angba le ati nu. Parbre est effeuillé ati la lu he
E;effigie;f;;tata, nonometata
E;s'effiler;v;;to de me, dè ka
E;effleurer;vt;;de asi nu liu, de fe nu
E;efflorescence;f;;seïofo
E;effluve;f;;sisi
E;effondrement;m;;mumû, nene de me
E;s'effondrer;v;;ne de eme, gbâ, mû
E;s'efforcer;v;;dze agbagba, wo adive, de atri, tsa asi anyi
E;effort;m;;agbagbadzedze, adivéwowo, veviedodo-nu, atridede
E;effrayer;vt;;do vovô na ame
E;effroi;m;;vovô, nodzi, vo didi,, vo dzidzi
E;effronterie;f;;amemabumabu, nyadada de ame gbo
E;effusion;f;;nukoko kokodi
E;;;de;tendresse vividodo
E;égaler;vt;;so nu
E;égaliser;vt;;dzo nu, so nu kpo
E;égalité;f;;soso, dzodzo
E;égard;m;;amebùbu
E;égarement;m;;motatra, mobubu
E;;;d'esprit;adawadizedze, tametoto
E;égarer;vt;;kplo ame bu, flu ame, kplo ame yi de motatra dzi
E;s'égarer;v;;bu mo, tra mo, trè mo, tre
E;égayer;vt;;do modzeanyi na ame
E;église;f;;Mawuho
E;egoïsme;m;;dokuilolô
E;égoïste;m;;dokuilôla
E;égorger;vt;;tso hlo
E;égout;m;;tsimo, towu
E;égratigner;vt;;de fe, da fetsu ame, ku kpanya
E;égrener;vt;;de kutsetse le nu nu
E;;;son chapelet;do Rosario da
E;égruger;vt;;gbâ bli
E;éjaculation;f;;gbekpuidododa
E;éjection;f;;nu îufu gbe
E;élaguer;vt;;lâ alodzewo da
E;élan;m;;dzodzo, hehe
E;élancer;vt;;go, fu
E;s'élancer;v;;lû, lulû, go de nu nu
E;élargir;vt;;lolo nu de dzi, keke nu de dzi
E;élargissement;m;;lolo de dzi
E;électeur;m;;ametiala, ametsiala
E;élément;m;;gomedzenu, nu gbâ to
E;éléphant;m;;atiglinyi
E;éléphantiasis;m;;zubo, zubododo
E;élévage;m;;nyinyi
E;élévation;f;;kokodedzi, anyikpo
E;élève;m;;sukuvi,, nusrôla
E;éléver;vt;;ho, ko nu de dzi
E;;;la voix;ko gbe de dzi
E;s'éléver;v;;tsitre de nu nu
E;éliminer;vt;;de nu de aga
E;élire;vt;;tia nu
E;élite;f;;ame tiatiawo, ame nyuietowo
E;éloge;m;;kafukaîu
E;éloignement;m;;dzidzime, dzidzife
E;éloigner;vt;;de nu da, he le ame gbo
E;s'éloigner;v;;dzo, te dzi, dzo ame gbo
E;éloquence;f;;adedzodzo, nunyafofo
E;élu;m;;ame tiatia, ame kokoe
E;élucider;vt;;de nu gome
E;éluder;vt;;te da le adanu me
E;émanciper;vt;;wo ame wôazu dokuisinola
E;emballage;m;;nubabla, babla
E;emballer;vt;;bla agba, do agba
E;embarcadère;m;;klini
E;embarquement;m;;Wudodo
E;embarquer;vt;;de nu Wu me
E;s'embarquer;v;;do \vu, de Wu
E;embarras;m;;nuhaha, ziaziâ, mohehe, mimido
E;;;pécuniaire;kododo
E;embarrasser;vt;;he mo na ame, haha ame do. (être)
E;embauchage;m;;amedodro
E;embaucher;vt;;da ame, dro ame, bo apa ame, to agbate ame
E;embaumer;vt;;si atike We\ve na ame
E;embellir;vt;;do atsyô na nu
E;embellissement;m;;atsyôdodo
E;d'emblée;adv;;zi deka
E;emblème;m;;dzesi, nonome
E;emboîter;vt;;de nu go me, tso nu de adaka me
E;embonpoint;m;;kpedidi, lâmekpokpo, kaklâ, lolo
E;embouchure;f;;nù
E;embranchement;m;;alo, alodzedze
E;embrasement;m;;dzobibi
E;embraser;vt;;do dzo, dra dzo, de dzo me
E;embrassement;m;;asikpakpla ko
E;embrasser;vt;;kpla asi ko na ame, dze ko dzi na ame
E;;;(entourer);fo hlâ nu, kpe nu do, tu nu
E;;;le parti- de q.;de ame dzi, ho de akpa dzi
E;;;le christianisme;tro zu kristoto
E;embrouiller;vt;;toto, nyamâ
E;embrouillement;m;;toto, nyamânyamâ
E;embryon;m;;îu, îugboe
E;embuscade;f;;ha, hadede, hatsotso
E;émerveiller;vt;;ku nu na ame, wo nuku na ame
E;s'émerveiller;v;;ame îe mo wo yâ
E;émettre;vt;;do nu da, de nu fia, di nu
E;;;une opinion;de ame îe susii fia» émeute î zi, zitoto
E;émeuter;vt;;de zi ame dome
E;émietter;vt;;gudu nu, ka nu
E;;;du pain dans l'eau;îâ abolo de tsime
E;emigrant;m;;dutayila
E;émissaire;m;;ame dodo
E;emménager;vt;;wu yi home
E;emmener;vt;;kplo ame yi, tso nu yi
E;emoi;m;;ziîoîo
E;émolument;m;;fetu, adzo
E;émonder;vt;;là alodzewo di
E;émousser;vt;;tsi nu kpo
E;émouvoir;vt;;wa nu
E;empailler;vt;;de golo nu, lo gbe de nu nuti
E;empaqueter;vt;;bla nu
E;s'emparer;v;;lé nu, ho nu kple sesê
E;empêchement;m;;mohenu, nuhehe, nusikanu
E;empêcher;vt;;he nu, tsi tre de nu nu, klo nu
E;empereur;m;;fiagâ
E;empiler;vt;;li ko nu
E;empire;m;;îiadufe. I-des morts tsiêfe
E;emplacement;m;;noîe
E;emplâtre;m;;atike sisi akalo sisi
E;emploi;m;;dowona, nutidowowo, zâzâ
E;employé;m;;dowola
E;employer;vt;;wo nu riuti do, do, dro ame, zâ mu
E;;;tous les moyens;dze agbagba
E;employeur;m;;donala, doto
E;empocher;vt;;lo nu de kotoku me
E;empoigner;vt;;lé nu, tso nu de asi me
E;empoisonnement;m;;dzodudu ame, adidede nu me*
E;empoisonner;vt;;de adi nu me, du dzo ame
E;empoisonneur;m;;dzoduameto
E;emportement;m;;dziku, domedzui
E;emporter;vt;;tso nu yi, de nu da
E;;;de haute lutte;ho nu kple sesê. V-sur q
E;s'emporter;v;;dze agbo, do domedzui
E;;;des pas;aîodoîe, afotefe
E;empressement;m;;veviedodonu, abladede
E;s'empresser;v;;de abla, wa, do vevie nu
E;emprisonnement;m;;gamedede, lélé
E;emprisonner;vt;;lé ame, de ame gaho me
E;emprunt;m;;gadodo, wotsui dodo, nugege, nudodo
E;emprunter;vt;;do ga, do wotsui, ge nu
E;emprunteur;m;;nugela, nudola, gadola
E;émule;m;;nuwlila, asitsutp
E;;;Pan ...;le îe
E;en-bas;adv;;anyi, Tanyigba
E;encadrer;vt;;de nu ati me
E;encadrement;m;;nutofofo
E;encager;vt;;de hevi hadza me
E;encan;m;;awusiawu, agbandzodzadzra
E;enceindre;vt;;de to de nu nu, îo hlâ, to kpo de nu nu
E;enceinte;f;;kpototo
E;encens;m;;lifi, kotoklobo
E;encenser;vt;;da dzo, mê lifi
E;encensement;m;;liîimêmê
E;encensoir;m;;dzodanu
E;enchainer;vt;;de ga, bla ame kple kosokoso
E;enchaînement;m;;gadede
E;enchantement;m;;dzodudu, adzelele
E;enchanter;vt;;le adze, du dzo, de kunya, dze ame nu nuto
E;enchanteur;m;;dzoduameto, dzodula
E;enchâsser;vt;;fo nu to
E;enchérir;vt;;lia nuwo îe asi, da asi de nu dzi
E;enchérissement;m;;asidada da nu dzi
E;enclos;m;;kpo, kpototo
E;;;en;bois adzralakpo
E;enclore;vt;;to, to kpo
E;;;un jardin;to abo
E;enclume;f;;zukpe
E;encombrement;m;;mohehe
E;encombrer;vt;;he mo, do agba ma nu
E;encore;adv;;hâ, ga
E;encouragement;m;;dzidefo
E;encourager;vt;;lé dzi de fo na ame
E;encourir;vt;;ge de nu me
E;encre;f;;inki, nunlotsi
E;encrier;m;;inkegoe
E;s'endetter;v;;de fe, de doku îe me, îe le àme nu
E;endommager;vt;;gblê nu, gbâ nu
E;endommagement;m;;nugbegblê, nugbagba
E;endormir;vt;;na ame nado alô
E;;;la douleur;îa veve nu
E;endosser;vt;;do awu, nlo nko de nu dzi
E;endroit;m;;teîe, nofe
E;enduire;vt;;si ano
E;endurcir;vt;;wo nu wôasesê
E;endurcissement;m;;dzimesesê
E;endurer;vt;;ku kutre, gbo dzi di
E;énerver;vt;;wo lame gbodzo
E;enfant;m;;devi
E;;;trouvé;ameîgfo
E;;;gâté;tenuwola, vidula, devi gbegblê
E;;;prodigue;vinutsu bubû
E;;;de;choeur missasubovi
E;;;de deux lits;foîovi, dadavi
E;enfantement;m;;vidzidzi
E;enfanter;vt;;dzi vi
E;enfantillage;m;;devinuwowo
E;enfer;m;;dzome
E;enfermer;vt;;lé ame de ho me, do wo de nu nu
E;s'enfermer;v;;tu dokui de ho me
E;enfiler;vt;;to nu de nu nu, de ka abi me
E;;;des perles;to dzonu
E;enfin;adv;;mloeaba, vovoe
E;enflamner;vt;;do dzo, dra dzo, le dzi de îo na ame
E;s'enflammer;v;;bi dzo, dze dzo
E;;;de colère;do domedzui, bi dzi
E;enfler;vt;;te, ho, dzi dru
E;enflure;f;;nutete, nuteame, nuîoîo
E;enfoncer;vt;;îo nu de nu me, klâ, tu, nyê nu
E;;;qc. en terre;îo nu de to
E;s'enfoncer;v;;yi to, nyrô
E;enfouir;vt;;de nu do me, de nu to
E;enfreindre;vt;;da nu dzi
E;s'enfuir;v;;dzo, si
E;enfumer;vt;;yo, yu, yiyi nu
E;engagement;m;;dodro
E;engager;vt;;tso, kpe ame, wo be
E;engeance;f;;viwo, îomevi, lânyinyi
E;engendrer;vt;;dzi vi
E;engin;m;;mô, azâ, kpâ, ayè
E;engloutir;vt;;mi nu
E;s'engloutir;v;;ku vuvo, dze ti yi to
E;engrais;m;;lâwo îe nududu
E;engraisser;vt;;klâ, da ami
E;engraver;vt;;lilo nu de ga dzi
E;s'enhardir;v;;do dzi
E;en-haut;adv;;dzi, le dzi
E;énigme;f;;adzododo, glitoto
E;enivrer;vt;;mû ame
E;s'enivrer;v;;mû aha
E;enjamber;vt;;da ata, gbo nu dzi
E;enjoindre;vt;;de se na ame, ku nya de tome na ame
E;enjouement;m;;dzidzokpoko, plasiwowo
E;enlacer;vt;;kpla, hatsa nu de nu nu, de ka nu
E;enlèvement;m;;dededa, nukoko, tètèyi
E;enlever;vt;;tso nu yi, de nu da, ko nu da, ho nu le ame si, klo nu
E;;;un pot du feu;lô ze
E;s'enliser;v;;yi to de ke me
E;ennemi;m;;futo, fuléla, keto, kèléla. Vocabulaire II enn — ent
E;ennui;m;;modzaka, nkumekaka, dgmeveve
E;enquête;f;;nyaggme kùkù
E;ennuyer;vt;;na be ame f e mo dzaka, de fu na ame
E;s'ennuyer;v;;nu ti ame
E;énoncer;vt;;gblo nya, de gbe îâ
E;s'enraciner;v;;li ke, de ke, to ke
E;enrager;vt;;do dziku na ame
E;enregistrer;vt;;nlo nu de agbalê me, de dzesi nu
E;enrouement;m;;gbe me haha
E;s'enrhumer;v;;wodi tso ame, kpe îo ame
E;enrichir;vt;;na kesinonu ame, do kesinoto ame
E;enrichissement;m;;wotsuikpokpo
E;enrouler;vt;;bla nu, hatsa nu de nu nu, fa, he, nlo nu
E;enrouiller;vt;;lé gebiâ, dzè akada
E;ensacher;vt;;de nu kotoku me
E;ensabler;v;;ku ke tsyo nu, di de ke me
E;enseigne;f;;dzesi, aîlaga
E;enseignement;m;;nuîiaîia
E;enseigner;vt;;fia nu ame
E;ensemble;adv;;zî deka, îoîu, sia, kple (abo k p 1 e eve)
E;ensevelir;vt;;di ame
E;ensevelissement;m;;amedidi
E;ensorceler;vt;;du dzo ame, lé adze ame, de kunya
E;s'ensuivre;v;;dzo, dze nu yome
E;entacher;vt;;îo di nu
E;entailler;vt;;be nu, dzâ nu, kpa nu, si nu
E;entamer;vt;;dze nu gome, wu nu, ka nu nu, de nya nu
E;entasser;vt;;li ko, îo nu îu, bo nu
E;entendement;m;;tamesusu, gomesese
E;entendre;vt;;se nu, se gbe, do to, lô de nu dzL
E;;;la Messe;do to missa kokoe
E;s'entendre;v;;îo nu deka, se amenoeawo îe gbe
E;enter;vt;;si abgta na ame
E;enterrement;m;;amedidi
E;;;d'adulte;ame gâhodidi
E;;;d'enfant;devisuêdidi
E;enterrer;vt;;di ame
E;entêtement;m;;tamesesê, viriuwowo
E;s'entêter;v;;se tame, wg vinu, wo kpgdoe enthousiasme me dzodzedze de lame dzidzgkpgkpo
E;enthousiasmer;vt;;de dzo lame na ame, glâ
E;entièrement;adv;;bliboe, halihali
E;entonner;vt;;do ha da
E;entonnoir;m;;îude, fune
E;entortiller;vt;;toto nu, hatsa nu
E;entourage;m;;nuto
E;entourer;vt;;îo hlâ nu, kpe nu do, de to de nu
E;entrain;m;;wawa
E;entrainer;vt;;he nu dzranyidzranyi, kplg ame yi kple sesê
E;entraver;vt;;he mg, sika nu
E;;;les maisons;le hg dome, s'entre-
E;entrecouper;vt;;tso nu kpolikpoli
E;entrelacer;vt;;bla, hatsa, lô nu de nu me, de ka nu me
E;entremêler;vt;;tgtg, tsaka, baka
E;s'entr'ouvrir;v;;wu nu aîâ kple aîâ, wu Wë
E;entrepôt;m;;agbadzradoîe, nuwodzradoîe
E;entreprendre;vt;;wg nu, dze nu ggme
E;;;un voyage;dze mg dzi
E;entrepreneur;m;;dgdzikpgla, dgtg
E;;;en charge;dze do ggme. 11* ent — épa
E;;;en colère;do domedzui
E;;;au service;subg ame
E;;;de force;tra de nu me, dze kpo, gbâ nui yi de me»
E;;;par la fenêtre;to fesre yi me
E;;;dans une société;do ha me
E;entretenir;vt;;wo deka, dzra nu do, kpo nu dzi
E;;;q.;do dzè kple ame
E;;;q. d'espérances;do nyaîlezâ na ame
E;s'entretenir;v;;do dze, ka asem
E;entretien;m;;asemkaka, dzedodo
E;entre-temps;m;;le geyigi ma rne
E;entrevue;f;;takpekpe, kpekpe
E;énumération;f;;nuhehlë
E;énumérer;vt;;hlê nu
E;envahir;vt;;dze nu dzi, do avva si me
E;enveloppe;f;;nutsyonu, nublanu, nunutinu
E;envelopper;vt;;tsyo, hatsa, nlo nu de nu nu
E;;;dans du papier;fa agbalê de nu nuti
E;envénimer;vt;;de adi
E;envers;prép;;le nu nu, na
E;envie;f;;nokuku, nukeklê, nuwavvâ
E;envier;vt;;ku no, vva nu ame
E;environ;adv;;ano, abe
E;environner;vt;;îo hlâ, de to de nu nu
E;envisager;vt;;kpo nu dû, kpo mo na ame
E;envoi;m;;nudodo, nudododa
E;s'envoler;v;;dzo yi, si dzo
E;envoyé;m;;ame dodo
E;envoyer;vt;;do nu, do nu do da ame
E;;;promener q.;do mo ame
E;épaisseur;f;;titrime
E;s'épaissir;v;;bla, to, wo kpiti
E;épancher;vt;;ko nu di, kg nu de anyi
E;épanchement;m;;kokodanyi, kokodi
E;épanouir;vt;;mlo, wu, lie
E;s'épanouir;v;;îo se, ke
E;épargner;vt;;do nuhi, do ga di, dzra nu do di
E;s'épargner;v;;le be na dokui
E;éparpiller;vt;;ka nu hlê, kaka nu
E;éparprllement;m;;kakahlê
E;épeler;vt;;hlê agbalênonlodizesiwo deka deka
E;éperon;m;;koraulkonuidoga
E;éperonner;vt;;do konukonui na so
E;épervier;m;;yïtsui, awako
E;épi;m;;ayaya, bliti
E;;;de maïs;lûti, bliti
E;épier;vt;;tsa nku, îi nu kpo, no nudzo
E;épilepsie;f;;kpenui, kponui
E;épilogue;m;;megbenya, nuwunya
E;épinard;m;;amâ ade
E;épine;f;;hu, nudza
E;épingler;vt;;tsi nu de nu nu kple pini. Epiphanie î nunyala etôawo îe azâgbe
E;épiscopat;m;;episkoponyenye, hamedzikpolado
E;éponger;vt;;tutu nu kple akutsa
E;épouser;vt;;de srô, de asi, kpe asi, kpe srô
E;épousseter;vt;;tutu nu, kplo nu nu
E;épouvantail;m;;avvakolenu, atiso
E;épouvanter;vt;;do vovô na ame, dzi no na ame
E;époux;m;;srônutsu
E;éprouver;vt;;de nu kpo, te nu, se nu, dzesi nu
E;;;de la douleur;se veve
E;épuisement;m;;dodo, boblo, gbodzogbodzo
E;épuiser;vt;;îu nu
E;s'épuiser;v;;dze agbagba, tso klolui
E;épurer;vt;;klo nu, sia nu
E;équarisseur;m;;lâkola
E;équateur;m;;anyigbamemâîlui
E;équilibre;m;;agbagbadodo
E;équilibrer;vt;;do agbagba nu, so nu
E;équipage;m;;keke, tasiadam
E;équipement;m;;dzadzrado
E;équiper;vt;;dzra ame do hena
E;;;pour la guerre;na avvawonu ame
E;équité;f;;soso, nudzodzoewowo, dzodzoenyenye
E;érafler;vt;;si (kuku) nu
E;ergot;m;;aîokli
E;ériger;vt;;tu nu, lu nu de tsitre, wo nu
E;ermitage;m;;sadagaho, adzogenola îe ho
E;ermite;m;;adzogenola, amemadeha
E;escabeau;m;;atikpo, zikpui
E;escadron;m;;asrafo sodolawo îe ha
E;escalader;vt;;lia nu, îlo nu
E;;;un mur;lia gli
E;escapade;f;;henu, lânu
E;escarbot;m;;adogo, adongo
E;escargot;m;;abobo
E;escarmouche;f;;awakpekpe
E;escarpement;m;;abu
E;eschare;m;;gaîa, wodi
E;esclavage;m;;kluvinyenye
E;esclave;m;;kluvi
E;escorte;f;;amekploladowo, nutinplawo
E;escorter;vt;;kplo ame do
E;escroc;m;;ameblela, amedra, ameflula
E;escroquerie;f;;nudrawowo, amefuflu
E;escroquer;vt;;ho nu le ame si to beble me
E;espacement;m;;mo le nuwo dome
E;espacer;vt;;de dome
E;espadon;m;;nyânyâke, awâyigâ
E;espèce;f;;fomevi, togbe, nonome dzedze
E;espérance;f;;mokpokpo, nudodo, dzidodo
E;espiègle;m;;ame dovo, amedzeha, vuvlui
E;espion;m;;amegomezola nkutsala, adzamenola
E;espionnage;m;;nkutsatsa, amegomezozo
E;espionner;vt;;tsa nku, srâ gbe dzi, no nudzo na ame, dzi ame di
E;espoir;m;;dzidodo, mokpokpo
E;esprit;m;;gbogbo, luiwo, ngli, nukpekpe, tamesusu
E;esprit-de-vin;m;;dzodrami
E;esquisser;vt;;ta nu dewodewo gbâ gba
E;esquiver;vt;;kpa sa da na ame
E;essai;m;;dodokpo, kpodenu, nyadodo
E;essaim;m;;anyiha
E;essayer;vt;;te nu kpo, do nu kpo
E;;;un fusil;do tu
E;essence;f;;nyenye, nu vevie
E;essieu;m;;kekemega
E;essor;m;;dziyiyi
E;s'essoufler;v;;gbogbotsihe tsi fo na ame
E;s'essuyer;v;;tuitu nu, kuko nu
E;;;avec une éponge;lé akutsa
E;est;m;;gedzeîe, getsoîe
E;estagnon;m;;ganu
E;estampille;f;;dzesidenuga
E;estaminet;m;;amedzrodzefe
E;estime;f;;bubu, sosrôda
E;estimer;vt;;bu nu, srô ame da
E;;;(prix);do asi nu, bu ho tso nu nuti
E;estomac;m;;dome, dogbo, agbovu, v£u
E;estrade;f;;afodofe
E;estuaire;m;;tosisinu
E;étable;f;;lâho, lâkpo
E;établi;m;;kplô
E;;;de;menuisier atikpakplô
E;établissement;m;;dodo, nudoanyi
E;étage;m;;dziîoho, sâ, sasa
E;établir;vt;;do nu anyi
E;étagère;f;;nudzradoîe, ati
E;étain;m;;gagi, sanyâ
E;étaler;vt;;de nu îia, fia nu
E;;;des marchandises;do asi nu
E;étalage;m;;dedefia
E;étalon;m;;sotsu
E;étang;m;;ta, tsi tegblê
E;étape;f;;drodofe, asitsafe, didemefe
E;état;m;;nonome
E;étayer;vt;;glâ nu, de ati nu te
E;été;m;;dzomenoli, dzodzï
E;éteignoir;m;;dzotsinu, veletsinu
E;éteindre;vt;;tsi nu, gblê nu
E;;;la lampe;tsi akadi, tro akadi de anyi
E;;;la chaux;da akalo
E;;;la soif;di ko
E;étendard;m;;aflaga
E;étendre;vt;;ka nus, kaka nu de nu dzi, mlo nu
E;;;(agrandir);keke nu de dzi, lolo nu de dzi
E;;;du vin;to tsi aha
E;;;sur qc.;mlo anyi de nu dzi, ke de nu dzi
E;étendue;f;;kekeme, takeke
E;éternité;f;;mavomavo, amâme agbedodoe
E;ether;m;;yâ
E;étincelle;f;;dzohee, dzonoe, maie
E;étiquette;f;;agbalêvi
E;s'étirer;v;;de dokui, dre dokui
E;étoffe;f;;avo
E;;;du;soir fiakumanofiatefe
E;étole;f;;stola
E;étonnement;m;;nuku, moyàwowo, nudadade ame
E;s'étonner;v;;ame fe mo wo yâ, ku nù, ka yâ
E;étonner;vt;;wo rno yâ na ame, ka de mo na ame, ku
E;étouffer;vt;;tsi nu, mimi ame woaku, he gbogbo de ame îo
E;étourdir;vt;;do fenyitike na ame
E;éîourdissement;m;;motatra
E;étranger;m;;amedzro, dububumeto, afibubuto, ho
E;étrangler;vt;;do asi ve na arne, miâ ve na ame, gbâ atsokoe
E;étranglement;m;;vehlomiamiâ
E;;;après q.;ti ame yome
E;;;avec q.;de ha kple ame
E;;;dans la cinquième année;ho îe atô
E;;;pour q.;ho na ame
E;;;sous q.;no ame te
E;étreindre;vt;;kpla nu, hatsa nu, miâ nu
E;étreinte;f;;dzizizi^ kpakpla, nubabla
E;étrenne;f;;nunana (vevieto le nuyizâgbe
E;étrier;m;;sokpanufoga, sqkpafodofe
E;étriller;vt;;vu da na so
E;étroitement;adv;;goguie
E;étroitesse;f;;hahe, hahefe
E;étude;f;;nusosrô, uumedzodzro
E;étudiant;m;;nusrôla, sukudela
E;étudier;vt;;srô nu
E;étui;m;;adakavi, govi, aku. Eucharistie' f Altaro îe sakramento
E;ennuch;m;;ametata. Eur — évo Europe î Ablotsi, yevuwode
E;européen;m;;yevu, yovo, yovu
E;évacuer;vt;;de nu da
E;s'évader;v;;si, dzo, si le ame gbo, te da
E;évaluer;vt;;bu, hlê nu, nyi asi nu nu, do asi
E;évaluation;f;;bubu, asinyinyi, asidede
E;évangéliser;vt;;gblo nyanyuie
E;évangéliste;m;;nyanyuiegblola
E;évangile;m;;nyanyuie, dudodonyuie, evangelio
E;s'évanouir;v;;gbaîa îo ame, afetrô tso ame
E;évanouissement;m;;zidodo
E;s'évaporer;v;;tsi mie, tsi de yâ, tsi tu adzudzo
E;évêché;m;;episkopo îe dziduîe
E;éveil;m;;nyonyô
E;éveiller,;vt;;nyô ame, îô ame
E;s'éveiller;v;;nyô
E;événement;m;;nyadzodzo, nudzodzo
E;éventail;m;;apapa, sosi
E;éventer;vt;;gbo yâ kple apapa, tso sosi gbo yâ na ame
E;éventrer;vt;;de do nu, wù do nu
E;éventualité;f;;nutete, nu si dzi womeka do o
E;évêque;m;;episkopo, bishopu
E;éviction;f;;nyanyâ
E;évincer;vt;;nyâ ame
E;éviter;vt;;tsri nu, gbe nu, fo asa na ame, kpasa da yi de aga dzi, kli nu, klo nu
E;évoquer;vt;;yo noli
E;exagérer;vt;;kpa nya de dzi, kpa nya de nya dzi, de vivi nya me
E;exalter;vt;;ko nu de dzi
E;examen;m;;dodokpo
E;examiner;vt;;do ame kpo, do nu kpo
E;exanthème;m;;akpa
E;exaspérer;vt;;ve dome na ame, do dziku na ame
E;exaucer;vt;;do to ame
E;excaver;vt;;de nu to me, de do de nu nu, si nu
E;excéder;vt;;wu nu
E;exceller;vt;;fia amedokui, wu ame bubuwo
E;excès;m;;nusi wu nu bubu, nusi îo ta» excitation î ziîofo, zitoto
E;exciter;vt;;to zi ame, de zi amewo me
E;;;une querelle;îo avu do, mlâ nya, fo avu do
E;;;au rire;do nukokui na ame
E;;;à la colère;do dziku na ame
E;exclure;vt;;de nu le nu me
E;exclusivement;adv;;sonu, dede ko
E;excommunier;vt;;de ame da le ha me
E;excrément;m;;mï, afodzi, kpoha
E;s^excuser;v;;'do taîlatse, de kuku
E;;;sur qc.;do adanudui
E;exécrer;vt;;îo fi de, tsri nu vevie, do dinui
E;exécration;f;;fiîode, dinuidodo, fiîoîo de ame
E;exécuter;vt;;wù ame, wu hlô'me
E;exemplaire;m;;kpodeiiu
E;exécuteur;m;;amewula
E;exemple;m;;kpgdenu, kpgdzidze
E;exemption;f;;dede le me, hoho
E;exercer;vt;;sro nu, te nuwowo kpo di
E;;;une fonction;wg dg, du (du îia)
E;exercice;m;;nusgsrô, nuwgwg
E;exhalaison;f;;afu, dzudzg
E;exhaler;vt;;gbg yâ de gota, de ya, gbo
E;exhausser;vt;;ko nu de dzi
E;exhiber;vt;;de nu fia, tso nu fia
E;exhibition;f;;nudedefia, nutsgtsofia
E;exhorter;vt;;hlô nu ame
E;exhortation;f;;nuhohlô
E;exigence;f;;nubiabia
E;exiger;vt;;bia nu, dzi nu gede
E;exil;m;;amenyanyâ, amenyâdegbe
E;exiler;vt;;nyâ ame de gbe
E;existence;f;;anyinono, agbengno
E;exorciser;vt;;nya abosam do go le ame me
E;exorcisme;m;;abosam n van y à do go le ame me
E;exorciste;m;;hoygla, gbggbgvôdinyâla
E;expansion;f;;keke de nu, numehehe
E;expectance;f;;mgkpgkpg
E;expectation;f;;nudodo
E;expédient;m;;mgnukpgkpo
E;expédier;vt;;dg nu, do nu, do mg ame
E;expéditeur;m;;nudgladoda
E;expériment;m;;dodokpg, nutetekpg
E;expérimenter;vt;;te, do nu kpo7 kpg nutefe
E;expert;m;;nunyala
E;expier;vt;;wg akofado, he îe de nu ta
E;expliquer;vt;;fia nu ggme
E;exploit;m;;kalêwgwg
E;exploiter;vt;;de vi le nu dzi
E;;;q.;ba ame
E;exploration;f;;numedzodzro
E;explorateur;m;;nufilakpg, nkutsala
E;explorer;vt;;dzro nu me, sra nu
E;exploser;vt;;gbâ, wô
E;exporter;vt;;do nu de anyigba bubu dzi
E;exposer;vt;;de nu fia, (ggme)
E;express;m;;anyigbawu d'abla
E;exprimer;vt;;gblg nya
E;exproprier;vt;;hg nu le ame si
E;expropriation;f;;nuhghg le ame si kple sesë
E;expulser;vt;;nyâ ame do go
E;expulsion;f;;nyanyâ
E;exténuer;vt;;de nusê le nu me, hg lamesê ame si
E;extérieur;m;;gotatg, nusi le gota
E;exterminer;vt;;tsyrô nu
E;extirper;vt;;tsyrô nu, wlu mu> me
E;extorquer;vt;;di akasa, ba nu du
E;extraction;f;;niidede
E;extraire;vt;;de nu le nu me (dzi)
F;extraordinairement;adv;;menyô o wu nu
F;fabriquer;vt;;wo nu
F;fabuliste;m;;glitola
F;face;f;;nkume, ma, nufome
F;fâcher;vt;;ve dome na ame, do domedzui na ame dia ame nu, ku
F;faciliter;vt;;wo nu boboe
F;facilité;f;;boboenono
F;facilement;adv;;boboe
F;façonnement;m;;numemê
F;;;avec le ciseau;kpa nu kple pe
F;facteur;m;;letatsola, nuwola
F;faction;f;;gbadagbawo îe nùdzodzo — komamâ
F;factorerie;f;;fiase, asiflefe
F;facture;f;;fegbalê, asigbalê
F;faculté;f;;riutete
F;fadeur;f;;atsamasimasi
F;fagot;m;;nakebabla
F;faiblesse;f;;lamêtutu, gbodzogbodzo
F;;;à q.;gblê ame di
F;faillite;f;;agbadudu
F;faim;f;;dowuame
F;fainéant;m;;kuviato, fomewola
F;faire;vt;;wo nu
F;;;qc. à q.;wo nu vevi ame
F;;;ses délices de qc.;kpo dzidzo de nu ta
F;;;le dîner;da ndonududu
F;;;un discours;gblo nya
F;;;une faute;da nu dzi, dia fu anyi
F;;;une faute de français;da frâse dzi
F;;;gloire de qc.;îo adegbe, he amenya
F;;;la guerre;wo awa kple duko
F;;;son possible;dze agbagba. Vocabulaire fai — îam faire naufrage nyirô
F;;;le portrait de q.;ta, de ame
F;;;un jardin;to abo
F;;;du feu;do dzo
F;;;des enfants;dzi vi
F;;;ses dents;to adu
F;;;sa barbe;lu ge
F;;;le lit;do aba
F;;;ses nécessités;yi afodzi
F;fait;m;;nyadzodzo
F;faîte;m;;azo, hotakpeîe, hotame, mime
F;faix;m;;agba
F;falaise;f;;aga, kpe gâ
F;falsification;f;;nugometotro
F;falsifier;vt;;tro nu gome, blu, ka awatso
F;familiariser;vt;;mlâ nu, nia ame
F;familiarité;f;;hadede
F;famine;f;;dowuame
F;fanfare;f;;kpekuha
F;fanfaron;m;;adegbefola, alomenyagblola
F;fanfaronade;f;;adegbefofo, alomenyagbogblo
F;fange;f;;ba, di
F;fantaisie;f;;susu
F;fantassin;m;;afozola
F;fantôme;m;;noli, nukpekpe
F;farce;f;;nu dikokoe, ahatsekaka, nuvloewowo
F;farceur;m;;nudikokoewola, ayuewola, ayueto
F;fard;m;;ami Wevvê, povvo
F;fardeau;m;;agba, nutso
F;farine;f;;wo
F;;;de manioc;gari, galL
F;;;fine;wo fufu, wo mêmee
F;fascicule;m;;babla, agbalgvi
F;fascination;f;;dzodudu ame, kunyadodo na ame
F;fasciner;vt;;lé adze, du dzo, gblê tame na ame
F;faste;m;;atsyôdada
F;fat;m;;nufluiwola
F;fatalité;f;;dzogbevôe
F;fatigue;f;;agbagba, do sesê, dediteamenu
F;fatiguer;vt;;ti ame, de fu na ame
F;faubourg;m;;du gbodui
F;faucher;vt;;ya, si, wu gbe
F;faucheur;m;;gbeyala, gbesila. 12* îau — îél faucille î gbeyahe, gbesihe
F;faucon;m;;ayitsu, awako
F;fausser;vt;;glô nu, tro nya gome, minya nu
F;fausseté;f;;alakpa, didriwowo
F;faussaire;m;;nyagometrola, nutrola
F;faute;f;;vodada, fodidi, anyidzedze
F;;;de;français frâsegbedzidada
F;fauteuil;m;;kuviablego
F;fauteur;m;;nuwola
F;faux;f;;ne, gbesihe
F;;;dieu;trô
F;;;témoignage;awatsodase
F;faux-fuyant;m;;adanudui
F;faveur;f;;domenyuie, nunyoname
F;favori;m;;lolôto, ame vevi
F;favoriser;vt;;wo domenyuie na ame, lô ame wu
F;fécondité;f;;wawa, nukuwowo
F;fédération;f;;dekawowo
F;fee;f;;nyonu dzosala, bibi
F;feindre;vt;;wo alakpamu
F;feinte;f;;alakpanuwowo
F;fêler;vt;;de dzoglo, dze, ne
F;félicitation;f;;dzôgbenyuiedzidzi, kaîukafu
F;félicité;f;;yayiratonyenye, dzidzokpokpo
F;félicher;vt;;kafu ame, dzi dzogbenyuie na ame
F;femelle;f;;lâno, asi
F;féminin;m;;asifome
F;femme;f;;nyonu, asi, srônyonu
F;fémur;m;;atafu
F;fendre;vt;;fe, fli, klê nu
F;;;en deux;îe nane de eve, fe nu me de eve
F;fenêtre;f;;fesre
F;fente;f;;dzedze, fefe, nonoefe
F;fer;m;;ga, ga yibo
F;;;à;repasser m awudzidoga
F;fer-blanc;m;;gagi, ga fafle
F;férié;f;;azâ
F;ferme;f;;anyigba gege, agble, bo
F;fermentation;f;;wa\vâ, tsitsi, hoho
F;fermer;vt;;tu nu do nu
F;;;la porte;tu vfo
F;;;à clef;tu nu kple safui
F;;;les yeux;miâ ilku
F;fermeté;f;;kûtrekuku, sesê, kelili
F;fermier;m;;agbledela, anyigbagela
F;fermoir;m;;pe
F;férocité;f;;anyrawowo, agbodzedze
F;ferraille;f;;ga hoho, ga gbegblê
F;ferrer;vt;;do ga na nu
F;;;un cheval;do afoga na so
F;ferveur;f;;dzo, veviedodo, luvVo îe veviedodo
F;fesse;f;;agonu, kpeme, kpeta
F;festin;m;;kplôdodo, nuviviwodudu, aglotutu
F;feston;m;;seîoîobabla
F;fête;f;;azâgbe, nkekenyuie, — nkozâgbe. Fête-Dieu f Altaro îe Sakramento îe azâgbe
F;fêter;vt;;du nkekenyuie
F;fétiche;m;;legba, trô, dzo
F;féticheur;m;;trônu, dzosala, dzoto, bokono, trôsi
F;fétichisme;m;;trônuwowo, trôsubosubo
F;fétichiste;m;;trôsubpla
F;îeu;m;;dzo
F;feuille;f;;angba, amagba
F;feuilleter;vt;;kpo agbalë me
F;feuilleton;m;;agbalêvi
F;fève;f;;ayi, kpokpo
F;février;m;;february, gleti evelia
F;fiacre;m;;tasiadam
F;fibre;f;;atimeka
F;fiancé;m;;nugbetosrô, agotsola, nukpetosrô
F;fiancée;f;;nugbeto, agotso, nukpeto, asivi
F;ficeler;vt;;bla nu kple ka
F;fiche;f;;gati, agbalê
F;ficher;v;;tu nu nu me, îo nu de nu me
F;fiction;f;;nyakpakpa
F;fidélité;f;;anukodedidi, anukwaredidi
F;fiel;m;;veve
F;fièrement;adv;;dada, gbagbla, dzadzra
F;fierté;f;;dada, aminu
F;fièvre;f;;asrâ, atidui, kpokpo, vuvo
F;;;scarlatine;nudzâ
F;fifi;m;;ame lolôto
F;fifre;m;;kpe, dze
F;figure;f;;non orne
F;figurer;vt;;ta nu, nie nu
F;fil;m;;ka, kavi
F;;;de;fer gaka
F;;;d'araignée;yiyidô
F;filasse;f;;tsro, ati fe akpa
F;filature;f;;katrefe
F;filaire;m;;ato
F;filer;vt;;tre ka
F;;;du coton;tre deti
F;filet;m;;kavi
F;;;de lumière;keklê, totoe, (ge totoe)
F;fileur;m;;katrela
F;filiation;f;;dzodzome
F;fille;f;;detugbui
F;;;publique;nyonuvi matrewola, gbolo, hoteli, ha-mpo
F;filou;m;;amedra, ameflula
F;filouterie;f;;nudrawowo
F;fils;m;;vinutsu
F;filtre;m;;tsitsyonu, asôe
F;filtrer;vt;;tsyo tsi, fu nu
F;fin;f;;nuwuwu, nutso
F;finance;f;;gakpokpo, ganya
F;finesse;f;;wowolê
F;finir;vt;;wu nu nu, tso nu
F;;;son travail;wu do nu
F;fiole;f;;atukpavi
F;firmament;m;;Hlï, dzingolï, dziîolilï
F;fissure;f;;nukoko, nenefe
F;fixer;vt;;le nu de nu nu, tsi nu de nu nu, nyê nu
F;;;un jour;do nkeke, do nkeke di, do azâ
F;fixité;f;;nusesê, lili, kelilû
F;flacon;m;;atukpavi, gobise
F;flagellation;f;;atamfoîo
F;flageller;vt;;îo kple atam. Jésus fut flagellé woîo Yèsu kple atam
F;flageolet;m;;kpevi
F;flair;m;;yâsese, wewësese
F;flairer;vt;;se nu, se nu fe yâ, se nu f e wewê
F;flamber;vt;;mê nu, (me koklo)
F;flamme;f;;dzo îe ade
F;flan;m;;akpono vivi, tatali
F;flanc;m;;ablame, aha
F;flâneur;m;;amedzesrêdi
F;flanquer;vt;;da nu
F;flaque;f;;tsihaha, Wuihaha
F;flatter;vt;;vivi nu me na ame, ble ame nu, du ape
F;flatterie;f;;numevivi, numevivinya, ape xludu
F;flatteur;m;;numevivila, adevivito, vemevivila, ape-dula
F;fléau;m;;blifoti
F;flèche;f;;alo, atsro, antitro
F;fléchir;vt;;bi nu, bo nu
F;;;les;genoux dze klo
F;fleur;f;;séfoîo, sékeke, se
F;fleur;f;;dzi, fo
F;fleuve;m;;to, tosisi
F;flexion;f;;haha, bibi, bobo
F;flexibilité;f;;dede, wuhewuhenono
F;flibustier;m;;ame dovo
F;flibusterie;f;;amefuflu
F;flocon;m;;noe, koë
F;flot;m;;dodo, tsidodo, sisi
F;flûte;f;;dze, kete
F;flux;m;;dodo, îtjdodo, tsidodo
F;;;mensuel;gletikpok'po, gbelêie, alonene, dzînu-kpokpo, to asi ahyi, ne asi
F;fluxion;f;;tete, nuîoîo
F;fœtus;m;;fil
F;foi;f;;hose, dasedidij ànukwaredidi
F;foie;m;;tu, aklâ, atsutsoe
F;foin;m;;gbe îufu
F;foire;f;;îesi
F;fois;f;;teîe
F;folie;f;;adavvadzedze, tsukuku, bometsitsi
F;folle;f;;nyonu tsukuno
F;fomenter;vt;;nyi nu, wo nu, do nu
F;;;des querelles;de dzre amewo dome, drô avu
F;fonction;f;;do7 dowona
F;fonctionnaire;m;;dzidudowola, mômeto
F;fonctionner;vt;;wo, du
F;fond;m;;gome, dome, to, tome
F;;;de cale;wu gome
F;fondateur;m;;gomedola, anyidola
F;fondation;f;;anyidodo
F;fonder;vt;;do nu, do nu gome, do gome anyi
F;;;une ville;tso du
F;;;son espoir sur q.;do nu de ame nu
F;fonderie;f;;gakoîe, anodaîe
F;fondeur;m;;gakola, nukola
F;fondre;vt;;lolo nu, nyi nu
F;;;sur q.;dze ame dzi, lu de ame dzi
F;fonds;m;;nukpokpo, agbemenu, megbenu-no-ame-si
F;fontaine;f;;tsidzofê, vudo
F;fonte;m;;gakoko, anodadal
F;force;f;;nusê, sesê, dzizizi
F;forcer;vt;;gbâ nu, klê nu, ho nu kple sesê
F;;;Pentrée d'une maison;ne de ho me
F;;;vierge;ave ho, ave tsitsi, ave tsu
F;forfait;m;;vodada, nuvôdiwowo, gudodo
F;forge;f;;nutuîe, yoho, gbedeho
F;forger;vt;;tu nu, kpa nui
F;forgeron;m;;gbede, nutula, gblï
F;formation;f;;dzodzo, dzofe, dzidzi, hehe
F;;;q.;he ame, fia nu ame
F;fornication;f;;matrewgwo
F;fort;m;;mô
F;forteresse;f;;mô, abâ
F;fortification;f;;môtutu, abâtutu
F;fortifier;vt;;tu mô, do nusê ame
F;forfune;f;;kesingnu, algme, nukpokpo, dzogbe
F;fosse;f;;do, lu, yg
F;fossé;m;;do, kpodo, We
F;fossoyeur;m;;ygdela
F;fou;m;;adawatg, tsukung, bometsila
F;foudroyer;vt;;so da nu
F;fouet;m;;atam
F;fouetter;vt;;îo ame kple atam
F;fougère;f;;litsagbalê
F;fougue;f;;agbodzedze, nyanyira
F;fouine;f;;gbôe
F;fouiller;vt;;wlu, gudu, dzobo, dzro nu me, nu me
F;foule;f;;ameha
F;fouler;vt;;do aîp nu dzi, to nu
F;four;m;;kpo
F;fourberie;f;;amebeble, amefuîlu
F;fourche;f;;gaflogâ, gbegbleve
F;fourchette;f;;gaflo, gbegbleve
F;fourgon;m;;tasiadam, keke
F;fourmi;f;;anyidi, adede, adidi
F;;;blanche;baba
F;fourmilière;f;;adidigo, babakg, kpekge
F;fournaise;f;;kpogâ, gakokpo
F;fourneau;m;;nudakpo
F;fournir;vt;;do nu, do nu de ame
F;;;q de qc.;tso nu de asi na ame
F;fournisseur;m;;nudzrala
F;;;s scolaires;sukudenuwo, sukunuwo
F;fourrage;m;;afu, afunyinyi, lânyinu
F;fourreau;m;;aku, go, gui
F;fourrer;vt;;tso nu de nu me
F;fourré;m;;avedodo
F;fourrure;f;;lâgbalê, lâyi, ayi
F;fourvoyer;vt;;kplo ame bu, da mo dzi, da nu dzi
F;foyer;m;;mlêkpui
F;frac;m;;dziwui legbë
F;fracas;m;;vvunyavvunya, zigidi
F;fracasser;vt;;gbâ nu gudugudu, tugu nu, gudu nu
F;fraction;f;;nubgegblê, gbegblê
F;fractionner;vt;;mâ nu, îli, dze nu
F;fracture;f;;nene, dzedze, gbagbâ
F;fracturer;vt;;ne nu, dze nu, gbâ nu
F;fragilité;f;;gbodzogbodzo, dadafii, nono belie
F;fragment;m;;kake, nukake
F;frai;m;;adrugbo
F;fraise;f;;kutsetse sue ade
F;fraiser;vt;;tro nu pesepese
F;framboise;f;;kutsetse vivi ade
F;franc;m;;frâsega, frâ
F;un-;m;;Frâseyevu
F;franchement;adv;;fâ, îa
F;franchir;vt;;dzo kpo flo nu
F;;;au vol;dzo to nu me
F;franchise;f;;dzimekoko
F;franciser;vt;;wo nu be wôazu frâseto
F;franc-maçon;m;;free-mason, kristoha fe futo
F;frange;f;;adza
F;frapper;vt;;îo ame, hlâ, dza
F;;;des mains;fo asi kpolui
F;;;à la porte;îo wo
F;;;avec un bâton;tso ati îo ame
F;fraterniser;vt;;do novi evelia na ame
F;fraternité;f;;ngviwowo
F;fratricide;m;;ngvi wuwu
F;fraude;f;;baba, beble
F;frauder;vt;;ba ame, flu ame, ble ame
F;fraudeur;m;;blela, bala
F;;;avec q.;bg na kpïe ame
F;frayeur;f;;vgvô, ngdzi, kuvia
F;frégate;f;;vvu
F;frein;m;;numega, nusikanu, tasiadamtomô, ketonu
F;freiner;vt;;to keke, to tasiadam
F;frelon;m;;Avawa
F;frémissement;m;;vodidi, dzodzo nyânyânyâ
F;frénésie;f;;adâwowo, ayadzedze
F;fréquenter;vt;;yi enuenu
F;;;q;(zo) bo ha kple ame, de lia kple ame
F;frère;m;;novinulsu
F;fret;m;;agba
F;fretin;m;;tomelavi
F;friandise;f;;nu vivi, veme vivi, adzo
F;friction;f;;lili, nusisi de nu me
F;frictionner;vt;;li nu nu nu, lili, gigli nyâ, fanyâr hitsi. , ( frileux a vuvo wo ame, le vuvo
F;frimas;m;;adzadza, zamû, vuvo
F;fripon;m;;amebala, amedra
F;friponnerie;f;;baba, nudrawowo
F;frire;vt;;to nu, mê nu
F;friser;vt;;tro nu pesepese
F;;;les cheveux;fo, bla da (femmes)
F;frisson;m;;dzodzo nyânyânyâ
F;frisure;f;;dafofo, damefefe
F;friture;f;;là toto
F;frivolité;f;;îuîlunyenye
F;froc;m;;dziwui
F;froisser;vt;;gudu, gusi, miâ nu
F;frôler;vt;;bala nu, li asi nu nu
F;fromage;m;;tsyisi, kesu
F;froment;m;;lu ade
F;froncer;vt;;fo ayij tre ha
F;;;les sourcils;fo adaba, tra adzu
F;fronde;f;;akafo
F;fronde;f;;angbawo
F;fronder;vt;;da akafo
F;front;m;;ngonu
F;frontière;f;;lifo, sefe
F;frottement;m;;iili
F;frotter;vt;;li, lili, dugu, tugu, titi, hitsi
F;fructifier;vt;;tse ku
F;fruit;m;;kutsetse
F;frustrer;vt;;ble ame, flu ame
F;fugitif;m;;sisila
F;;;q.;si le ame nu
F;;;de chez q.;si le ame gbo
F;;;chez q.;si ame tso
F;fuite;f;;sisi, megbedede
F;fulmination;f;;gbedede, gbefâdede, — keklê
F;fulminer;vt;;de gbe fâ, klê
F;fumée;f;;dizudzo
F;;;épaisse;dzudzo babla
F;;;la terre;de mi agble me
F;;;la viande;yiyi là
F;fumer;vt;;no zï, no atamâ, yo zï
F;fumeur;m;;zïnola, atamânola
F;fumier;m;;dukpo, lâmi
F;fumigation;f;;lâyiyi
F;fureter;vt;;dzro nu me
F;fureur;f;;adâ, adâwowo, aîiâ
F;furie;f;;adâ, domedzui
F;furoncle;m;;nutete, nufofoe
F;furtivement;adv;;minyaminya
F;fuseau;m;;keke, agbagbla
F;fusée;f;;asramâ
F;fusil;m;;tu
F;;;à;deux coups tunuve
F;fusiller;vt;;îo tu ame, da tu ame
F;fusion;f;;dekawowo
F;fustiger;vt;;fo ame kple ati
F;fustigation;f;;amefoîo kple ati
F;fût;m;;go, atigo
F;futaie;f;;ave, ati
F;futur;m;;geyigi sie gbona
F;futur;m;;nugbetosrô
F;future;f;;nukpeto, nugbeto
G;fuyard;m;;sisila, ame sisi
G;gâchis;m;;wunyawunya nugbegblê
G;gaffe;f;;vodada, agblo, vvugblo
G;gage;m;;awobu
G;gager;vt;;do nu awoba na ame, he fe na ame
G;gagner;vt;;de vi, ho nu, kpo nu
G;;;de l'argent;du, wo ga
G;;;30 frs. par mois;du frâ blaeto gleti deka
G;gaieté;f;;dzidzo, plasi
G;gain;m;;vi, vide nukpokpo
G;gale;f;;akli, nuîie, akli
G;galeçon;m;;godui, agbote, kpemedotse
G;galerie;f;;akpata, adzrala, abranda
G;galette;f;;akpono vivi, — gà
G;galoche;f;;atifokpa
G;galon;m;;abota, avotsyonu
G;galop;m;;so îe duîuîu
G;gamin;m;;kpodomevi, yakame
G;gant;m;;asiwui
G;garant;m;;asifulaako, ngggbenola
G;garantir;vt;;îu asi ako de nu ta
G;garçon;m;;nutsuvi
G;garde-fou;m;;adzrala
G;garde-malade;m;;donodzikpola
G;garde-manger;m;;nududzradofe
G;garder;vt;;kpo nu dzi, bu nu nu, suso nu di
G;;;la bienséance;le dokui nyuie
G;;;le jeûne;bla nù
G;;;sa parole;wo de nya dzi
G;;;le silence;zi dodoe, zi kpi, do to
G;;;un malade;dzo dono dzi
G;gardien;m;;nudzola, nubula
G;garer;vt;;kpa sa, fo asa ua nu
G;garnement;m;;kpodomevi
G;garnir;vt;;dzra nu do, do nit, do atsyô na nu
G;garnison;f;;mômetawlilawo
G;;;de;table kplodzinuwo
G;garotter;vt;;bla ame sesie, tege nu de nu me na ame
G;gars;m;;nutsuvi
G;gaspillage;m;;nugugu, ahedada
G;gaspiller;vt;;gu nu, da ahe, gbâ atri nu
G;gaspilleur;m;;nugula, ahedalanu
G;gaster;m;;fodo, dome
G;gâteau;m;;atatâlï, keki
G;gâter;vt;;gblê, tsyrô nu
G;gauche;f;;miâsi, miaine
G;gaz;m;;ya dzedzo, gas. 13* gaz — gen gazelle î zi, se
G;gazon;m;;gbeteîe
G;gazouillement;m;;hevi îe nuîofo
G;geai;m;;hevi ade
G;géant;m;;ame dzotsu, ame kako
G;gel;m;;vuvo
G;gémissement;m;;hudede, nene, konyiîaîa
G;gendarme;m;;kpovito, polisi
G;gendre;m;;toyovi, visrônutsu
G;gêner;vt;;de îu, he mo, do kplamatse ame
G;général;m;;asaîohli, general, général a wokatâto
G;généralement;adv;;godo, edziedzi
G;générer;vt;;dzi vi
G;génie;m;;aklamâ, ame nyanu, gbogbomenusêto
G;genou;m;;klo, koli
G;genre;m;;dzidzime, klo, sa, fomevi, ku
G;;;humain;amegbetowo fome
G;;;sans;aveu yakamewo
G;gentil;m;;trôsubola
G;gentilhomme;m;;wudola, nkutato
G;geôle;f;;gaho
G;gérant;m;;nudzikpola, nunola, domegâ
G;gerbe;f;;babla, blitiko
G;;;de;fleurs sefofobabla
G;gerber;vt;;bla nu
G;gerçure;f;;dzedze
G;gérer;vt;;no nu nu, du nu dzi
G;germe;m;;nuîaîo fe nku, miemîe
G;geste;m;;alodede, dzesifiafia, — kalêwovvo
G;gesticulation;f;;alodede^ abodede
G;gibbosité;f;;kpododo
G;gibecière;f;;adegolo, adegbedekpo
G;giberne;f;;agbadza
G;gibet;m;;kadeveti
G;gibier;m;;gbemelâ, adelâ
G;gibus;m;;kuku legbe
G;gifle;f;;tomeîofo
G;gifler;vt;;gbâ to me, no erne na eme
G;gigot;m;;lâtoto, la fe ata
G;gilet;m;;dziwui
G;gingembre;m;;agumetaku, nkrawusa
G;girafe;f;;la ade
G;giron;m;;atata, ako, akome. (clou de)
G;gîte;m;;anyimlofe, dofe, mlofe
G;givre;m;;vuvo, tsi babla si tsia anugbawo nûtL glace î tsi babla tsikpe
G;glacer;vt;;bla tsi
G;glaive;m;;yi
G;;;à double tranchant;yi nuevee
G;glande;f;;ku, azegedefui
G;glaner;vt;;fo nu dzodzoe, lo nu, Isa tsagbatse
G;glas;m;;amekuikuga
G;globe;m;;nu nogo
G;;;terrestre;anyigba
G;globule;f;;nunogovi
G;glorifier;vt;;do koko ame, do ame de dzi
G;glorification;f;;kokododo
G;gloser;vt;;de nu fia
G;glouton;m;;nutsudula
G;gloutonnerie;f;;nutsududu
G;gluau;m;;ane, anehe
G;gobelet;m;;tsinonu, tsinokopo
G;gober;vt;;mi nu
G;godet;m;;tsinonuvi
G;godillot;m;;gbadagbawo fe afokpa
G;goélette;f;;wuvi
G;goitre;m;;avo, gba, atiko, akonoe
G;golfe;m;;fukome, tsinu, adô. Golgotha m Golgothato
G;gommer;vt;;si a rie na nu
G;gond;m;;megbega, kotoklo, wotruriuga
G;gondole;f;;wuvi
G;gonfalon;m;;aflagavi
G;gonfler;vt;;wu nu, do îufu de nu me, vu gbîoto
G;gonorrhée;f;;baba, kotisâ, adudovee, dekakpuidoi
G;goret;m;;havi
G;gorge;f;;ve, vehlo, hlo
G;gorgée;f;;numimi deka
G;gosier;m;;vehlo, hlome, veme
G;goudron;m;;ano yibo
G;goudronner;vt;;si ano yibo na nu
G;gouffre;m;;abume, agume
G;goujat;m;;ame vlo, ame fodi
G;goupillon;m;;tsikokoedanu
G;gourde;f;;go
G;gourdin;m;;kpo titri kpui
G;gourmand;m;;hutsudula, adzodula
G;gourmander;f;;ka nkume, blu de ame ta
G;gourmandise;f;;nutsududu, adifudidudu
G;gousse;f;;tsro
G;gousset;m;;kotokuvi
G;goût;m;;nudodokpo, vivisese
G;goûter;vt;;do nu kpo, de nu nu me
G;goutte;f;;tsikui, tsifoti, tsitontori
G;gouvernail;m;;kudo, atablu
G;gouvernement;m;;dzidudu
G;gouverner;vt;;di? nu dzi
G;;;un bâteau;do kudo, se
G;gouverneur;m;;dzidula, mômeîia
G;goyave;f;;agua
G;grabat;m;;aba (amedaheto)
G;;;à q.;ha de ame ta
G;gracier;vt;;ve ame nu, tso ke ame, tro dome de ame nu
G;grade;m;;kokome
G;grader;vt;;ko ame de dzi
G;gradin;m;;aîodofe
G;graduer;vt;;ma nu
G;grain;m;;bli, bliku
G;graine;f;;ku, nuku
G;graisse;f;;ami, amidada, kaklâ, hami
G;graisser;vt;;si ami de nu nu, ta ami
G;grammaire;f;;grama, gbegomefiagbalê
G;gramme;m;;dadame ade, gram
G;gramophone;m;;gramofon
G;;;(en stature);ko, gâ, klitsu, dzo atsu
G;grandeur;f;;gânyenye, lolome, kpekpeme
G;grandir;vt;;tsi
G;grand-papa;m;;\ t b {
G;grand-pere;m;;) 6
G;grand-roule;f;;\ mQ &
G;grand-rue;f;;/ - 6 grand-parents mpl togbui kple mama
G;grange;f;;ava, sa
G;granit;m;;kpe sesê
G;grappe;f;;kpo, (kutsetsekpo), kç
G;gratifier;vt;;na
G;;;q. de qc.;na nu ame
G;gratis;adv;;fetumahomaho
G;gratitude;f;;akpedada
G;gratter;vt;;kuko nu, ka, ha, flo, de fe
G;gratuitement;adv;;femahemahe
G;graver;vt;;nlo nu de ga dzi, wlu nu me
G;gravier;m;;kpekui, kpekpui, kekui
G;gravir;vt;;lia, flo nu
G;gravité;f;;vevienono, movevidodo, nusesê
G;gravure;f;;nonometata de ga alo kpe dzi
G;gré;m;;lolônu, dzidzi
G;gredin;m;;yakame
G;grêle;f;;tsikpe, ketsi
G;grémial;m;;episkopo fe avo ade
G;grenade;f;;aboda
G;grenadier;m;;abodati, — gbadagba
G;grenier;m;;dzibeme, nudzradofe
G;grenouille;f;;akpokplo, bele, adi, bèna
G;grès;m;;abokpe
G;grever;vt;;do agba na ame, do domedzui
G;grief;m;;haha, konyifafa, liwiliwilili
G;griffe;f;;fè
G;griffer;vt;;de fè, da fetsu) ame, ke fè
G;griffonnage;m;;nu bliba, nunorïlo bada
G;griffonner;vt;;wo nublibâ, fodi nu, kuko
G;grignoter;vt;;du nu, kuko nu, ka nu kple adu
G;grillage;m;;kpo kpototo, gakpo
G;grille;f;;adzralawo
G;griller;vt;;mê nu, to nu
G;griller;vt;;to kpo
G;grillon;m;;abo, tododoe, krilili
G;grimace;f;;ahlôe, agogododo
G;grimper;vt;;lia, bala (vrilles)
G;;;sur un arbre;lia ati, fu ako ati, to afo ati
G;;;de branche en branche;da aba
G;grincement;m;;aduklidudu
G;gripper;vt;;lé nu, fi na gris a kpi, flukpê, ge
G;grive;f;;hevi ade
G;grognement;m;;ha fe gbetète, alo hohlô
G;gronder;vt;;he nya de ame nu
G;groseille;f;;kutsetse ade
G;grosse;f;;nu alafa deka blaene vo ene
G;grossesse;f;;fufofo
G;grossièreté;f;;nlomi wowo
G;grossir;vt;;lolo nu de dzi
G;grossissement;m;;loiodedzi
G;grotte;f;;agado, tpnudo
G;groupe;m;;ha, nuîoîofu
G;grouper;vt;;îo nu eîu de àkpa akpa
G;guano;m;;hevirni
G;gué;m;;toîofe, totsoîe
G;guenille;f;;avo vuvu, dovu
G;guenon;f;;keseno, fie
G;guêpier;m;;wâto, lilïgo, waWâto
G;guéridon;m;;kplôvi
G;guérir;vt;;yo do, da gbe ame nu, gakpo là mesê , haya
G;;;complètement;y g dg kenu
G;;;civile;afewa
G;guerrier;m;;awawola, gbadagba, asrafo
G;guerroyer;vt;;wo awa
G;guet;m;;nudzodzo
G;guet-apens;m;;ha
G;guetter;vt;;de ha di na ame, lala, dzo nu, fi nu kpo
G;;;un voleur;dzo fiafito
G;;;comme un rat d'église;dahe abe gbemefi ene
G;guichet;m;;wotruvi, fesrevi
G;guide;m;;kplola, mofiala
G;guider;vt;;kplo ame do, fia mo ame
G;guignol;m;;fefe ade
G;guillemet;m;;kotesiondzesi <-< >
G;guillotine;f;;amewudabraka, amewuyi
G;guillotiner;vt;;wu ame kple ametatsomô
G;guirlande;f;;agbalêsefofobabla
G;guise;f;;ko, konyinyi
G;guitare;f;;kasanku, dzita
G;gustation;f;;nudodokpo
G;gymnase;m;;sukugâ
G;gymnastique;f;;asadabobo
H;gypse;m;;anyi ade. N. B. Le signe ' devant h indique que Vh est aspirée
H;habileté;f;;adanudzedze, bibi
H;habiliter;vt;;do nusê ame
H;habillement;m;;awudodo, avgtata, nwtata
H;babiller;vt;;ta avo na ame, do awu
H;s'habiller;v;;ta avo, do awu
H;habit;m;;avo do, riutsutata, nyonutata
H;;;européen;awu
H;habitant;m;;homenola
H;habitude;f;;nongme, mamâ, numâme
H;s'habituer;v;;nu ma ame. 'habler vi kpa nya de nya dzi. 'hâblerie î adegbefofo
H;'hâbleur;m;;adegbefola. 'hache î fia
H;'hacher;vt;;dza, mê, vuvu, bé nu. 'hachette î îiavi, sovi, aîâ
H;'hachoir;m;;yikpo, krante
H;'haie;f;;kpg, kpgtgtg
H;'haillon;m;;dovu, avg kake. 'haine î îulele, kewgwg, adika
H;liaïr;vt;;lé ame de dome
H;;;q.;mortellement bg keku ame, lé ame de ke me
H;'hallier;m;;ati dgdge, ave dodo, 'hallo ! int ago ! — (Rép.) ame !
H;'halo;m;;tsikpg. 'halte î tgtg, lalafe
H;'hamac;m;;hamaka
H;'hamaquier;m;;hamakatsola
H;'hameau;m;;kgîe
H;hameçon;m;;îu
H;'hangar;m;;agbado, akpata, adzava
H;'hanter;vt;;kpo nu da
H;'happer;vt;;lé nu kple nu, avu da tsyo ame. 'harangue î nyagbogblo
H;'haranguer;vt;;gblo nya. 'harassé (être-) v dedi te ame nu
H;'haceler;vt;;de fu na ame. 'hardi a kalëlo, lédzideîo
H;'hardiesse;f;;kalêwowo, dzidefo
H;'hareng;m;;adruku, wetsim, mifo. 'hargneux a wodzrè
H;'haricot;m;;ayi, kpokpo
H;'harmatan;m;;pepi, gi, baliwoe (do, le fofom)» harmonica î blafosanku
H;harmonie;f;;dekadidi, gbesoso
H;harmoniser;vt;;so nu kple nu bubu
H;harmonium;m;;sanku
H;'harnais;m;;awawu, akpohonu. 'harpe î kasanku
H;'harpon;m;;akplo, \va
H;'harponner;vt;;da akplo
H;'hasard;m;;aklamâ, dzogbe
H;'hasarder;vt;;do dzi, katse, hatse wo nu. 'hase î adzokeno. 'hâte î abladede, wu, yoyo
H;'hâter;vt;;yo vvu de nu nu
H;'hausse;f;;asihoho de dzi5 dodo de dzi
H;'hausser;vt;;ko nu de dzi
H;;;les épaules;te abo, do aboîui. 'haut a koko, dzralâ
H;'hautbois;m;;kpe. 'hauteur î koko, kokofe, dzime
H;'h&vresac;m;;golo, kptoku
H;héberger;vt;;wo amedzro na ame
H;hébétement;m;;movidzodzo
H;hectare;m;;dzidzenu ade, hekta
H;hectolitre;m;;dzidzenu ade, hektolita
H;hémorragie;f;;v^udede
H;'hennir;vt;;hlô abe so ene
H;'héraut;m;;gbefâdela, herbe î gbe
H;'here;m;;ame dahe
H;hérésie;f;;motatra le hose me
H;hérétique;m;;motraîa le hose me
H;'hérisser;vt;;wo kpdzo, to îu kedzekedze
H;'hérisson;m;;hlômâde
H;héritage;m;;domenyinu, tsrônu
H;héritier;m;;domenyila, domedula
H;hériter;vt;;nyi dome, du ame îe dome
H;;;de q.;nyi ame fe dome, 'hernie î kutsu, akloloe, akplolui, agbogbo. 'herniaire (bandage-) kutsuka, akloluika
H;héroïne;f;;nyonu kalêto
H;héroisme;m;;kalêwowo
H;'héros;m;;kalêto, nutsuwola
H;'heron;m;;anogi, akogi, golo
H;'herse;f;;lâklefe gâ, agblenlônu
H;heurt;m;;nukikli
H;heurter;vt;;kli nu, to nu, to afo nu
H;hibou;m;;adzehe, faviewuto, wuvfaiï
H;hier;adv;;etso si va yi
H;hippopotame;m;;tomenyi, tsimenyi, nyô
H;hirondelle;f;;fcagbadre, agbali
H;hisser;vt;;ko nu de dzi, si nu
H;;;le drapeau;si aîlaga
H;histoire;f;;nutinya
H;hiver;m;;vuvonoli, pepime, fôîome
H;hocher;vt;;wuwu nu, dzobo nu
H;holocauste;m;;vôsasâ
H;homicide;m;;amewuwu
H;hommage;m;;bùbu
H;homme;m;;ame, amegbeto
H;homonyme;m;;doko, nyikodekanugbito
H;honneur;m;;bùbu
H;lionnir;vt;;de alome le ame nu, du fewu le ame nu
H;lionorer;vt;;bu ame, do koko ame
H;'honte;f;;nukpe, nkumekuku, modedeto
H;hôpital;m;;doho, donoho, dokita kodzi
H;'hoquet;m;;hedzehedze, dzedze (tso ame)
H;horizon;m;;nukposefe, agù
H;horlogerie;f;;gaîodokuiwoîe
H;horreur;f;;nodzi, vodzidzi, nunyônu
H;hospice;m;;doho, amedzrodzeîe
H;hospitalité;f;;amedzrowowo
H;hostie;f;;vôsânu, hostia
H;hôte;m;;amedzrowola, amedzrohola
H;hôtel;m;;amedzrodzeîe
H;;;de;ville adanudoîe
H;hôtel-Dieu;m;;doho
H;hôtelier;m;;amedzrodzeîeto
H;'houille;f;;aka. 'houle î îutsotsui, tsitsotsoe. 'houlette î lâkplgti, alêkplgti. 'houppe î adza
H;'hoyan;m;;kodzi, agblenlonu. 'huche î abolokpe, wodaka, amowokolo. 'huée î glidodo, hôwowg
H;'huer;vt;;do hehe de ame ta, wg hô
H;huilage;m;;amisisi
H;;;de palme;amidze, kglg. #
H;;;de ricin;dodrotike, tsatsratike
H;;;comestible;ami dudua
H;huiler;vt;;si ami
H;humecter;vt;;de, îo, wu tsi
H;humer;vt;;kplg nu, gbugbg nu
H;humilité;f;;dokuibgbg
H;humilier;vt;;bgbg ame de anyi
H;humoriste;m;;nyadikokoegblgla. 'huppe î bà. 'hurler vi hlô, de gbe, do gli
H;'hurlement;m;;gbedede, hghlô
H;hussard;m;;gbadagba
H;'hutte;f;;gbehg, behg, anyihg
H;hymen;m;;srôdede
H;hymne;m;;hadzidzi kokoe
I;hypothéquer;vt;;do nu woba
I;ibidem;adv;;afimâ ke, emâ ke, esia ke
I;ici;adv;;aîi, afisi, afisia
I;ici-bas;adv;;anyigba sia dzi
I;idiome;m;;gbe, dumegbe, amedegbe
I;idiot;m;;movito, bometsila, adzato, adawakula
I;idolâtre;m;;trôsubola
I;idole;f;;legba, trô
I;igname;m;;tè
I;;;(cuit à Phuile);koliko, tetotoe
I;;;(en tranches);tedada, teko, tekpoti, busa
I;;;(écrasé;au pilon) fuîu
I;ignorer;vt;;menya nu o
I;illuminer;vt;;na keklê
I;illuster;vt;;fia nu kotë
I;imaginer;vt;;susu tame, bu nu nuti
I;s'imaginer;v;;susu, bu hâ be
I;imbiber;vt;;gbugbo, no, nyi
I;imiter;vt;;srô nu srô ame da
I;immerger;vt;;do di
I;immigrant;m;;amesi wu wode yi dale du bubu me
I;s'immiscer;v;;de nù nya me
I;immodestie;f;;wurciadomado
I;immoler;vt;;mê nu, sa vo, wu nu
I;immoralité;f;;gbegblê, nubadawowo, hadzedze
I;immortalité;f;;makumaku
I;impasse;f;;miamiâ, haha
I;imperméable;m;;tsimewu
I;impétuosité;f;;nyanyirâ
I;implanter;vt;;do nu, îa nu
I;impliquer;vt;;bala nu
I;implorer;vt;;de kuku, îo koko na ame, wo wo wui
I;importation;f;;nutsotso tso duta va anyigba dzi
I;importer;vt;;tso nu va anyigba dzi
I;importuner;vt;;de îu na ame, do nufofui na ame, tra de ame nu
I;imposer;vt;;da nu de ame dzi, do nu ame dzi, tra nu de ame nu
I;;;une amende à q.;bla îe na ame
I;imposteur;m;;awatsokala
I;impôt;m;;nudzodzo, adzo
I;imprimer;vt;;ta agbalê, ta nu de nu dzi
I;imprimeur;m;;tala, agbalêtala
I;improvisateur;m;;hanuîola (nya), hakpala dzadzra-domawomawo
I;impudicité;f;;dzadzemanyemanye, matrewowo, a-hasiwowo
I;impulsion;f;;dzodede la me
I;impunité;f;;tomahemahe
I;imputer;vt;;tso ame nu, fo nu de nu nu
I;inanité;f;;yakangng, îuîlunono
I;inattention;f;;tomadomado
I;inauguration;f;;nudedefia, (nu), hgniiv^UAvu
I;inaugurer;vt;;de nu fia, ko nu nu, avu nu nù
I;incarcérer;vt;;de ame gahome
I;incarnation;f;;amezuzu, nutilâhohç
I;s'incarner;v;;zu ame, ho liutilâ
I;incendie;m;;dzohghg, fiafiâ, dzodzeafe
I;incendier;vt;;tg dzo nu
I;incident;m;;nyadzgdzg
I;incinérer;vt;;tg dzo nu
I;incision;f;;lalâ de nu nu
I;inciter;vt;;do adâ, de dzo la me
I;inclination;f;;abudidi
I;;;charnelle;nutilâdzodzro
I;incliner;vt;;bi nu, ha nu, via nu, lô nu
I;inclure;vt;;tso nu de me
I;incommoder;vt;;de fu na ame
I;inconstance;f;;kemalimali, nudeka dzimanomano
I;incorporer;vt;;tso nu wo deka kple nu bubu
I;incriminer;vt;;tso ame nu
I;inculquer;vt;;gblo nya vevie na ame
I;inculpation;f;;nutsotso, sabasaba
I;inculper;vt;;tso ame nu
I;incurvation;f;;goglô, haha
I;indemnité;f;;tefedodo
I;indemniser;vt;;do nu tefe na ame
I;indépendance;f;;dokuisinono
I;index;m;;nufiala
I;indication;f;;nufiafia, yoyo, dudodo na ame
I;indifférence;f;;dekemadi
I;indigence;f;;ahedada, hiâtutu, kododo
I;indigène;m;;anyi gbadzito, dzideme, dumevi
I;indigent;m;;aheto, kodola, dahe
I;indigestion;f;;maîamaîa, alsidodo
I;indignité;f;;madzemadze
I;indigner;vt;;do domedzoe na ame
I;s'indigner;v;;nu ve dome na ame
I;indignation;f;;domedzoedodo
I;indigo;m;;hlê
I;indiquer;vt;;gblo nu fia, ka nu ta
I;;;le chemin;fia mo ame
I;indiscretion;f;;nutsotso, nugbotsotso
I;indisposition;f;;lamêmakomako
I;individu;m;;ame deka, nu deka
I;indocilité;f;;tomadomado
I;indolence;f;;kuviawowo
I;induire;vt;;kplg nu yi
I;;;en erreur;ble ame, flu ame
I;indulgence;f;;nuvôwotohehetsgtsgke, indulgentia
I;;;plenière;nuvôwotohehetsgtsgke blibo
I;;;partielle;nuvôwotohehetsotsoke si menye blibo o
I;induit;m;;mçnana
I;inégalité;f;;masomaso kple nu bubu
I;inertie;f;;domawomawo
I;infaillibilité;f;;dzimadatonyenye
I;infamie;f;;vlododo, yakawowo, gunû
I;infanterie;f;;gbadagba afozola ha
I;infécondité;f;;kotsitsi, numawomawo
I;infecter;vt;;de do de ame nu
I;infection;f;;"dodede de ame nu
I;infériorité;f;;ggmenono, bgbo
I;infidélité;f;;anukgdemadimadi
I;infinité;f;;mavomavo, numawumawu
I;infirme;m;;dono, doto
I;infirmerie;f;;doho
I;infirmier;m;;donodzikpola
I;infirmité;f;;do, gbodzogbodzo
I;influence;f;;dowowo de nu dzL
I;influenza;f;;tuge, dzamezâ
I;information;f;;nugomefiafia
I;informer;vt;;klâ ame, gblo nya na ame, fia nu ame
I;s'informer;v;;bia nu ta kolokolo
I;infortune;f;;dzogbevôe
I;infraction;f;;dzidada
I;infuser;vt;;ko nu de nu me, tro nu de nu me
I;ingénuité;f;;dzimefatonyenye
I;ingratitude;f;;akpemadamada
I;inhaler;vt;;gbo nu de me, gbugbo nu
I;inhumer;vt;;di ame
I;inimitié;f;;fulélé, kelélé
I;iniquité;f;;numadzomadzo, nuvlo
I;initié;m;;numenyala, amesi woho de (nui, ha) me
I;initier;vt;;wu nu mej ho ame de (nui, ha) me, de gbe to
I;injecter;vt;;tu nu de nu me
I;injonction;f;;sédedê, gbedede
I;injure;f;;dzudzu, adânya
I;injurier;vt;;wo nu vevi ame, he adânya, dzu ame
I;injustice;f;;numadzomadzo
I;innocence;f;;fomadimadi
I;innovateur;m;;nuyeyetolave
I;innover;vt;;wo nu yeye
I;inoculer;vt;;do sakpanatike na ame
I;inondation;f;;dodo, isidodo
I;inonder;vt;;do, gbâ go
I;s'inquiéter;v;;tsi dzimadi, nyamà
I;inscrire;vt;;nlô nu de agbalê nie, nlô nu di
I;insecte;m;;nudzodzui, dzodzoe
I;insérer;vt;;tsa nu, tso nu de nu me, lô nu de nu me
I;insolence;f;;dada, aminu, amemabùmabù
I;inspecter;vt;;kpo erne, kpo nu dzi, te nu kpo, dzro nu me
I;inspecteur;m;;nudzikpola, nunola, numekpola
I;inspection;f;;emekpokpo, dodokpo
I;inspiration;f;;gbogbo de erne, dzodede lame, nya-dede
I;inspirer;vt;;gbo de nu me, de nya (nu) tame na ame, de dzo ame me
I;installation;f;;nudodo anyi
I;installer;vt;;do nu anyi, kplo ame yi nu me, he nu va nu me
I;;;q.;dans un emploi de ame do me. .s'installer v wu yi ho me, no afiade
I;instant;m;;adabafofo
I;instantanément;adv;;îiîi layi, kasiâ
I;instiguer;vt;;he nu ve, — de zi ame dome
I;instinct;m;;lâwo îe nunya
I;instituer;vt;;do nu anyi
I;institut;m;;anyidodo
I;instructeur;m;;nufiaîa
I;instruction;f;;nufiafa, dodasi
I;instruire;vt;;fia nu ame
I;s'instruire;v;;srô nu, kpla nunya
I;instrument;m;;dowonu
I;;;de;musique kpe
I;;;d'agriculture;agblenu
I;insubordination;f;;tomadomado, aglâdzedze, alu-dzedze
I;insubordonné;m;;aglâdzela
I;insuccès;m;;kpododo
I;insuffler;vt;;îlo nu de nu me, do îuîu de nu me
I;insulaire;m;;todomekpodzinola
I;insulte;f;;dzudzu
I;insulter;vt;;dzu ame, mumû ame nu
I;insurger;v;;dze aglâ, dze agbo, tsitre de nu nuti
I;insurgé;m;;aglâdzela
I;insurrection;f;;aglâdzedze, agbodzedze
I;intégrité;f;;nutefewowo
I;intellect;m;;gomesese
I;intempérance;f;;nutsududu
I;intendance;f;;nudzikpokpo
I;intendant;m;;nudzikpola
I;intensité;f;;nusê, sesê
I;intention;f;;tamedodo
I;intercéder;vt;;wli ame ta
I;intercesseur;m;;nyahola de ame ta
I;intercession;f;;nyahoho de ako, gbedododa de ame ta
I;interdiction;f;;nyagbegbe
I;interdire;vt;;gbe nu na ame
I;;;q.;de ame da
I;interdit;m;;gbegbe, dededa
I;intéresser;vt;;de tame na ame
I;intérêt;m;;vide, gome, dedzi
I;intérieur;m;;me
I;interner;vt;;de ame gaho me
I;interpeller;vt;;bia ame se
I;interpellation;f;;biabiase
I;s'interposer;v;;de nu nya me
I;interprète;m;;gomedela, gbesela
I;interpréter;vt;;de nu gome, se gbe na ame
I;interprétation;f;;gomedede, nyanudede
I;interrogation;f;;nyabiabia
I;interroger;vt;;bia nya ame
I;interrompre;vt;;rie nya de ame nil, do kplamatst ame
I;interruption;f;;nyatsotso le ame nu, toto
I;intervalle;f;;dome, intervenir vi de nu nya me
I;intervention;f;;nudede nya me, nyahoho de ame ta^ intestin m? doka, dovi
I;intimer;vt;;de se
I;intimider;vt;;do vovô na ame
I;intituler;vt;;tso nko na nu
I;intolérance;f;;dzimagbodi kple ame
I;intoxiquer;vt;;de adi nu me na ame, mû ame
I;intrépidité;f;;kalëwowo
I;intrigue;f;;adariuvôe, ayevôe
I;introduction;f;;kpokployideme
I;introduire;vt;;kplo yi de me, do nane
I;introït;m;;missa îe gomedzedze
I;introniser;vt;;do îiazikpui dzi, do lia
I;inventer;vt;;îo nu ve
I;inventeur;m;;nutolave, nuîolave
I;investir;vt;;de nu asi na ame
I;investigateur;m;;numedzrola
I;investissement;m;;todede de nu nu
I;inviter;vt;;kpe ame, yo ame
I;;;à dîner;do kplô ame, yo ame va kplô nuti
I;invoquer;vt;;do gbe da na Mawu de kuku na ame
I;irrévérence;f;;ame mabùmabù
I;irriguer;vt;;de tsi nu, wu tsi nu
I;irriter;vt;;(nu) ve dome na ame, do domedzui na ame
I;isolement;m;;agadede, akogotsitsi
I;isoler;vt;;de nu de aga, le adzoge, sa nu do aga
I;s'isoler;v;;sa dokui de aga, tsi akogo, îo asa do-kui
I;issue;f;;gododo, nuwuwu
I;ivraie;f;;gbeku vô, gbe vô, gbe îuîlu
I;ivrogne;m;;ahamulâ, ahakula
I;jabot;m;;ko, numiko, konukui
I;jadis;adv;;tsâ
I;jalouser;vt;;wo anuklui de ame nu, wa nu ame, wo nlome le ame nu
I;jamais;adv;;gbede o, geadekegi o — kpao, dabi
I;jambon;m;;hata, hatakpla
I;janvier;m;;yanuari (gleti gbâto)
I;jappement;m;;wowo, gbogbo
I;jardin;m;;abo
I;jardinage;m;;abononlô, abçdowowo
I;jardinier;m;;abonlôla
I;jarret;m;;drikatame, drikame
I;jars;m;;kpakpahetsu
I;;;d'oeuf;azidzï, kokîozidzï
I;jaunir;vt;;+ vi do anuti didi nu
I;javelot;m;;akplo. Jésus np Yesu, hiheme Hola
I;jet;m;;dada, îuîu
I;jeter;vt;;da nu, îu nu, hlâ nu
I;;;qc* de côté;tso nu îu gbe
I;;;qc contre qc;îu nu de nu nuti
I;;;Fancre;da seke
I;;;un cri;do gli, de aWa
I;jeu;m;;îeîe, kgdidi, plasiwowg
I;jeudi;m;;yawoda, a jeun adv amesi mede zâto o, numadumadu
I;;;fille;nyonuvi, detugbui
I;;;homme;dekakpdi
I;;;âge;dekakpuime, devime
I;jeûne;m;;nubabla, nutsitsido
I;jeunesse;f;;devime, dekakpuime, detugbuime
I;joallier;m;;sikadariuwola
I;joie;f;;dzidzo
I;joindre;vt;;wo deka, îo nu eîu, tsia nu, kpe nu de nu nu
I;;;les mains;sa asiwo, kpe asi, de asi asite me
I;joint;m;;kpeîe
I;jointure;f;;îunudeîe, tsiaîe, kpefe
I;jonc;m;;keti, aîla, a va , keteku
I;;;aux cartes;da agbalê
I;;;aux dés;da ho de nu dzi
I;jouet;m;;feîenu, kodinu
I;joueur;m;;feîela
I;joug;m;;koti, kokuti, kpoti
I;;;de la vie;du agbe
I;joujou;m;;feîenu
I;jour;m;;nkeke, gbe
I;;;et nuit;zâ kple kelè
I;;;de;naissance dzigbe
I;;;de;la mort kugbe
I;;;ordinaire;gbedzrogbe
I;journal;m;;nyadzogbalê, egbenyagbalê, nyayeyede-îiagbalê
I;journalier;m;;akpadowola, lebeîa
I;journallement;adv;;gbesiagbe, nkeke sia nkeke
I;jubilé;m;;nkudodzidzo zâ dzi, nkudonkeke, ydbili
I;juge;m;;wonudrola, kodzodila
I;juger;vt;;dro womu, di kodzoi juger q
I;jugement;m;;wonudodro, kodzoqUdi, kodzododo
I;;;de Dieu;aka, akanyinyi
I;juguler;vt;;miâ vehlo na ame
I;juillet;m;;yuli (gleti adrêlia)
I;juin;m;;yuni (gleti adêlia)
I;jumeau;m;;venovinutsu
I;jurement;m;;îiîode
I;juron;m;;dinu, busunya
I;;;sur la Bible;îu asi agbalê dzi
I;;;contre q.;îo îi de ame, ka atam de ame nu
I;;;par son Dieu;ta Mawu
I;;;le nom de Dieu;gblo busunya de Mawu nu
I;jureur;m;;îiîola de ame, dinuîdola
I;juriste;m;;sényala, nyahola de ame nu
I;jury;m;;amesiwo kpena de wonudrola nu, anyidi-lawo
I;jus;m;;tsi, lâtsi
I;jusque;prép;;vasede, halase, lasede
I;justification;f;;afiatsotso
K;justifier;vt;;tso afia na ame, do nu kpo, de nya fia
K;kaki;m;;avo ade
K;képi;m;;gbadagbawo îe kuku
K;kilogramme;m;;kilogram (dzidzenu)
L;kilomètre;m;;kilometa (dzidzenu)
L;labeur;m;;dowowo, agbagbadzedze
L;laboratoire;m;;dowofe
L;labour;m;;agbledede
L;labourer;vt;;de agble
L;laboureur;m;;agbledela
L;lac;m;;ta, ta gâ
L;lacer;vt;;bla nu
L;lacet;m;;afokpaka, — azâ, kpâ, — akafo
L;lâcheté;f;;vovô
L;lâcher;vt;;de asi le nu nu
L;;;les chiens après q.;kplo avû de ame
L;;;un coup de fusil;da tu
L;lacune;f;;dzèdzèfe, dome, nonoîe
L;là-dessous;adv;;anyi
L;là -dessus;adv;;dzi
L;lagune;f;;amû, tagbamû, to
L;;;de;Togoville Gbagâ
L;là-haut;adv;;dziîo
L;laine;f;;alêîu
L;laisser;vt;;na, na mo
L;;;qc. à q.;gblê nu di na ame
L;;;aller les choses;de asi nya nu
L;lait;m;;notsi, nyi me tsi
L;;;caillé;notsi babla
L;lambeau;m;;avo kake, avo vuvu, dovu
L;lampion;m;;agbalêkadi
L;lancer;vt;;da nu, îu nu, hlâ nu
L;;;une pierre à q.;hlâ kpe de ame, da (îu) kpe ame
L;langage;m;;nuîoîo
L;;;dorée;ade vivi, nanë
L;;;étrangère;dugbe
L;laper;vt;;dudo nu
L;lapider;vt;;îo kpe ame, da kpe ame
L;lapin;m;;nukpuivi, fomizi, adzoke
L;lapsus;m;;dadaîu
L;laquer;vt;;si ano na nu
L;larcin;m;;hami, lâdami, lâmi
L;lard;m;;hami, lâdami, lâmi
L;larron;m;;fiafito, adzodala
L;larve;f;;no
L;;;de moutique;lê, lêvi
L;lassitude;f;;dedi, dediteame
L;latitude;f;;kekeme
L;latte;f;;vvuîo lë. (eau de)
L;lavabo;m;;mofugba, nunyaîe
L;lavement^;m;;sasâ
L;lavage;m;;avonyanya, nunyanya
L;laver;vt;;nya nu, klo nu nuti
L;;;la figure;fu mo
L;;;les mains;klo asi
L;;;la tête;nya ta
L;;;du linge;nya avo
L;lavoir;m;;nunyaîe
L;lécher;vt;;dudo nu
L;lecteur;m;;agbalêhlêla
L;lecture;f;;agbalêhehlê
L;légataire;m;;domenyila
L;légat;m;;ame dodo, légende î glitoto, dru
L;légiférer;vt;;de sé
L;légionnaire;m;;gbadagba le Romatowo îe a\va-ha me
L;législateur;m;;sédela
L;légiste;m;;sényala, nyahola de ame nu
L;legs;m;;domenyinu
L;légume;m;;amâ, abomenuwo, gbekui
L;lendemain;m;;nkeke si gbona, nu eke
L;lentement;adv;;dododo, blewu
L;lenteur;f;;blewuwowo, wowo dododo
L;léopard;m;;lâkle, blekpoe
L;lèpre;f;;do dzê, anyi, kpo
L;lépreux;m;;anyidzela, kpono
L;léproserie;f;;anyidzelawo nofe
L;léser;vt;;da vo, dze ago, ho abi
L;lésine;f;;anokuku, adikpewowo
L;lésiner;vt;;ku aiio, wo adikpe
L;lésion;f;;abihoho, vodada
L;lessive;f;;niinyanya
L;lest;m;;agba
L;lettre;f;;hehlêdzesi
L;;;pastorale;dzikpokpogbalê
L;levain;m;;amowo wawâ
L;lever;vt;;îo nu, ho, lo, ko nu, îo nu de tsitre
L;;;le bras;do abo de dzi, wu abo dzi
L;;;les yeux;fô mo te, wu mo dzi
L;;;la tête;ko ta dzi. (parties du corps) wu nu dzi
L;;;Pancre;ho seke
L;lever;m;;îoîô
L;;;du jour;nu, nukeke
L;lévite;m;;mawununola, levita
L;;;supérieure;nuyidzigbeto
L;;;inférieure;nuyigometo
L;lézard;m;;adoglo, homenyati
L;liber;m;;tsro, ati îe akpa
L;libérer;vt;;de ame ho na ame
L;liberté;f;;dokuisinono, vovokpokpo
L;libertin;m;;ame gbegblê, hadzela
L;libertinage;m;;hadzedze
L;libraire;m;;agbalêsitsala
L;;;de toute charge;gahehe mêle me o
L;licence;f;;mokpokpo, nusê
L;licencier;vt;;na ma
L;licenc?ment;m;;amedededa
L;licou;m;;sodoka, ka
L;;;de;bière hliha
L;lien;m;;nublanu, ka
L;lier;vt;;bla, tsi, sa, dzi nu, se-avec q
L;lieu;m;;tefe, noîe, gbe, îe
L;;;de;naissance dziîe
L;lieutenant;m;;gbadagbawo îe amegâ
L;lièvre;m;;nukpui, adzoke, îomizi
L;;;droite;lika, agbaka
L;;;de;la main asifli
L;ligner;vt;;te îli de nu dzi
L;ligoter;vt;;de ga, bla nu
L;limace;f;;abobo
L;limaçon;m;;abobo
L;limer;vt;;do fite, do tsite, du ga nui, du nu kple tsite
L;limiter;vt;;de (do) lifo
L;limon;m;;ba, banyabanya
L;limon;m;;anuti, donuti
L;linceul;m;;amekukuvo, amedivo
L;linge;m;;avo, awu
L;;;sâle;avo îodi
L;lion;m;;dzâta, kinekini
L;lionceau;m;;dzâtavi
L;liquide;m;;tsi, nuwotsi
L;lire;vt;;hlê agbalê
L;;;qc. à q.;hlê nu na ame
L;lis;m;;koligbogbo, dzogbenya, any a
L;liseur;m;;hlêla
L;lisière;f;;to, ave îe to, moto
L;lisser;vt;;zrô nu, H nu, îâ nu
L;lit;m;;aba
L;;;d'un fleuve;togo, togome
L;;;de;mort kuba
L;litige;m;;nyadodro
L;litre;m;;lita (dzidzenu)
L;littoral;m;;îuta, gota
L;livraison;f;;nudede asi na ame, tsgtsg de asi na ame
L;livre;m;;agbalê
L;livrée;f;;subolawu
L;livrer;vt;;tso nu de asi na ame, ka nyata na ame
L;;;une bataille;wo awa, kpe awa
L;livret;m;;agbalêvi
L;local;m;;ho, tefe
L;locataire;m;;hogela
L;locuste;f;;wetsuvi
L;logement;m;;noîe, ho
L;loger;vt;;na noîe ame
L;logique;f;;tame, tamesusu
L;logis;m;;noîe, ho
L;loi;f;;sé, sédede
L;loin;adv;;dzidzi, didi, adzoge
L;lointain;m;;dzidziîe, gbodome
L;loisir;m;;vovo, vogi, adadzie
L;longer;vt;;zo le nu to
L;;;un fleuve;di tsa le tosisi to
L;longtemps;adv;;hoho, didie, dzidzie kakâka, vvQ, wel, da
L;longueur;f;;didime, dzidzime
L;loquet;m;;adugbo
L;lorgnon;m;;tsitsi, gankui
L;lors;adv;;le geyigi ma me
L;lot;m;;akpa, gome, loterie î hodada
L;lotion;f;;tsilele
L;louange;f;;kaîukaîu
L;louer;vt;;kaîu ame, do vivi de ame hu
L;louer;vt;;ge nu na ame, da nu na ame
L;loup;m;;amegâhi, gbetee, agbotoe
L;loyer;m;;gege, liodzo
L;lucidité;f;;tamekoko
L;lucifer;m;;abosam, lusiîa
L;lucre;m;;vi, vide
L;lubrification;f;;amisisi
L;lubrifier;vt;;(de) si ami de nu nu
L;lueur;f;;keklê
L;lumière;f;;kekeli, keli, dzo
L;lundi;m;;dzoda
L;lune;f;;gleti, dzlnu
L;lustration;f;;nutikoklo
L;lustre;m;;îè atô gî
L;lustre;m;;keklê, dzodada
L;luth;m;;dzè
L;lutteur;m;;vvlila, kodala, kametela, avuwola
L;luxe;m;;kesinonu, atsyô
L;lycée;m;;sukugâ
M;lynx;m;;gbôe
M;macaque;m;;fie
M;macaroni;m;;dokakplê
M;mâcher;vt;;du nu, kuko nu, da tso nu
M;machiner;vt;;do tame
M;machiniste;m;;mônudowola, môdzikpola
M;;;inférieure;anyigbeglâ
M;;;supérieure;dzigbeglâ
M;maçon;m;;glidola, kpedola
M;maçonner;vt;;do gli, do kpe
M;maculer;vt;;îo di nu
M;madame;f;;aîeno
M;madrier;m;;vvuîo titri
M;magasin;m;;îiase, nudzradoîe, agbaho
M;magasinier;m;;îiaseto
M;mage;m;;nunyala, les trois Rois-nunyala etô alo fia etô
M;magicien;m;;afakâla, dzosala, adzeto
M;magistrat;m;;dumegâ, fiahawo
M;magistrature;f;;dume dzidudu
M;magnanimité;f;;luwogâtonyenye
M;magnat;m;;dumegâ
M;magnifier;vt;;kafu nu, do nu de dzi
M;magot;m;;fie
M;mahométan;m;;alufa, mahomedto
M;mai;m;;mai, (gleti atôlia)
M;maigreur;f;;kudidi, kadidi
M;maille;f;;asabu fe nku
M;mailler;vt;;lô nu
M;maillet;m;;atikpo
M;main;f;;asi, alo
M;maintenant;adv;;fifia, fifi la, azo, fifi
M;maintenir;vt;;dzra nu do
M;maintien;m;;dokuilele
M;maire;m;;dumegâ
M;maïs;m;;bli, kpeli
M;maison;f;;ho, aïe
M;;;à étages;dziîoho, sa, dzisasrâ
M;;;mortuaire;yohome, fuhome
M;;;fétiche;trôho
M;maisonnette;f;;hovi
M;maître;m;;afeto, amegâ, nufiala
M;petit-maître;m;;atsyôdola
M;;;d'école;nufiala
M;;;autel;altaro gâ
M;maîtresse;f;;aîeno, nyagâ
M;maîtrise;f;;gâdudu, afetodudu
M;maîtriser;vt;;du nu dzi, do kpo de ame dzi
M;majesté;f;;gânyenye, fianyenye. Vocabulaire maj — mal majestueux a fiatoe, gâ
M;major;m;;asrafowo famegâ
M;mal;m;;busu, nuvô, fukpekpe, do, nuwoame
M;;;du pays;modzaka
M;malade;m;;+ a dono, doléla
M;maladie;f;;do, dolélé, lâmegbegblê
M;;;incurable;agbenodo, agbemedo
M;;;épidémique;hamedolélé
M;;;contagieuse;do dedeamenu, do hoho
M;;;mortelle;kudo
M;;;imaginaire;gudo, anyrâdo
M;maladresse;f;;akafofcy, aka, maladroit a îoaka, klanyâ
M;malaise;m;;kpokpo, lâmegbegblê
M;malaria;f;;asrâ, nudza, gedza
M;malchance;f;;busu, ha, aka
M;mâle;m;;atsti, wonutsu
M;malédiction;f;;f if ode, amekudodo
M;maléfice;m;;adzewowo, dzoduame
M;malentendu;m;;gomemasemase
M;malfaiteur;m;;vôwola
M;malgré;pr;;to egbo, gake hâ
M;malheur;m;;dzogbevôe, baiawu, nuwoame, busu
M;malin;m;;ayedzela, adarïudzela
M;malmener;vt;;sê nuta le ame nu
M;malpropre;m;;fewola, dime, malpropreté î madzarnadza
M;maltraiter;vt;;wo nu ame, wo îu le ame, wo anyi-ra le ame nu
M;malversation;f;;apasa, didri
M;mamelon;m;;any i kpo
M;manche;f;;awubo
M;manche;m;;asilefe, asidoîe
M;manchette;f;;alonukola
M;manchot;m;;abodekato
M;mandat;m;;dodo, sedede
M;mandement;m;;sedede, episkopo îe agbalë
M;;;de carême;episkopo îe agbalê le nublagi
M;mander;vt;;gblo nu îia
M;;;q.;yo ame ve
M;mangeoire;m;;lânududaka
M;manger;vt;;du nu
M;;;en glouton;du nu gabugabu, do atsi
M;mangue;f;;mango
M;manguier;m;;mangoti
M;manie;f;;bometsitsi, wowome
M;maniaque;m;;tsukuno
M;maniement;m;;nutidowowo
M;manier;vt;;wo nu nuti do
M;manifestation;f;;nudede fia
M;manifester;vt;;de nu fia, de gbe îâ
M;manipulation;f;;nunudowowo
M;manioc;m;;agbeli, kute, atite
M;manipuler;vt;;wo dp le nu nu
M;manivelle;f;;asilefe
M;manne;f;;abahe, abaka
M;manne;f;;manna, abolo tso dziîo
M;manœvre;f;;dpwowo, — m
M;manoir;m;;ho gâ, mô
M;manque;f;;ziâ, hiâ, hiahiâ, ziaziâ, ziâtuitu, anyi-mawomawo
M;manquement;m;;vodada
M;manquer;vt;;do kpo, gu, glo, kpoto
M;;;le but;da fu anyi, da dagbô, da dze fu
M;;;de qc.;nu le ame ziâm, nu ziâ ame
M;;;le bon chemin;bu mo
M;mansuétude;f;;domenyonyo
M;manteau;m;;awu wlayâ
M;manufacture;f;;asinudo
M;manuscrit;m;;nu nonlp, asinunonlô
M;mappemonde;f;;anyigbatata
M;marais;m;;tsi, tsinyigba, tsime, agbi
M;marauder;vt;;da adzo
M;maraudeur;m;;adzodala
M;marbre;m;;kpe hoasi ade
M;marchand;m;;asitsala, asiîlela
M;marchander;vt;;do asi, nyi asi
M;marchandise;f;;asitsanu, asimenu
M;marché;m;;asime, asi, asito, ablome
M;marche-pied;m;;afodofe
M;;;lentement;zo dododo
M;;;à reculons;zo gbugbo de megbe
M;;;à quatre pattes;zo le godzoe me, zo le afo ene dzi
M;;;par groupes;zo hamehame
M;mardi;m;;brada
M;mare;f;;ba, — tsihaha, tsife
M;marécage;m;;tsi, tsinyigba, tsime, agbi
M;maréchal;m;;fianume
M;marée;f;;îumiemie kple dodo, îudogi, fumiegi
M;;;montante;fudodo, tsi dodo
M;;;basse;fumiemie
M;marge;f;;to, nu, koto, kogo
M;mari;m;;srô, srôriutsu
M;manage;m;;srôdede, asidede, srôkpekpe, aloiélê
M;marier;vt;;de srô na ame, tso nyonu na atsu
M;marin;m;;kahela, fudzizola, îutsola, funugbeyila
M;marmiton;m;;nudalagbovi, kûkùvi
M;marquer;vt;;de dzesi nù, le to de nu nu
M;marquis;m;;amegâ, bùbume
M;mars;m;;mars, (gléti etôlia)
M;marsouin;m;;hotsukli, hotsukpli
M;marteau;m;;zu, hamble
M;marteler;vt;;da hamble, da zu, te nu
M;martinet;m;;zu
M;martyr;m;;hosetakukula, martiro
M;martyre;m;;hosetaku
M;martyriser;vt;;wu ame de hose ta
M;masque;m;;amemo, kakabotobi
M;massacre;m;;amewuwu
M;massacrer;m;;wu ame fû
M;massacreur;m;;amewula
M;massage;m;;lele de ame nu
M;masse;f;;ko, agbososo
M;masser;vt;;li ko, îo nu fu
M;massif;m;;to
M;massue;f;;kpo, wudu, kpagâ
M;mastic;m;;nutreba, nutrenu, kpoti
M;mastiquer;vt;;tre nu kple kpoti
M;mât;m;;wumeti
M;matelas;m;;aba, tsitse, beli, atsatsa
M;matelot;m;;kahela
M;maternité;f;;nonyenye, danyenye
M;matière;f;;nuwonu
M;matin;m;;ndi
M;mâtin;m;;avugâ si dzoa aïe nu
M;matinée;f;;ndi
M;matou;m;;adaditsu
M;matricule;f;;nkogbalê
M;matricide;m;;dadawula
M;matrone;f;;aîeno
M;maturité;f;;didi
M;maudire;vt;;îo fi de ame, do dinu na ame
M;mausolée;m;;yododzikpe
M;maximum;m;;nusi sogbo wu
M;mécanique;f;;mô, adanuwowo
M;mécanicien;m;;adanuwola
M;méchanceté;f;;vovôdi, gbegblê, vlonyenye
M;méchamment;adv;;tamevôtoe
M;mèche;f;;dovu, akadime dovu
M;méconnaître;vt;;gbe ame, së nu le ame nu
M;mécontentement;m;;numadzemadze
M;matériel;m;;| nusiwo wotsona woa nui
M;médecin;m;;atikewoïa, doyola, dokita
M;médiateur;f;;avulela, nyahola de ame ta (nu)
M;médiation;f;;avulele, nyahoho, de ame ta
M;médicament;m;;atike
M;médire;vt;;gblo amade îe vodada na ame bubu, lî ame nu
M;méditer;vt;;bu nu nuti, de nugblê nu nu. Méditerranée î Dodomeîu
M;mefaft;m;;nuvôdiwowo, gudodo
M;mélancolie;f;;nuhaha, konyifafa
M;mélange;m;;nutsakatsaka
M;mélanger;vt;;toto, tsaka, îoto nu, to, dzro nu
M;;;du vin et de Peau;to tsi aha, dzro aha kple tsi
M;;;des liquides;dzro, gblo nu
M;mêlée;f;;avu, awakpekpe
M;mêler;vt;;toto, tsaka, baka, dzaba
M;mélodie;f;;hagbedidi
M;melon;m;;adiba, adzamatre
M;membrane;f;;fi
M;membre;m;;nutinu, nuttilânunu
M;mémoire;f;;nkudodo, nkulélé de nu dzi
M;mémorial;m;;hena nkudodo nu dzi
M;menacer;vt;;do nodzi na ame
M;ménage;m;;honuvido, afedzikpokpo
M;ménagement;m;;folele, nudododo
M;ménager;vt;;le fo na nu, do nu do
M;ménagerie;f;;lâwoadâkpokplo
M;mendiant;m;;nubiala, ame dahe
M;mendicité;f;;nubiabia
M;mendier;vt;;bia nu
M;mener;vt;;kplo ame do, no ngo na nu, tro nu
M;;;dehors;kplo ame do go
M;;;en prison;kplo ame yi gaho me
M;;;une vie chrétienne;no agbe abe kristoto nyui ene
M;;;un grand train;du gâ
M;;;grand bruit;wo hô
M;;;une;affaire à bonne fin do nu, fie asi, wu nu nu
M;meneur;m;;kplola, aglâdzelawo kplola
M;méningite;f;;foamevtfui
M;mensonge;m;;awatsokaka, numevivi, adzedada
M;menstruation;f;;gletikpokpo, gbelele, alonene, gbo-totsitsi
M;menteur;m;;avtfatsokala, numevivila, venyila, adze-dala
M;mention;f;;yoyo, dudodo, nkudodo
M;mentionner;vt;;bo nu di, fo nu le nu nu
M;menton;m;;glâ> aiiyigbeglâ
M;;;bois;nake
M;menuisier;m;;atikpala, kapinta
M;mépris;m;;vlododo, alomedede
M;mépriser;vt;;do vlo ame, de alome le ame nu
M;;;atlantique;atsiaîu
M;merci;m;;akpedada
M;mercredi;m;;kudagbe
M;;;en;couche vino
M;méridienne;f;;ridolô
M;mériter;vt;;dzena
M;;;une punition;dzena tohehe
M;merle;m;;hevi ade
M;merveille;f;;nukunu, nukunuwowo
M;mésange;m;;hevi ade
M;message;m;;gbedeasi, dogbe, dodo, dododo
M;messager;m;;amedodo, dotsok, dudola, atikplotg
M;;;basse;missa vi
M;;;des morts;missa de amekukuwo ta
M;mesure;f;;dzidzenu, agbososgme, dzidzeti, susu
M;mesurer;vt;;dzidzé nu, susu, da ka
M;;;(quantité);do nu, susu nu
M;;;une chambre;dzidze hig
M;;;un champ;dzidze anyigba
M;;;(en arpentant);dzidze nu kple aîo, tsa nu îe didime
M;;;du riz;dzidze mglu, do mglu
M;métal;m;;ga
M;métairie;f;;agblekoîe
M;métayage;m;;anyigbagege
M;métayer;m;;anyigbagela
M;métempsycose;f;;amedzgdzo, ametgtro
M;météore;m;;gletivi si dze anyi
M;métier;m;;adanuwgwg
M;métis;m;;ame dzë, yevuvi
M;mètre;m;;meta, (dzidzenu)
M;mettre;vt;;do nu, da, tsg nu da di, do anyi
M;;;dessous;de nu nu te (ggme)
M;;;obstacle;he mo na nu
M;;;pied à terre;di le nu dzi
M;;;à l'ancre;da seke
M;;;à bas;bobo nu d'anyi
M;;;en œuvre;tg nu dzi, de asi nuwgwg me
M;;;à fin;wu nu nu, tso nu nu, de mi
M;;;son cheval au galop;do du so
M;;;q. au hasard de . . .;blé ame de haha me
M;;;qc. au jour;de nu de go, he nya va ke toe me
M;;;à l'épée à la main;dzi yi
M;;;le feu à la maison;to dzo ho
M;;;au inonde;dzi vi
M;;;à mort;wu ame
M;;;à nu;de nu di, de amamâ
M;;;q. au pied du mur;haha ame
M;;;à point;dzra nu do
M;;;à profit;wo nu nu do, de vi le nu hu
M;;;à prix;bu nu, do asi
M;;;bas;dzi vi (animaux)
M;;;les mains dans les poches;de asi kotoku me
M;;;qc.;dans de me
M;;;d'accord;wo deka
M;;;q. dehors;de ame da, nyâ ame do go
M;;;en avant que ...;ka de nu dzi be
M;;;q. en colère;do dziku na ame
M;;;q. en demeure de payer;lï fe ame
M;;;l'ennemi en furte;nyâ futgwo
M;;;en ordre;do nu, do nuwo teîeteîe
M;;;en prison;de ame gahg me
M;;;bien ensemble;lé avu
M;;;haut;bu ame, do koko na ame
M;meuble;m;;homenuwo, homedonu
M;meubler;vt;;do homenuwo ho me
M;meunier;m;;tetula, wotula
M;meurtre;m;;amewuwu, hlô
M;meurtrier;m;;amewula, amehlôdola
M;miaulement;m;;hohlô abe dadi ene
M;mica;m;;kpe gi ade
M;miche;f;;abolo deka
M;microscobe;m;;ahûhôe esi woa nu wololona de dzi
M;midi;m;;ndo, gedota, dziehe, ga wuieve
M;;;est sonné;ga wuieve îo hoho
M;miel;m;;anyitsi
M;mien;pr;;tonye, nye
M;mignon;m;;ame lolôto
M;milan;m;;hevi gâ ade
M;milieu;m;;titina, dome, dodome
M;militaire;m;;gbadagba, asraîo
M;millième;m;;akpelia
M;millier;m;;akpe deka, ame akpe
M;mille-pieds;m;;duameduavumi
M;million;m;;akpe tefe akpe, akpeakpe
M;mine;f;;tomedowowo, gakuîe
M;miner;vt;;ku nu gome
M;minerai;m;;ga si woîo do me
M;minéral;m;;tomenuwo
M;minet;m;;dadivi
M;mineur;m;;tomedowola
M;mineur;m;;devi, si meho fe 21 hade o
M;ministère;m;;do, si wowona na dzidudu
M;ministre;m;;dzidududowola, miawununola
M;minuit;m;;zâtitina
M;miracle;m;;nukunu, nusêdo
M;mirage;m;;blezi, bleziblezi, luWo
M;mirliton;m;;kpevi
M;miroir;m;;ahûhôe
M;mise;f;;awudodo
M;miséricorde;f;;nublanuikpokpo, amenuveve
M;missel;m;;Missa'gbalê
M;missionnaire;m;;mawunyagblola, missiondowola, mawununola, osoîo, fada
M;mite;f;;nu sue, nyevi, agbagbaWui, botroe, dranu
M;mitiger;vt;;fa nu nu
M;mitraille;f;;ga, tukpe
M;mitrailleuse;f;;dzombulu, asramâ
M;mitre;f;;episkopo îe kuku
M;mixtion;f;;nutoto, toto
M;mixture;f;;atike
M;mobilier;m;;homenuwo
M;mobilisation;f;;dzadzrado na aWawowo
M;mobiliser;vt;;dzra do na awawowo
M;mode;f;;awudodo, mo, nonome
M;modeler;vt;;më nu, do nonome na nu
M;modèle;m;;kpodenu, asifia
M;modération;f;;dokuilélé, evedomesinono, numema-tsiamatsia
M;modérer;vt;;fa nu nu, de nu le nu nu, de nu dzL moderne a egbegbeto, fifito, fifi
M;modestie;f;;\vudodo
M;modifier;vt;;wo nu bubu, tro nu, do li nu
M;moelle;f;;fumemi, futomemi
M;moignon;m;;nu takpo
M;moine;m;;sadagahomenola
M;moineau;m;;atsutsrue, wlê
M;mois;m;;gleti, dzinu
M;moisissure;f;;îufu, dzaîufu
M;moissonner;vt;;ha nu, ne nu
M;moiteur;f;;tsifofo
M;mole;m;;klini
M;molécule;f;;nu suenuio, nu gbagbe
M;molester;vt;;de îu na ame
M;molestation;f;;fudede
M;mollesse;f;;boboenyenye, kuvia
M;mollet;m;;sobo, soboe
M;moment;m;;adabafofo
M;momie;f;;ame kuku fufui
M;monarchie;f;;fiadufe, fiadudu
M;monarque;m;;fia
M;monastère;m;;sadagaho
M;monceau;m;;ha, ko, kolili, adru
M;monde;m;;heheme
M;;;contemporain;mia noli
M;moniteur;m;;nuîiala, nuhlôla
M;monnayage;m;;gawowo
M;monnayer;vt;;ta ga, wo ga
M;monnayeur;m;;gatala, gawola
M;monocle;m;;tsitsi nku deke
M;monogame;m;;srôdekadela
M;monstre;m;;busunu, nu klitsu, nu gliga
M;mont;m;;to
M;montagnard;m;;tometo, todzinola
M;montagne;f;;to. ' chaîne de-s togbeka
M;montant;m;;hehlême
M;;;en voiture;do tasiadam
M;;;à cheval;do so, de so dzi
M;;;à un arbre;lia ati
M;;;au ciel;yi dziîo
M;;;au trône;no fiazi dzi
M;;;les escaliers;flo atrakpui yi dzi
M;monticule;f;;togbe
M;montrer;vt;;fia nu ame
M;;;qc. du doigt;fia asi nu
M;;;le chemin à q.;fia mo ame, kplo ame do
M;;;du courage;wo kalê
M;monument;m;;nkudoamedzikpe
M;moquerie;f;;îewududu, alomedede
M;moqueur;m;;fewudula, amekola, hehedola
M;moral;m;;nonome nyuie
M;morale;f;;agbenononyuiefiaîia
M;moralité;f;;dokuilélé nyuie, wovvo nyuie
M;morceau;m;;kake, akpa, sonu, dudu, kaka
M;morceler;vt;;ka nu, ne, gbâ nu kakekake
M;mordiller;vt;;ka nu kple adu
M;mordre;vt;;du nu, ka nu (me)
M;morgue;f;;dada, gbagbla
M;moribond;m;;kudoîola
M;mors;m;;so fe numega, nuga
M;morsure;f;;nutoamebi, dudu
M;mort;f;;ku, tsalagatsui, kudzesu
M;;;soudaine;kukpokuku, kudzodzo, kudzi
M;mort;m;;ame kuku
M;mort-gage;m;;awobanu
M;mortier;m;;akalobublu, anyinyanya
M;morue;f;;bakayawo, makaiidzo
M;morve;f;;mîtsi, ahohlô
M;mosquée;f;;mahometogbedohg
M;mot;m;;nya
M;;;d'ordre;nya ledenu
M;;;à -;nyawo deka deka
M;moteur;m;;mô hedokui, mô wadokui, asinu
M;motif;m;;nya îe dzofe
M;motocyclette;f;;dzokeke, motogaso, keke hedokui
M;motte;f;;anyiko, anyiglâ
M;moucheron;m;;tagbatsuvi
M;mouchoir;m;;duku, maleçhilku
M;moudre;vt;;gbâ bli, nyô 'bli, tu wo
M;;;finement;nyô amowo
M;mouette;f;;lêglê, tsâlï
M;mouiller;vt;;de tsi, îo tsi
M;moule;f;;kpodenu, nukonu
M;moule;f;;hotsui, agaga, ga
M;mouleur;m;;numêla
M;mouler;vt;;nyrë hê
M;;;qc.;sur qc
M;moulin;m;;te, wotumô
M;;;à;vent yamô
M;moulinet;m;;nubluti
M;mouliner;vt;;da ka, gbe ka
M;moulure;f;;agba
M;mourant;m;;kudofola
M;;;de mort honteuse;ku ku vlo
M;;;de mort violente;ku wukui, tsi wu me
M;;;de faim;ku le dowuame ta, do wuame wui
M;;;de froid;ku vuvo ku
M;;;martyr;ku de hose ta
M;mousqueton;m;;tu
M;mousse;f;;gbeklo, adru, adiukpla
M;mousse;m;;kalevi
M;moustache;f;;nugee, nufu
M;moustique;m;;mû, tuilï, aîole
M;moustiquaire;f;;mûdo
M;moût;m;;kutsetseha, aha
M;moutarde;f;;wumbe veve, tsotsi
M;mouton;m;;alêtsu, agbo
M;mouvement;m;;wawa
M;mouvoir;v;;wa, wuwu
M;moyen;m;;nusi wotsona wga nui, monu
M;moyen-âge;m;;titinanoli
M;moyennant;adv;;to nu me, to nu dzi
M;mucus;m;;ade, ta, mitsi
M;mucosité;f;;ta tsyoyitsyoyi
M;muer;vt;;do li nu, de tsro, tre ge, te wu
M;muet;m;;mumû, adetututo
M;mugissement;m;;gbetete, gbedede
M;muguet;m;;sefoîo gi ade
M;mulâtre;m;;mulato, yevuvi, ame dze
M;mule;f;;lâdisono
M;mulet;m;;lâdiso, tedzidiso
M;multiplier;vt;;wo teîe, lolo de dzi
M;multitude;f;;ha, ame gedewo
M;municipalité;f;;dumegâwo
M;munir;vt;;do nu na ame, na nu ame
M;munition;f;;awawonuwo : tu, du
M;mur;m;;gli
M;;;en;pierres kpegli
M;murer;vt;;do gli, do kpe
M;mûrir;vt;;di
M;murmure;m;;liwiliWilili
M;murmurer;vt;;li liWili\vi
M;muscle;m;;lâkoe, lâmeka
M;museau;m;;nuti, là îe nu
M;musée;m;;nukpoîe
M;musicien;m;;sankuîola, kpekula
M;musique;f;;sankuîoîo, hadzidzi
M;mutiler;vt;;lâ nu, la nu da, vuvu nutilâ na ame
M;mutin;m;;aglâdzela
M;mutiner;vt;;de zi amewo dome
M;myriade;f;;agbososo gâ
M;mystère;m;;nugagla
M;mythe;m;;gli, hodada, drû
N;mythologie;f;;trônutinya
N;nacre;f;;kpe hoasi
N;;;(des objets);zo tsi dzi, de tsi nu
N;;;sur les flots;nyi di
N;nageur;m;;tsifula
N;naguère;adv;;tsâ, nyitso
N;naïf;adj;;manyade, abuneio
N;nain;m;;ame kpui, akotia, gezele
N;naissance;f;;dzidzi, dzodzome
N;;;du jour;nu, nukeke
N;nard;m;;ami sisi, ami wewêe
N;narrateur;m;;nyagblola
N;narration;f;;nyagbogblo, glitoto
N;narrer;vt;;to gli, ka nya ta, gblo nya fia
N;nasaliser;vt;;gbâ dze, do notimegbe
N;naseau;m;;lâwo îe notido
N;natif;m;;anyigbadzito, dumevi, kofevi
N;nation;f;;duko
N;natte;f;;aba
N;natter;vt;;lô nu de nu me
N;;;les cheveux;fo da
N;nattier;m;;abalôla
N;nature;f;;dzodzome, nonome
N;naturel;m;;dzodzome
N;naufrage;m;;wunyonyrô, Wugbagbâ
N;nausée;f;;nunyô, dzigbototo
N;nautonier;m;;\vudola
N;navet;m;;avadze
N;navette;f;;kotokloboze, lifize
N;navigateur;m;;wudola
N;navigation;f;;fudzizozo, todzizozo
N;navire;m;;vvu
N;;;de;guerre awawu
N;navrer;vt;;ve dome na ame
N;néanmoins;adv;;gake hâ, to egbo hâ
N;néant;m;;yakanu, naneke
N;;;à;la vie agbemenu
N;nécessité;f;;hiahiâ, ziaziâ, vevienyenye
N;nécromancien;m;;noliyola
N;nécromancie;f;;rioliyoyo
N;nef;f;;hosetowo noîe le mawuho me
N;négation;f;;gbegbe
N;négligence;f;;nudedi
N;négliger;vt;;de nu di, do kpo nuwowo
N;négoce;m;;asitsatsa
N;négociant;m;;asitsala
N;négociation;f;;asitsatsa, nyadodro
N;négocier;vt;;+ vi tsa asi
N;nègre;m;;négresse f ame yibo, ameyi
N;négrillon;m;;devi yibo, deviyi, ameyibovi
N;neige;f;;tsiwo, sno
N;néophyte;m;;kristoto si ho Mawutsideta eteîe nie-dzidzi o
N;nerf;m;;lâmeka
N;nettoyer;vt;;klo, tutu, sia nu, kplo nu nu, sisi nu
N;nettoyage;m;;nutikoklo, siasia, kpokplo
N;neutralité;f;;akpadekevomemano, evedome
N;neuvaine;f;;nkeke asieke gbedododa, novina
N;neveu;m;;nyruiyovi, togâyovi
N;nez;m;;noti
N;niais;m;;bometsila, movito, abuneto
N;niaiserie;f;;lânu, yakanu, movidzodzo
N;nickel;m;;ga gi
N;nid;m;;ato
N;nièce;f;;togâyovi, todiayovi
N;nier;vt;;sê nu le nu nu, gbe nu, mô nu
N;nigaud;m;;bometsila
N;niveau;m;;dzidzenui
N;niveler;vt;;ta mo, wo nu gladzâ, dzo anyigba
N;noblesse;f;;fomekoko, nkutatowo
N;nœud;m;;akaîo, gboe, kpo, ko, kadeve faire un-sa ko, sa adoboli
N;;;coulant;adoboli
N;;;de fumée;dzoble, zemabi
N;noir;m;;ame yi, ame yibo
N;être-;v;;nyô, le yibo
N;noircir;vt;;nyô nu, wo nu wôano yibo
N;noix;f;;ne. Jîom m riko, nyiko
N;;;de baptême;mawutsideta riko
N;;;générique;dzodzomefiariko
N;nomade;m;;lânyila tsatsa
N;nombre;m;;bubunu, hehlême, hehlênya
N;nombril;m;;îoîolï
N;nomenclature;f;;rikoyogbalê
N;nomination;f;;dodo, yoyo, hkoyoyo
N;nommer;vt;;do ame
N;;;q. roi;do ame abe fia ene
N;non;adv;;o, ao, dabi, gbede, kpao
N;nonagénaire;m;;ame si ho îe blaasieke
N;nonce;m;;papa îe ame dodp
N;nonchalance;f;;riudede, kuviawowo
N;nonobstant;prép;;to egbo hâ
N;nord;m;;wègo
N;nord-est;m;;wègo-gedzeîe
N;nord-ouest;m;;wègo-getodoîe
N;norme;f;;dodo, sé
N;notable;m;;dumegâ, amenkuta, bùbume
N;notaire;m;;sényala
N;notamment;adv;;vevieto, gobï
N;noter;vt;;de dzesi nu, nlô nu di, se nu
N;notion;f;;gomesese, nunyanya
N;notification;f;;dudodo na ame, nyatakaka
N;notifier;vt;;ka nya ta, gblo nya na ame
N;notoriété;f;;dudede. Notre-Dame Mia No : Maria, Mia-Dada. Notre-Seigneur Mia Aîeto : Yesu-Kristo
N;nouer;vt;;bla nu, tsi nu, sa nu, îo nu
N;nourrice;f;;vitsola, nonala
N;nourrir;vt;;nyi ame, nyrô ame, na nuldudu ame
N;nourrisson;m;;vi si woho dzi, vidzï
N;nourriture;f;;nududu, amenyinu, nunyi, nuyiame
N;nouveauté;f;;nu yeye, nya yeye
N;nouvelle;f;;nya yeye, nyadzodzo, dudodo
N;;;funeste;dudodo vôe
N;nouvellement;adv;;nyitso
N;novembre;m;;novemba, (gleti wuidekelia)
N;novice;m;;nusrôla
N;noviciat;m;;nusrôîe, dodokpogi
N;noyer;vt;;wu ame de tp me, nyrô ame
N;noyau;m;;ku, nuku
N;nuage;m;;lilikpo, srô
N;nudité;f;;amâdede, amamânono
N;nue;f;;lïlïkpo
N;nuire;vt;;gblê nu na ame, wo nu vevi ame
N;nuit;f;;zâ
N;;;profonde;zâ gâ
N;nullité;f;;yakanono, yakafiu
N;numéraire;m;;ga, ho, hotsui
N;numération;f;;hehlême
N;numéro;m;;hehlême
N;;;100;afodzi, kpoha
N;numéroter;vt;;de hehlêdzesiwo nu nu
O;nuque;f;;kofutikpefe, kowume, ta\vume
O;obéissance;f;;tododo, nyadziwowo, amegbesese
O;objet;m;;nu, nya
O;;;précieux;nuhoasi
O;obliger;vt;;zi ame dzi, îo ame de nu nu
O;;;q.;wo domenyonu na ame, wo nu na ame
O;oblitérer;vt;;ta nu
O;s'obscurcir;v;;tsyô, do viviti, do bubu
O;obséder;vt;;de îu na ame (abe gbogbo vôdi ene)
O;observation;f;;nkulélé de nu nu, tododo, nuhghlô
O;observer;vt;;lé nku de nu nu, kpg dzesi, wo de nu dzi
O;;;une coutume;nyi kg
O;;;q.;de ha na ame, dzo ame nu
O;;;les lois de Dieu;wo de Mawu îe séwo dzi
O;obstacle;m;;nukikli, mghehe, mghenu, kuhee
O;obstination;f;;tamesese, kglialia, tosesê
O;s'obstiner;v;;lia
O;obstruction;f;;mohehe
O;obtenir;vt;;ho nu, su nu, dzi
O;;;par ses prières;ho nu to kukudede me
O;obus;m;;tukpe gâ
O;occasionner;vt;;na be
O;occident;m;;getodoîe
O;occuper;vt;;do do na ame
O;;;une ville;hg du
O;;;un lieu;ng anyi, ng tefe
O;;;un emploi;du, wg dg
O;occurence;f;;nyadzgdzo, asinu
O;océan;m;;atsiafu
O;octobre;m;;oktoba, (gleti ewolia)
O;octroyer;vt;;lô de nya dzi, na mo, na nu
O;oculiste;m;;nkutikewgla
O;odeur;f;;wewê
O;odorat;m;;WeWe
O;œsophage;m;;vehlo
O;œuf;m;;azi
O;œuvre;f;;do, dowowo
O;offense;f;;amedzidada, vodada, adonyagbogblo
O;offenser;vt;;da vo de ame nu, gblo adonya de ame nu
O;;;Dieu;wo nuvô da vo de Mawu nu
O;s'offenser;v;;bu nu vô, do domedzui
O;offensive;f;;awakpekpe
O;offertoire;m;;vôsasâ, offertorio
O;office;m;;do, dowoîe
O;officiant;m;;Mawuinunola si le subosubo wonu officiel a dziduduto
O;officier;m;;asafohlï
O;officier;vt;;wo missa, wo subosubo
O;officine;f;;dowoho
O;offrande;f;;vcsânu, numemê, nudzodzg
O;offre;f;;nunana
O;offrir;vt;;na nu, da ga na ame
O;;;qc. à q.;de asi le nu1 nu na ame
O;offusquer;vt;;ldë nu na ame
O;;;q.;via ame nu, dia ame nu
O;ogre;m;;amelâdula
O;oie;f;;kpakpahe
O;oignon;m;;sabala, abro
O;oindre;vt;;si ami na nu, ta ami
O;oiseau;m;;hevi, he
O;;;mouche;aditsi
O;oisellerie;f;;hevidede, hedede
O;oiseleur;m;;hevidela
O;oisiveté;f;;kuviawowo
O;oison;m;;kpakpahevi
O;olive;f;;amiti fe tsetse
O;olivier;m;;amiti, oliveti
O;ombrage;m;;vovoli, — numadomado
O;ombrager;vt;;do vovoli na nu
O;ombre;f;;vovoli, noli, luwo
O;ombrelle;f;;hehi, kataiibi
O;omettre;vt;;de nu le me, — sa nu di
O;omission;f;;dede le me, sasadi, dodokpo
O;omnibus;m;;tasiadam, keke
O;omoplate;f;;abogba
O;once;f;;dzidzenu ade
O;oncle;m;;nyruï, togâ, todia, nyruigâ, nyruivi
O;onction;f;;amisisi, amitata
O;onde;f;;tsitsotsoe
O;ondoyer;vt;;de mawiiftsi na devi si le do lém
O;ongle;m;;îe, îetsu
O;onguent;m;;ami sisi, amitike, anuwotre
O;opéra;m;;feîe, îeîeîe
O;opérateur;m;;nuwola
O;opérer;vt;;ko ame, kpa ame
O;;;en faveur de qc.;tia nu
O;opinion;f;;susu, tamesusu
O;s'opposer;vt;;tsi tre de nu nu
O;oppresser;vt;;te nu (ame) de anyi, haha nu do
O;oppresseur;m;;ametela de anyi
O;opprimer;vt;;te ame de anyi
O;opprobre;m;;nukpe
O;opter;vt;;tia nu
O;opticien;m;;gankuiwola, tsitsiwola
O;opuscule;m;;agbalêvi
O;or;m;;sika
O;oracle;m;;afâkaka
O;orage;m;;dzikedzo kple dzidegbe
O;;;dominicale;Aîeto fe gbedododa
O;oranger;m;;atotonutiti
O;orateur;m;;nyagblola, nuîola
O;orbe;m;;nu nogo
O;orchestre;m;;kpekuha, sankuîoîo
O;ordinaire;m;;gbesiagbe îe nududu
O;ordonnance;f;;dodo, sédede
O;ordonner;vt;;do nu, de sé, de gbe na ame, do nu na ame
O;ordre;m;;dodo, sé, sédede
O;;;spirituel;sadagaha
O;;;de;bataille awadzedze
O;oreille;f;;to
O;oreiller;m;;tazionu, sudui, sumle, kozioe
O;orfèvre;m;;sikadanuwola
O;orfèvrerie;f;;sikadanuwowo, sikanu
O;organe;m;;dowonu
O;organisation;f;;dodo, nudoanyi
O;organiser;vt;;do nu
O;organiste;m;;sankufola
O;orge;f;;îo, li
O;orgie;f;;nutsududu, aglotutu
O;orgue;m;;sanku gâ
O;orgueil;m;;dada, gbagbla, aminu, dzadzra, amim
O;orient;m;;gedzefe
O;s'orienter;v;;dzi mo
O;orifice;m;;nu
O;oriflamme;f;;aflaga
O;origine;f;;ke, dzofe, gomedzefe
O;ornement;m;;atsyô, atyôdonu
O;ornemantation;f;;atsyôdodo, atsyônu
O;ornementer;vt;;| A n, , rA -
O;orner;vt;;/ ^° at^° na nu"
O;ornière;f;;mo îe liîo
O;orphelin;m;;tsôvi, tsuêvi
O;orphelinat;m;;tsôviwonyiîe, tsuêviho
O;orteil;f;;afobide, afovi
O;orthographe;f;;nunonlô le dodo nu. 18* ort — our ortie î adza, avedze. P-pique adza me ame
O;os;m;;fu
O;oser;vt;;do dzi, katse
O;osier;m;;ati ade
O;ossuaire;m;;îuho, fukpo
O;ostensoir;m;;hostia kokoe îianu
O;otage;m;;aboyome, awobame
O;ôter;vt;;tso nu yi, de nu da
O;;;les habits;de awu di
O;;;qc. à q.;de nu le ame si
O;où;adv;;afika
O;oubli;m;;nunonlo be
O;oublier;vt;;nlo nu be
O;ouest;m;;getodoîe
O;oui;adv;;ë, yo
O;ouïr;vt;;se, se gbe, do to
O;ouragan;m;;anyiîliyâ
O;ourdir;vt;;wo, nane
O;ourlet;m;;avoto, awuto, to
O;ourler;vt;;fo nu to, fo to na nu
O;ours;m;;sisiblisi
O;outil;m;;dowonu
O;outrage;m;;dzudzu, difofo, nukpedodo
O;outrager;vt;;dzu ame, do nukpe ame
O;outre;adv;;godo
O;en-;prép;;kpe de sia nu, kpakpli, kple
O;ouvertement;adv;;fâ, le gaglâgbe
O;ouverture;f;;wuwu, nu
O;ouvrage;m;;dowowo, agbalê
O;ouvrier;m;;dowola
O;ouvrir;vt;;wu nu, klê nu, wu nu nù
O;;;la bouche;ke nu
O;;;la porte;wu wotru
O;;;les yeux;ke nku, wu nku
O;;;le parapluie;ke hehi
O;;;la campagne;dze awa gome
O;;;de force;wu nu sesêtoe, klê asi le nu nu
O;ouvroir;m;;dowofe
P;ovation;f;;dzidzoseyi, bùbunana
P;pacifier;vt;;le avu
P;pacificateur;m;;avulela
P;pacification;f;;avulele
P;pacte;m;;nubabla, dzonyinyi
P;paganiser;vt;;wo ame woatro zu trôsubola
P;paganisme;m;;trôsubosubo
P;page;f;;aha
P;page;m;;subola, fianuvi, ablodevi pag — pal
P;pagne;m;;avo, do
P;païen;m;;trôsubola
P;paillasse;f;;aba
P;paillasson;m;;atsiatsia
P;paille;f;;gbe fufu, be
P;;;hachée;bewo
P;pain;m;;abolo, kokui, akpono
P;paître;vt;;kplo la yi gbedufe
P;paix;m;;nutifafa, novisilele
P;palais;m;;fiaho, fiasâ, mô
P;palais;m;;nume îe dzigbe
P;palanquin;m;;apaka, afake
P;palefrenier;m;;lâwodzikpola
P;paletot;m;;dziwui
P;pâleur;f;;fufuti
P;palissade;f;;kpototo, kpo
P;palissader;vt;;' to kpo fo hlâ nu, tu kpo ti
P;palliation;f;;adariuduidodo
P;pallier;m;;tsyo ako de nya dzi, do adanuduii
P;pallium;m;;episkopo fe dziwui
P;palme;f;;deti, yevuneti, alati, agoti fe alo
P;palmeraie;f;;deve
P;palmier;m;;yevuneti, alati
P;;;à;huile deti
P;;;à;éventail, agoti
P;palper;vt;;ka asi nu nu, îo asi nu
P;;;de;cœur dzidzodzo
P;paludisme;m;;asrâ, atidudui, nudza
P;pan;m;;akpa, aga
P;panégyrique;m;;ame kuku kaîukaîu
P;panier;m;;kusi, abaka, kevi
P;panne;f;;haha, gbegblê
P;panse;f;;konukoe, lâdzpnududuwo îe îodo
P;pansement;m;;abibabla
P;panser;vt;;bla abi
P;pantalon;m;;atawui
P;paon;m;;atsrima
P;papa;m;;fofo, to
P;papaye;f;;adiba, dzigoe
P;papayer;m;;adibati
P;pape;m;;papa
P;papeterie;f;;pepawoîe, agbalêwofe
P;papier;m;;pepa, agbalê
P;;;buvard;inke fupepa, blotinpepa
P;papier-monnaie;m;;gagbalê
P;papillon;m;;kpakpaluvvui, kpokponuvvo
P;papillote;f;;gbetike, kpetike
P;pâ que;f;;Yudatowo fe paska
P;paquebot;m;;meli, wu. Pâques fpl Kristotgwo fe paska, Kristo foîô fe azâgbe
P;;;fleuries;adefôho kwasidagbe
P;;;closes;kwasida gbâto le Paska megbe
P;paquet;m;;nublabla
P;par;prép;;to nu me, to nu dzi
P;parabole;f;;lododo, gli, nya tsitsiwo, abe
P;parachever;vt;;wu nu nu, vo nu. Paraclet m Gbogbo kokoe
P;parade;f;;atsyô, asadabobo
P;paradis;m;;paradiso, dzifo, Mawu fe fiadufe
P;parage;m;;futa, nutowo me
P;paragraphe;m;;nunlonlô fe akpa
P;;;(publier);ta agbalê, kaka agbalê
P;;;(sembler);wo abe
P;parallèle;f;;akasa, akasa nu, lika, soso
P;paralysie;f;;lâmetutu, amiâ, tidzedze atri
P;paralytique;m;;hodro, lâmetututo, abuno
P;parapluie;m;;hehi (na tsidzadza), katanbi
P;parasite;m;;adifudidula, adifudidudu
P;parasol;m;;hehi, gehehi par — par
P;paratonnerre;m;;dzikedzokplonu, hebiesolega
P;parc;m;;abc, lâkpo
P;parcelle;f;;nuvi, akpavi, nukake
P;parchemin;m;;agbalê, krata
P;parcimonie;f;;nuheedodo
P;parcourir;vt;;to nu me, tso nu me, tsa nu (ave)
P;parcours;m;;mo, tofe
P;par-dessous;adv;;le nu te, te
P;par-dessus;adv;;le nu dzi, dzi
P;pardessus;m;;dziwui
P;pardon;m;;tsotsoke, taflatse, monana
P;pardonner;vt;;tso nu ke
P;;;des péchés à q.;tso nuvôwo ke ame
P;pareillement;adv;;nenemâke, nenemâ
P;pareille;f;;tefedodo
P;parement;m;;atsyô
P;parent;m;;fometo, sâmeto
P;parentage;m;;fome
P;parentée;f;;fometowo, togome, nogome
P;parer;vt;;do atsyô na nu
P;parer;vt;;de nu da, tro nu da
P;;;q, de qc.;kpo ame ta
P;paresse;f;;kuvia, fotnewowo
P;parfaire;vt;;wu nu nu, kpe nu de nu nu
P;parfois;adv;;geadewogi, gbeadewogbe
P;parfum;m;;wewe vivi
P;parfumer;vt;;do wevCe vivi na nu
P;pari;m;;dikeke, gbelsotso
P;parier;vt;;tso gbe de nu dzi, ke di le nu nu
P;parité;f;;soso
P;parjure;m;;awatsotamkala, atabutula
P;parjure;m;;awatsotamkaka
P;parjurer;vt;;ka awatsotam, tu atabu
P;parlement;m;;duko fe takpefe
P;parlementer;vt;;dro nya
P;;;à voix basse;fo nu de gbe me, fo nu wluWlu-wlu
P;;;haut;fo nu sesïe
P;;;mal de q.;lï ame nu, gblo ame nya
P;;;à q.;fo nu na (kple) ame. • -
P;;;avec abondance;gblo nya gede
P;;;de q.;fo nu le ame nu, fo ame îe nu
P;;;de qc.;gblo nya tso nu nu
P;;;du nez;fo nu tso noti me, gbâ dze
P;;;en Pair;fo nu de yâ me
P;;;pour les bancs;gblo nyanyamanyama
P;;;pour q.;wli ame ta
P;;;en faveur de q*;kaîu ame
P;;;français;do frâsegbe
P;;;indistinctement;gbâ vekpli de nya dzi
P;parleur;m;;nufola
P;parloir;m;;nufoho, honomee
P;parmi;prép;;dome
P;paroi;f;;hometsogli
P;paroisse;f;;hame
P;paroissien;m;;gbedodagbalë
P;paroissien;m;;hoseto si le mawununola fe dzidu-du te
P;parole;f;;nya, nyagbogblo
P;parqueter;vt;;do wufo home
P;parquer;vt;;to kpo îo hlâ nu
P;parrain;m;;todula le Mawutsideta hoho me. ■
P;parricide;m;;towula
P;parsemer;vt;;wu nu de nu dzi, hlê nu
P;partager;vt;;ma nu, ti nu me
P;;;en trois;mâ nu de akpa etô me, ma nu de etô
P;;;de l'argent;mâ ga (me)
P;;;qc.;entre mâ nu na amewo
P;partage;m;;mamâ, numemamâ
P;partance;f;;hoho (wu)
P;parterre;m;;bo, kpo, akabo
P;parti;m;;akpa, gome, dzoti
P;partie;f;;akpa, go, dowowo, ha
P;;;de chasse;adelawoha, adedaha
P;;;(d'un vaisseau);wu ho
P;partisan;m;;yomenola, yomedzela
P;partition;f;;mamâ
P;partout;adv;;aîisiafi
P;parure;f;;atsyô, lekewowo, atsyôdodo
P;parvis;m;;hohonu, kponu
P;pas;m;;afodede, zozo
P;passage;m;;tofe, toto, mozoga, nutitoto, nume-toto
P;;;de la mer rouge;mozozo le fu dzï la me
P;passager;m;;mozola le fu dzi
P;passe;f;;dzodzo
P;passé;m;;geyigi si va yi
P;passe-partout;m;;saîui si wua wo sia wo
P;passeport;m;;monagbalê
P;;;(vieillir);do hoho
P;;;vt;to nu nu yi, gbo nu nu yi, wu nu, sa nu di
P;;;(filtrer);tsyo nu
P;;;chez q.;yi dakpo ame da
P;;;dans une autre classe;do ame klase bubu
P;;;devant q.;to ame nu yi
P;;;en proverbe;enye lodonu
P;;;la main sur qc.;li asi nu nu
P;;;plus loin;yi dzi, yi ngogbe, to nu gbo yi
P;;;par la porte;to wotrti (me)
P;;;à l'ennemi;si yi de futowo dome
P;;;à gué;tso to, to tsime
P;;;à côté de q.;dze to ame nu, to ame nuti
P;;;pour coupable;bu îo
P;;;sous l'empire de q.;no ame te
P;;;sur qc.;da ata nu
P;;;maître;du nu dzi, du gâ
P;;;un fleuve;to tosisi dzi
P;;;pour;qc
P;;;la nuit chez q.;tsi ame gbo do
P;;;la nuit à;tsi afiade do
P;passereau;m;;atsutsrue
P;passerelle;f;;lêvi, lê, to sêdzivi
P;passion;f;;fukpekpe, nudzodzro, lame fe nudzidzû pas — pau la Passion de N. S. Mia Aîetp îe îukpekpe kple ku
P;passionnément;adv;;kple dzo, vevie
P;passoire;m;;asôe, atoe, nutsonu1
P;pasteur;m;;alêkplola, osofo
P;pâtir;vt;;kpe îu
P;pâtissier;m;;aboloviviîola
P;patois;m;;gbe
P;patriarche;m;;blemaîofo, îoîoga
P;patrie;f;;de, denyigba
P;patrimoine;m;;domenyinu, togbuinu
P;patriote;m;;denyigbalôla
P;patriotisme;m;;denyigbalolô
P;patron;m;;afeto, takpola
P;patronage;m;;dzikpokpp
P;patronner;vt;;kpo ame ta
P;;;de devant;ngogbeîo, alonu
P;;;de derrière;megbefo, ata
P;pâturage;m;;gbeduîe, lânyiîe
P;paupière;f;;nkuyi
P;pauvre;m;;ame dahe, aheto, ziâto
P;pavé;m;;mododo kple kpe
P;paver;vt;;do mo kple kpe
P;pavillon;m;;agbado
P;pavoiser;vt;;si aflaga
P;paye;f;;fetu, fe
P;payement;m;;fehehe, fetunana
P;payer;vt;;he fe, tu fe
P;;;un acompte;na akana
P;;;des impots;na adzo
P;;;q. de retour;lô gbe, lô ame
P;;;de retour;do teîe na ame
P;;;d'audace;do dzi, wo kalê, katse wo nu
P;;;de belles paroles;kpata mo na ame
P;payeur;m;;fehela, îetunala
P;pays;m;;anyigba
P;;;étranger;duta, amedzrowode
P;paysage;m;;anyigba fe nonome
P;paysan;m;;agbledela
P;pêche;f;;lâdede, dokpokplo
P;pêche;f;;kutsetse vivi ade
P;péché;m;;nuvô
P;;;mortel;nuvôgâ
P;;;véniel;nuvôvi
P;;;originel;domenyinuvô
P;;;au filet;da asabu, kplo do
P;pécheur;m;;nuvôwola
P;pêcheur;m;;lâdela, tomelâdela, asabudala
P;pédagogue;m;;amehela
P;peigne;m;;dametroti, davunu, aîê, yida, srobi, aya
P;peindre;vt;;ta nu, si ano de nu nu
P;peiner;vt;;ve ame
P;peintre;m;;nutala, anosila
P;péjoratif;m;;vô, vlo
P;pêle-mêle;adv;;hatsahatsa, nyadrinyadri
P;peler;vt;;kpa, klê, fo nu, îlo nu le nu nu
P;pèlerin;m;;mozola
P;pèlerinage;m;;mozozo
P;pelican;m;;aluge, alu
P;pelote;f;;kokpo, kopo, ko
P;peloter;vt;;hlâ bolu
P;peleton;m;;gbadagbawo ha
P;penchant;m;;bibi, lolô, dzodzro
P;;;d^ne colline;abu, agame
P;pencher;vt;;bi, bo, via, zio
P;;;pour q*;lô ame îe nya
P;;;la tête;de ta anyi, de ta gu
P;pendre;vt;;ku nu de nu nu
P;;;q.;de ka ve na ame, sa ame
P;pendule;f;;gafodokui gâ
P;;;dans une chambre;ge de ho me
P;péninsule;f;;fukpo aîâ
P;pénis;m;;a\va, vo
P;pénitent;m;;dzimetrola, nuvôgomeWula
P;penseur;m;;tamesula
P;penser;vt;;bu, susu, bulbu
P;;;à q.;do nku ame dzi
P;;;à qc.;bu tame de nu nu
P;pensionnaire;m;;+ f nuduhola, sukudela ade
P;pensionnat;m;;sukugâ
P;pépin;m;;ku, nuku
P;percepteur;m;;nudzola
P;percer;vt;;no nu, to, kusi, wu nu
P;;;un tonneau;^u atigo nu
P;percevoir;vt;;ho nu
P;;;des impots;dzo nu, ho adzo
P;perclusion;f;;amiâdo
P;percnoptère;m;;akagâ, aklasu, pente* percussion î foîo, dada. .perdition î tsyotsyrô, gbegblê
P;perdre;vt;;bu nu
P;;;la vue;nku gbâ na ame
P;;;de l'argent;bu ga
P;;;la parole;nu tsi te na ame
P;;;de vue;nu bu de ame
P;;;son chemin;bu mo, tra mo
P;;;courage;dzi de le ame îo
P;;;q. d'honneur;gblê ame îe nko
P;;;sur une marchandise;bu de asiîeîle me, gugu»
P;;;haleine;gbogbotsihe tsi ame îo
P;perdrix;f;;tegîi, avetegli, dadi
P;père;m;;to, foîo, — fada
P;;;de l'église;ha la îe foîogâ
P;perfectionner;vt;;wo nu woazu blibo
P;perfidie;f;;ayevôe, dzimevetonyenye. *
P;perforation;f;;liono
P;perforer;vt;;no nu, kusi nu
P;péril;m;;haha, aîoku, kuhi
P;périmètre;m;;kogo
P;;;par le glaive;tsi yi nu
P;permanence;f;;anyinono
P;permettre;vt;;na mo, de mo
P;permis;m;;monagbalê
P;permission;f;;monana, modede
P;perpétrer;vt;;wo nu
P;perpétuité;f;;anyinono da
P;perplexité;f;;tamebublu
P;perquisition;f;;nu me dzodzro
P;perquisitionner;vt;;dzro nu me, ku nu me
P;perroquet;m;;ako, lokpotsri
P;perruche;f;;akono
P;perruquier;m;;takola, talûla
P;persécuter;vt;;ti ame yome
P;persécuteur;m;;yometila
P;persévérance;f;;kutrekuku
P;persiflage;m;;amekoko
P;persifleur;m;;amekola
P;persifler;vt;;ko ame, du fewu le ame nu
P;personnage;m;;amegâ
P;personne;pr;;amadeke
P;personne;f;;ame
P;personnel;m;;dowolawo
P;perspicacité;f;;ayedzedze
P;persuader;vt;;de nu fia ame, ka de nu dzi na ame
P;persuasion;f;;kakadenyadzi, hose, se
P;perte;f;;bubu, tsyotsyrô me, toyiyi, gugu
P;perturbation;f;;wunyawunya, zi
P;perturbateur;m;;zitola, zifola
P;perversité;f;;vôdinyenye
P;pervertir;vt;;gblê ame, tro ame
P;pesanteur;f;;kpekpeme, dadame
P;peser;vt;;da nu, te nu kpo, — nu no ame dzi
P;;;doigt;devito, asi kotoe
P;petit-fils;m;;togbuiyovi, vivi
P;petite-fille;f;;mamâyovi
P;petitesse;f;;suenono, nu sue
P;isétition;f;;mobiagbalê, kukudede
P;pétitionnaire;m;;kukudela
P;pétitionner;vt;;de kuku
P;pétrin;m;;abolokpe, abologbokolo
P;pétrir;vt;;nyâ nu, fanyâ nu, gbo nu
P;;;avec les pieds;nyâ anyi
P;pétrole;m;;dzodrami, akadimi
P;peu;adv;;viade, we, ka, vie, sê
P;;;à -;blewublewu, vivivi
P;peuplade;f;;duko, du
P;peuple;m;;duko
P;peur;f;;vovô, dzikatsofo, dzino
P;peureux;m;;vovônotç, klëno
P;peut-être;adv;;dewohï, anumse, anye
P;phalange;f;;ha
P;jîhare;m;;îutadzoho
P;pharmacie;f;;atikewoîe, amatsiwofe
P;pharmacien;m;;atikewola, amatsito
P;pharynx;m;;venu, vemenu
P;phénomène;m;;nuwomoya, hihemenudzodzo
P;philologue;m;;gbesela
P;philosophe;m;;nunyala
P;phoque;f;;tovit
P;photographe;m;;ametala, nutala fototala
P;photographier;vt;;ta ame, de ame
P;phrase;f;;nya, nufofo, nyafokpe
P;phtsisie;f;;gbohi, tsitrenudo, kpetre
P;physicien;m;;atikewola
P;piano;m;;sanku, piano
P;pic;m;;agblenu
P;picoter;vt;;fie, to do nu
P;;;de;bois atikpo
P;pied;m;;afo
P;pied-à-terre;m;;dzefe
P;piédestal;m;;agbati
P;piège;m;;mô, azâ, gamô, akpa
P;;;sépulcrale;yododzikpe
P;;;de meule;tedada, tevi
P;;;à;aiguiser nunyrekpe
P;piété;f;;mawububu, mawulolô
P;piétiner;vt;;tu aîo nu dzi, îanyâ nu
P;;;l'herbe;bu gbe
P;piéton;m;;aîozola, aîotola
P;pieu;m;;kpoti, ati
P;pigeon;m;;ahône, afeflolui, agbanyi
P;pigeonnier;m;;ahônekpo
P;pignon;m;;ho îe tame, pile î ko, adru
P;piler;vt;;to nu, tugu nu
P;pilier;m;;hototi, gligoe, glikpui, soti
P;pillage;m;;adzodada, aboyolele
P;piller;vt;;ha nu, da, adzo, îanyâ
P;pilon;m;;tati, tomati, tsutoto
P;pilonner;vt;;to, gbâ, îanyâ
P;pilori;m;;vlodoameti
P;pilote;m;;kudodola, wukplola
P;piloter;vt;;kplo Wu, do wu
P;piment;m;;atadi, yebese, adzibolo, kuklui, aduvee
P;pin;m;;ati ade
P;pinacle;m;;hotame, tsuêîe
P;pinceau;m;;anosinu
P;pince-nez;m;;tsitsi, gankui
P;pincer;vt;;de îe ame, miâ nu, du îomizi
P;piocher;vt;;nlô anyigba, gâ nu, ku agble
P;pionnier;m;;modela, ngonola
P;piquant;m;;fu
P;piquer;vt;;to, fo, da
P;;;(insectes);te ame
P;;;(plantes);mê ame
P;piquet;m;;kpoti
P;pirate;m;;îudzidzodala
P;pis;adv;;gbegblê wu
P;pis;m;;no
P;pissoir;m;;adudodofe
P;pistolet;m;;tukpui, awumetukpui
P;piston;m;;kpe
P;pitié;f;;nublanuikpokpQ, amenuveve, avoir-de q* ve ame nu, kpo de
P;pivot;m;;aplatsome, megbega
P;placard;m;;sigao
P;place;f;;teîe, noîe
P;;;publique;asime, ablo
P;;;forte;mô
P;placement;m;;do
P;placer;vt;;tso nu do afi ade, da nu di
P;placidité;f;;dzifafa
P;plafond;m;;dzisasâ, mi
P;plage;f;;futa, gota
P;plagiaire;m;;nugbugbonlola
P;plaider;vt;;ho nya na ame, dro nya
P;plaidoirie;f;;nyadodro
P;plaie;f;;abi
P;plaignant;m;;amenutsola
P;plain-chant;m;;hadzidzi kokoe le Ha me
P;plaindre;vt;;ve ame nu, do baba na ame
P;plainte;f;;konyifafa
P;;;q.;di ko le ame nu, îe le ame nu
P;plaisir;m;;dzidzo, nudzedze
P;plan;m;;nutata
P;planche;f;;v^uîo, gbôgblo, aplati
P;plancher;m;;homenyigba
P;planchette;f;;wuîovi
P;planer;vt;;îo nu gbadza, dzo nu
P;planète;f;;gletivi
P;plant;m;;kaka, lalâ
P;plantain;m;;abladzo
P;plantation;f;;agble
P;plante;f;;numiemie
P;;;vénéneuse;adigbe
P;planter;vt;;do nu, fâ nu, wu nu
P;;;de l'igname;do te
P;;;une croix;tu atitsoga
P;;;là q.;gblê ame di, de asi ame nu
P;planteur;m;;nufâla, nudola
P;plat;m;;gbadzaîe
P;plateau;m;;gbadzaîe si le kokofe, dzigbeme
P;;;à servir;to, afiânu, agbonu
P;plâtre;m;;glidonyi
P;plèbe;f;;duko
P;;;e;lune gleti sosoe
P;plénitude;f;;agbososo
P;;;sur q.;ha nu le ame nu
P;pli;m;;nerie, îoîo, agbaîé
P;pliant;m;;zikpui
P;;;en dedans;ha nu de me
P;plomb;m;;tsumi, subu, subui
P;plongeon;m;;didodo
P;plonger;vt;;de nu tsi me, to nu nu me, nyrô nu
P;plongeur;m;;didôla
P;ployer;vt;;bi, bo, ha, dru, via nu
P;pluie;f;;tsi, tsidzadza, tsiwuwu
P;;;fine;agbafie, tsinyônyoe
P;;;incessante;dzamake, tsi dro zâ
P;;;à verse;tsi le gbogbom, gbe nyetsi
P;;;une poule;nyô koklo
P;;;fois;enuenu, edziedzi
P;poêle;f;;nutogba
P;poêle;m;;kpo
P;poème;m;;hakpakpa
P;poète;m;;nyakpala
P;poids;m;;kpekpeme, dadame
P;poignard;m;;aleli, adekpui, bete
P;poignarder;vt;;da adekpui ame, poi — pol
P;poigne;f;;ko, asinoiilo
P;;;de mains;asimiamiâ, asinana
P;poignet;m;;alonukpeîe, deîe
P;poil;m;;îu
P;poinçon;m;;îli, nutonu, — agbalêdzidonu, poindre vi do, dze
P;poing;m;;ko, agbagba, asirioiilo
P;point;m;;nunlôdzesi nogui, teîe
P;;;de;vue kpokpo
P;pointe;f;;tsuêfe, gboe, ta
P;;;du jour;fonoli, nukeke
P;poire;f;;kulsetse ade
P;poison;m;;adi, adi wuame, amewutike
P;poisson;m;;tomelâ, la
P;;;volant;dzodzodroe
P;poitrine;f;;akota, ako
P;poivre;m;;atadi, kuklui, adzibolo, yebese, able
P;poivrier;m;;ataditi
P;poivrer;vt;;de atadi nu
P;poix;f;;ano yibo
P;pole;m;;nugbo
P;poli;m;;zozrô
P;policier;m;;sedzikpola, senudzola
P;polir;vt;;zrô nu nu, tutu nu nu, li nu, îa nu
P;policer;vt;;he ame, na ame woado wu
P;polisson;m;;kpodomevi, gbevû
P;politique;f;;dzidudunununya
P;pollen;m;;anyïdzekplê
P;polluer;vt;;bo busu, gblê ko do na nu, îo di nu* pollution î kogbegblê, difofo, hadzedze
P;poltron;m;;klêno, vovônoto
P;polygamie;f;;srôgededede, nyonugededede
P;polygame;m;;srôgededela
P;pomper;vt;;yo tsi, gbo tsi
P;pompier;m;;dzotsila
P;ponctuellement;adv;;le game pepëpe
P;pondre;vt;;da azi
P;pont;m;;le, agbogblo, agba, klini, tpsêdzi
P;pontife;m;;nunola gâ, mawunûnolagâ
P;pontificat;m;;nunolagâ fe dzidudu
P;populace;f;;duko
P;popularité;f;;dukololô
P;population;f;;anyigbadzinolawo
P;porc;m;;ha, prako
P;porcelaine;f;;ganyi si wotsgna mêa agbawo
P;porc-épic;m;;dzrïdza, kotoko, hlômade
P;porche;f;;akpata
P;porcher;m;;hakplola
P;pore;m;;lûdoe
P;port;m;;wudzefe
P;portail;m;;agbo., wotru gâ
P;;;à double battant;wotru aga 'vee
P;portefaix;m;;nutsola, agbatsola
P;portefeuille;m;;kotoku
P;portemanteau;m;;agblo, awukunu
P;porte-plume;m;;agbalênlôgati
P;porte-monnaie;m;;gakotoku
P;porter;vt;;tso nu
P;;;des habits;do awu, ta avo
P;;;des fruits;tse ku
P;;;la barbe;to gè, do gè
P;;;un arrêt;tso afia
P;;;témoignage;di dase le nu nu
P;;;amitié;à q
P;;;q. en terre;di ame
P;;;q. jusqu'aux nues;do koko ame
P;;;le deuil de q.;nyi fu le ame nu
P;;;la main à qc.;lé nu de asi
P;;;secours à q.;nyâ aîa, kpe de ame nu
P;;;ses regards sur q.;le nku de ame nu
P;;;condamnation à mort;tso kufia na ame
P;;;plainte contre q.;tso ame nu
P;;;sur q.;nu kpo de ame
P;;;un enfant sur le dos;kpa vi
P;;;qc. sur la tête sans le tenir;do agbagba nu
P;;;la main sur q.;lé ame
P;;;qc. en haut;tso nu va dzi
P;porteur;m;;nutsola, agbatsola
P;portier;m;;wotrunudzola, agbonudzola
P;portion;f;;akpa, gomehoho
P;portique;m;;akpatae, agbo. Porto-Novo npr Hogbonu. Porto-Seguro npr Agbôdrafo
P;portrait;m;;ametata. Portugais m Agudayevu
P;poser;vt;;da nu di, do nu
P;;;qc. à terre;tso nu do anyi, da nu de anyi
P;;;qc. sur la table;tso nu do kplô dzi
P;;;une question;bia nya se
P;;;q.;do koko ame
P;;;la première pierre;do gomedokpe anyi
P;possédé;m;;ame si me gbetsivôe le
P;posséder;vt;;kpo nu, ho nu, nu le ame si
P;;;une langue;du gbe, nya gbe
P;possesseur;m;;nuto
P;;;diabolique;gbetsivôe no ame me
P;poste;m;;dowoîe, noîe
P;postérieur;m;;megbe, yomedzela
P;postier;m;;posttsola, letatsola
P;post-scriptum;m;;megbenya
P;postulant;m;;tabialase, nubiala
P;postulat;m;;tabiabiase, didi, dzidzi
P;postuler;vt;;dzi nu, ti nu yome
P;pot;m;;ze, kutu
P;;;à;eau zo
P;;;de;fer gaze
P;;;de chambre;adudoze, adudogo
P;;;à;goulot adakluzi
P;;;sans;goulot kolo
P;potage;m;;detsi, tsi, lâtsi
P;poteau;m;;ati, soti, kpoti, hotuti
P;potence;f;;kadeveti, amewuti
P;potentat;m;;riusêtç lïusêkpola
P;potier;m;;zemêla
P;potin;m;;zi, wunyawunyâ
P;pouce;m;;degblefetsu, degletsu
P;pou;m;;yo, yoe
P;poulailler;m;;koklokpo, kpôdutse, kokloyoe
P;poulain;m;;sovi
P;;;d'eau;tokokloe
P;;;mouillée;vovônoto
P;poulet;m;;koklovi
P;pouls;m;;wu îe sisi
P;poumon;m;;dzitodzito, dzokpo, îoîlokodzo
P;poupée;f;;îeîenu, ativi
P;pour;prép;;na, le nu ta, le nu teîe
P;;;que;cj be, bena
P;pourboire;m;;adzo na subola
P;pourceau;m;;ha
P;pourparler;m;;nyadodo, nyadodro
P;;;(des aliments);dze nyë, yo, ya
P;poursuivre;vt;;ti ame yome
P;pourtant;adv;;gake, ke, gake hâ
P;pourvoir;vt;;lé be na ame, kpo ame ta
P;;;q. de qc*;do nu na ame, na nu ame
P;pousse-pousse;m;;keke
P;pousser;vt;;tu asi nu, tu nu da, te nu, to nu, sisi nu, mimi nu
P;;;dehors;te nu do gui
P;;;en avant;do nu de ngo
P;;;de côté;te nu, mimi nu, kpasa nu da
P;;;des cris;to gli
P;;;des dents;to adu
P;;;des soupirs;de hû, fa hu
P;;;des feuilles;to angbawo
P;;;q. à qc.;ble ame de nu me, na wo be
P;poussière;f;;wuwu, wuwudedi, fufu
P;poussin;m;;koklovi
P;poutre;f;;ati, dadedzi, aplati
P;pouvoir;m;;riusê, nutete avoir q* en son-du ame dzi
P;pouvoir;vt;;te nu, nya nu, fo nu
P;prairie;f;;gbetefe
P;pratique;f;;wowo, konuwowo, konu
P;pratique;f;;asiflelawo
P;pratiquer;vt;;wo nu, srô nu, nyi ko
P;;;une opération;kpa dgng fe nutilâ
P;pré;m;;gbeteîe
P;préambule;m;;kpokployideme, nyanudede
P;préau;m;;sukuhonu
P;précéder;vt;;dze ngo, no ngo
P;;;q*;du ame dzi, dze ngo na ame
P;précepteur;m;;nufiala
P;précepte;m;;sedede, nuîiafia
P;prêcher;vt;;gblo nya
P;;;la parole de Dieu;gblo mawunya
P;;;q.;hlô nu ame
P;;;les gentils;gblo mawimya na trôsubolawo
P;précipice;m;;abu, aga
P;précipiter;vt;;tutu ame îu anyi, lo nu
P;;;ses pas;tso aîo, de abla
P;préciser;vt;;gblo nu tututu
P;préconiser;vt;;kafu nu na ame
P;précurseur;m;;ngonola
P;prédécesseur;m;;ngonola
P;prédestiner;vt;;tia ame da di
P;prédicant;m;;protestantetowo îe nyagblola
P;prédicateur;m;;miawunyagblola
P;prédire;vt;;ka afa, gblo nu di
P;préférence;f;;nulolô wu
P;préférer;vt;;lô nu wy, kafu nu wu bubiu
P;préfet;m;;dzidula
P;préfinir;vt;;do nu di
P;préjudice;m;;gbegblê, nuveveewowo
P;préjugé;m;;îigogbefiatsotso
P;prélat;m;;mawununolagâ
P;prélude;m;;nyanudede, nudzitoto
P;préméditation;f;;tamebubu
P;préméditer;vt;;bu de nu nu
P;premier;m;;gbâto, tato
P;premièrement;adv;;gbâla
P;premier-né;m;;ngogbevi, wudonu
P;prémunition;f;;dzadzrado
P;prendre;vt;;tso nu, de nu, ho nu
P;;;garde;kpo nyuie, do to nu
P;;;à cœur;ho nu de dzime
P;;;son temps;lala, dzo
P;;;Phabitude;dze nuwowo
P;;;les armes;kpla awawonu
P;;;une forteresse;ho mô
P;;;q. au corps;lé ame
P;;;la place de q.;ho ame tefe
P;;;q. pour;bu ame be
P;;;la fuite;si, dzo
P;;;un logement;ge ho
P;;;la parole;gblo nya
P;;;ses précautions;dzra do di
P;;;des renseignements;bia nu ta se, do nu gome se
P;;;des renseignements sur q.;do ame gome kpa (se)
P;;;une résolution;do tame
P;;;sa source;dze gome
P;;;jour;do nkeke da di
P;;;patience;gbo dzi di
P;;;de la peine;dze agbagba
P;;;plaisir à qc.;kpo dzidzo le nu nu
P;;;q. en affection;va lô ame
P;;;q. en pitié;ve ame nu
P;;;q. pour dupe;flu ame
P;;;q. en faute;tu ame kodï
P;;;q. au dépourvu;fiti ame, tso ame do
P;;;Pair;ho yâ
P;;;du café;no kafe
P;;;un repas;du nu
P;;;du repos;gbo de eme
P;;;de l'âge;du amegâ, tsi, do hoho
P;;;une maladie;lé do
P;;;qc. sur soi;ho nya de ako na ame
P;;;à ferme;ge anyigba
P;;;le dessus;du ame (nu) dzi
P;prénom;m;;Mawutsideta fe nko, Kristoto nko
P;préparatif;m;;\ dzad7rado
P;préparation;f;;/ azaazrado
P;préparer;vt;;dzra nu do
P;préposer;vt;;do ame de nu dzi
P;prérogative;f;;mokpokpo, nusêkpokfo
P;près;adv;;le nu gbo, le nu nu
P;;;de;le kpuife
P;présage;m;;dzesi. 20* pré — pré
P;présager;vt;;fia nu si le dzodzo ge
P;presbytère;m;;mawununola îe ho
P;prescrire;vt;;do nu, de se
P;présent;m;;nunana
P;présent;m;;fiîinoli
P;présentation;f;;nudodo ame îe nkume
P;présenter;vt;;do nu, kpe nu na ame
P;;;q. à q.;kplo ame fia ame, do ame ame îe nkume
P;;;ses hommages à q.;do gbe na ame, da ase na ame
P;préserver;vt;;de nu da le nu gbo
P;président;m;;nunola, ngonola, tato
P;présider;vt;;no ngo
P;presque;adv;;klo, esuso vve, ekpoto viade
P;;;(joint à un verbe);de
P;presser;vt;;te nu, miâ, nyâ, nyê nu, zi nu
P;;;q.;de questions
P;;;q. dans ses bras;kpla asi ako na ame, lé ame de ako
P;prestige;m;;bubukpokpo, moîlunu
P;présumer;vt;;susu, bu be
P;présupposition;f;;susu, buibu be, dada
P;pressurer;vt;;nyê nu
P;prêt;m;;gege
P;prétendre;vt;;to nya
P;prétention;f;;didi, nuhohofuako
P;prêter;vt;;ge nu, ba nu, gba nu, do nu na ame
P;;;de l'argent;do ga
P;;;secours à q.;kpe de ame nu
P;;;attention à;do to ame
P;;;serment;ka atam
P;prêteur;m;;nugela, nudola
P;prétexte;m;;adanudoe
P;prêtre;m;;mawununola, osoîo, trônu
P;grand-prêtre;m;;mawununola, gâ
P;preuve;f;;dodokpo, nugomewuwuîia
P;prévenir;vt;;tre, dze ame ngo wo nu
P;;;q. de qc.;do du de ame
P;prévoir;vt;;dzesi da di
P;prier;vt;;do gbe da
P;;;Dieu;do gbe da na Mawu
P;;;q. de qc.;bia nu le ame si
P;;;q. de faire qc.;de kuku na ame be
P;;;instante;kukudede, aîolélé
P;prieur;m;;sadagaho îe amegâ
P;primat;m;;episkopo gâ
P;prime;f;;ndigbedododa
P;prince;m;;amegâ, fia, fiavi
P;principe;m;;nutsofe, dzoîe, tsoîe
P;printemps;m;;ada, adame
P;;;d'habit;mawununolawo fe awuhoho
P;;;en considération;nkulélé de nu nuti, nuiélé de tame
P;priser;vt;;bu nu, do asi
P;priser;vt;;do asrâ, gu asrâ
P;prison;f;;gaho
P;prisonnier;m;;gahomenola, gameto, prisina
P;priver;vt;;rio nu le ame si, ho nu kple sesê
P;;;q. de nourriture;te nududu ame
P;privilège;m;;vide, mokpokpo
P;privilégier;vt;;lô ame wu
P;prix;m;;asihoho, asi
P;prix;m;;îetu', adzo, nunana
P;probablement;adv;;dewohi, anye
P;problême;m;;akontabubu
P;procédé;m;;wowo, dokuilele
P;procès;m;;nyadodro, wonu
P;prochain;m;;afelika, ahadzinola, ameha, npvi
P;prochainement;adv;;etefe medzidzi o, nyitsonyitso
P;proclamation;f;;gbefadede, gadodo
P;proclamer;vt;;do ga, do du, de gbe îa
P;procréer;vt;;dzi vi
P;procurer;vt;;he nu ve, île nu
P;procureur;m;;belela
P;prodige;m;;nukunu
P;prodiguer;vt;;da ahe, gblê ga
P;produire;vt;;wo nu, wa nu
P;produit;m;;nuwowo
P;profaner;vt;;gblê ko do na nu, wo nu mako-mako
P;proférer;vt;;gblo nu
P;;;des injures;do edinu na ame
P;professer;vt;;wu nu mg, ka de nu dzi
P;professeur;m;;nufiala
P;profession;f;;nyawmvu
P;;;de;foi hosemewuwu
P;profit;m;;vide, vi
P;profusion;f;;ahedada nu
P;programme;m;;kaklâgbalê, nudogbalê
P;progrès;m;;ngoyiyi, zodede
P;progression;f;;rigoyiyi
P;prohiber;vt;;he mo na nu, gbe nu
P;prohibition;f;;mohehe, gbegbe, nyagbegbe
P;projet;m;;tamedodo
P;projeter;vt;;do tame, susu
P;prologue;m;;ngodzenya, rigogbenya prolongation î kekeme numehehe
P;prolonger;vt;;didi nu de dzi, wo nu wôadzidzi de dzi
P;prolongement;m;;didiwowo de dzi
P;promeneur;m;;tsadila
P;promettre;vt;;do nugbe, fia adzogbe, sa gbe
P;promontoire;m;;îutato
P;promoteur;m;;nuwola, nudola
P;promouvoir;vt;;he nu yi ngogbe, do nu de dzi
P;promulguer;vt;;do ga, de gbe îa
P;prône;m;;mawunyagbogblo
P;prononcer;vt;;gblo nya, to nu
P;propagation;f;;nyakaka
P;;;de;la foi hosetakeke
P;propager;vt;;kaka nya
P;propension;f;;dzodzro
P;prophète;m;;nyagblpdito, nyagbloladi
P;prophétie;f;;nyagblodi
P;prophétiser;vt;;gblo nya di
P;propitiation;f;;avulele, nudodo
P;propos;m;;taniedodo, nyagbogblo
P;;;malveillant;sakplisasa, apasawowo
P;proposer;vt;;do nya na ame
P;propriétaire;m;;nuto, nukpola
P;;;foncier;anyigbato
P;prorogation;f;;hehe de megbe, geyigidodo
P;proroger;vt;;tso nya do nkeke bubu dzi
P;proscrire;vt;;nya anie le ame de
P;prosélyte;m;;amesi yi ha bubu me
P;prospérité;f;;gakpokpo, dzogbenyuie
P;prostituée;f;;matre, gbolo, dzakasi, hampo
P;prostiiution;f;;matrewowo, ahantawowo
P;prostration;f;;gbodzogbodzo
P;protecteur;m;;takpola
P;protection;f;;takpokpo
P;protectorat;m;;takpokpo
P;protéger;vt;;kpo ame ta
P;protestant;m;;protestanteto
P;protestation;f;;tsitretsitsi de nu nu
P;prouesse;f;;kalêwowo
P;prouver;vt;;do nu kpo, fia nu kote, de nu fia^
P;provenance;f;;dzodzome
P;proverbe;m;;lododo
P;providence;f;;takpokpo, belele
P;province;f;;anyigba fe akpa ade
P;provision;f;;belele
P;provocation;f;;nudiadia, nyadada de ame gbo
P;provoquer;vt;;dzi ge ame no, ku dzi na ame
P;pruneau;m;;kutsetse ade
P;public;m;;duko, amewo
P;publicain;m;;nudzola, adzohola
P;publication;f;;gbefâdede
P;publier;vt;;de gbe îâ, do kpo
P;;;au son du tambour;do ga be ... , îo atopani
P;puis;adv;;einegbe la
P;puiser;vt;;ku nu, ku tsi
P;puits;m;;vudo, to, tome tsidzidzi, tsidzofe
P;pulpe;f;;kutsetse îe là
P;pulveriser;vt;;mê nu wluiwlui
P;punir;vt;;he to na ame, tu îevô na ame
P;pupitre;m;;nunlokplô
P;purgation;f;;dometsatsra
P;purgatoire;m;;nutiklodzo
P;purger;vt;;klo nu
P;purification;f;;koklo, nutikoklo
P;purifier;vt;;klo nu, tutu nu, sia nu, ko nu nu
P;purin;m;;mïtsi, adudo
P;pus;m;;abitsi, abimetsi, ahodrô, tsi
P;pusillanimité;f;;vovô
P;pustule;f;;îoîoe, adi, nuvôe
Q;pygmée;m;;ame kpui, gezele, akotia. <jiuai m wudzeîe
Q;qualification;f;;riusêkpokpo, nutete, nonomefiafia
Q;qualifier;vt;;do husê ame, fia nu îe nonome
Q;qualité;f;;nonome, nyonyo, nane îe nyenye
Q;quand;adv;;gekagi, geyigi si
Q;quantième;m;;gleti fe nkeke
Q;quantité;f;;àgbgsosg, lolome, nane îe hehlême
Q;quart;m;;miniti wuiatô
Q;quartier;m;;gbgta
Q;quartz;m;;kpetsu
Q;quelquefois;adv;;geadewogi, gbeadewogbe
Q;quelqu'un;pr;;ame ade
Q;quereller;vt;;wo dzrè kple ame, he nya, tso anuku
Q;questionner;vt;;bia nya, bia ame se
Q;qui;pr;;ameka
Q;quiconque;pr;;amesiame, amesike, ame ade
Q;quiétude;f;;fafa
Q;quille;f;;fefenu, atigbo, gbo
Q;quille;f;;wugome, wu îe kpo
Q;quinine;f;;asrâtike, kinin
Q;quintessence;f;;tù
Q;quittance;f;;dasedigbalê, dasegbalê
Q;quitter;vt;;gblê nu di, de asi le nu nu, de nu da
Q;;;un emploi;de dokui da le nu me
Q;;;le;lit fô
Q;;;un lieu;wu (wu le Lome yi Aneho.)
R;quoi;pr;;nuka, nusi
R;rabais;m;;asidede, dzidede
R;rabaisser;vt;;de nu dzi
R;;;les prix;de asi dzi
R;;;Porgueil de q.;bobo ame de anyi
R;rabattre;vt;;didi nu, de nu dzi
R;rabot;m;;atikpaîi, atimêfi, atikpanu
R;raboter;vt;;kpa ati, zrô, îlo nu nu
R;racommodage;m;;nukâkâ, avokâkâ, nudzadzrado
R;racommoder;vt;;ka nu, do nu do, tsri
R;raccord;m;;dekawowo, nubabla
R;raccorder;vt;;kpe nu, sa ko
R;raccourcir;vt;;wo nu kpuie, gbo kpui nu, de nu di, kpa nu ta
R;raccrocher;vt;;gaku nu de nu nu, gatsi nu
R;rachat;m;;amedede, gatsoléafo, — nugbugofle
R;racheter;vt;;tso ga lé aîo na ame
R;;;q.;ho ame, de ame
R;râcler;vt;;îla nu, îlo nu, kuko nu
R;raconter;vt;;gblo nya fia ame, hlê nya fia, to nya
R;;;qc. en détail;fo nya me dekadeka
R;raconteur;m;;gblola, tola, nyatola
R;rade;f;;wudzeîe
R;radeau;m;;todzizoti, \vu
R;radicule;f;;akulsa, ke sue
R;radis;m;;amâ de
R;radotage;m;;îânyagbogblo
R;radoteur;m;;lânyagblpla
R;radoucir;vt;;fa nu nu, tsi nu nu
R;radoucissement;m;;fafa
R;rafale;f;;ahomu
R;raffermir;vt;;do nusê de dzi
R;rafle;f;;adzodada
R;rafraîchir;vt;;fa ko na ame, wo nu fafe, na gbo-dzoe
R;rafraîchissement;m;;gbodeme, dzidede, fafa
R;rage;f;;adâ, nyanyrâ, adâwowo
R;ragoût;m;;nududu, akplê
R;raideur;f;;tidzedze
R;raidir;vt;;lia nu, lio nu
R;raie;f;;fli, flu, flui
R;rail;m;;gati^ anyigbawumoti
R;railler;vt;;du fewu le ame nu, ka ahatse le ame nu
R;raillerie;f;;alomedede, fewududu, ahatsekaka, ame-koko
R;railleur;m;;alçmedela, ainekola
R;raisin;m;;vêkutsetsekpo
R;raison;f;;gomesese
R;raisonnement;m;;tamesusu
R;raisonner;vt;;-f vi, bu tame
R;rajuster;vt;;gadzra nu do
R;râle;m;;hlilidodo
R;rallier;vt;;gbugbo îo îu
R;rallumer;vt;;gado dzo, gasi dzo
R;ramage;m;;ka, seîoîo
R;ramasser;vt;;îo nu eîu, îo nu, lo nu, ko nu, ha nu
R;rameau;m;;alodze, adeîô
R;ramener;vt;;gbugbo nu va
R;ramer;vt;;de wu ame
R;rameur;m;;vvukula, wukuvi
R;ramollir;vt;;de nu tsi
R;rampe;f;;atrakpuisileîe
R;rançonner;vt;;bia gatsoleaîoho (amedehoj
R;rancune;f;;hlôdzidzi, adika, dzibibi, kelélé
R;rang;m;;akasa, dodo, ka
R;ranger;vt;;do nu de akasa nu, do nu de teîe
R;ranimer;vt;;gbo agbe ame, nyê nu
R;rapétisser;vt;;de nu le nu me, kika nu ka
R;rapiécer;m;;do nu do, ka nu
R;;;un habit;ka avo
R;rappel;m;;yoyo
R;rappeler;vt;;yo ame gbugbo, ve, yo ame tro va
R;;;q;de ame nu me
R;;;qc. à q.;do nu nu na ame
R;rapport;m;;nyatakaka, riutinyagbogblo, nyatoto
R;rapporter;vt;;ka nya ta, gblo nutinya
R;;;une loi;tu se
R;rapporteur;m;;sakplito, sakplisasa, sakplisala
R;rapprocher;vt;;tè nu de nu nu
R;rapt;m;;amesisi, amefifi
R;rareté;f;;ziaziâ, hiâtutu, nu veve
R;raser;vt;;lu gè na ame
R;rasoir;m;;gèlûhe, sewpyi
R;rassasiement;m;;îodidi, îododo
R;rassasier;vt;;di îo na ame, do îo na ame
R;rassemblement;m;;îuîoîo, takpekpe
R;rassembler;vt;;fo nu îu, tso nu fo îu
R;rassurer;vt;;îa dzi na ame, de dzi elo na ame
R;rat;m;;alegeli, aleli, kiti, golo, dzaka, zâto
R;râteau;m;;lâkleîe, gaha
R;râteler;vt;;tso lâkleîe lo anyigba, wo do kple gaha
R;rater;vt;;da îu anyi, da îu, bç
R;râtelier;m;;lânudunu
R;ratière;f;;alegelizâ, alegelimô
R;ratifier;vt;;li ke de nu dzi, do kpe nu dzi
R;ratisser;vt;;îla nu, îlo nu le nu riu, kuko nu
R;rattacher;vt;;gabla nu, ga gbugbo bla nu
R;rattraper;vt;;ho nu, tu, kpe nu, galé ame
R;rature;f;;îli
R;raturer;vt;;te fli de nu me
R;ravage;m;;gbegblê, tsyotsvrô
R;ravager;vt;;gblê nu, tsyrô nu. Vocabulaire 21 rav — réc
R;ravaler;vt;;bobo nu
R;ravin;m;;agame, we, a^lime
R;ravir;vt;;wli nu ame si, da adzo
R;;;(enchanter);du lame na ame, dze ame nu
R;ravissement;m;;vivisese, dzidzokpokpo
R;raviver;vt;;gbo agbe ame, nyë
R;;;le îeu;îlo dzo do, do îuîu de dzo
R;ravoir;vt;;gaho nu, gbugbo nu ho
R;rayer;vt;;si nu, si nu kpiekpie
R;rayon;m;;keklê, getotoe
R;;;de miel;anyigba, anyihe
R;réaliser;vt;;wo nu blibo, wo nu de nu
R;rebaptiser;vt;;gade mawutsi ta na ame
R;rebâtir;vt;;gatu ho
R;rebattre;vt;;gaîo nu
R;rebelle;m;;aglâdzela
R;rebord;m;;to, nu, koto, rebrousser (chemin) tro gbo, gbugbo va
R;rebut;m;;nu gbegblê
R;rebuter;vt;;gbe ame, tsri ame
R;;;q.;nyâ ame da, te ame da
R;recèlement;m;;nugagla
R;recéler;vt;;gla nu, wlo nu
R;receleur;m;;nuglala
R;récemment;adv;;nyitso, eteîe medidi o
R;recensement;m;;dukg îe hehlême, nu hehlêkpo
R;recenser;vt;;îilô dukowo ïe hehlême
R;recenseur;m;;hlêla
R;réceptacle;m;;fufofe, takpeîe
R;receveur;m;;nuhola, nudzoîa
R;recevoir;vt;;ho nu, kpo nu
R;;;le baptême;ho mawutsideta
R;rechange;m;;teîedodo
R;;;d'une maladie;gâ le dolélé me
R;recharger;vt;;gbugbo gakpe awa
R;;;un fusil;gasika tu
R;;;une voiture;gatso liu de tasiadam me
R;réchauffer;vt;;gaîu dzo, haha dzo nu
R;;;des aliments;do nududu dzo dzi
R;;;q.;de dzo lâme na ame
R;recherche;f;;nu me dzodzro, dodokpo
R;rechercher;vt;;dzro nu me, bia nu ta, ti nu yome
R;;;q.;bia ame ta se, do ame gortie kpp
R;;;une fille en mariage;bia nyçnuvi ta
R;récif;m;;tomekpe, akpâ
R;récipient;m;;nudzradonu, ganu
R;réciproquement;adv;;tso akpa eve
R;récit;m;;nyatoto, gli
R;réciter;vt;;gblo nya, hlê nu tso tame
R;réclamation;f;;haha
R;réclamer;vt;;de deklemi, bia nu ta
R;réclusion;f;;gahomedede
R;écognition;f;;sidzedze. 21* rec — rec recoin ni bebefe
R;recoller;vt;;gadrê nu, gatre nu
R;récolter;vt;;rie nu, de nu
R;recommander;vt;;kaîu ame na ame
R;;;qc. à q.;de nu asi na ame, kafu nu na ame
R;recommencer;vt;;gbugbo dze gome, récompense î fetutu, adzo, tefedodo, nunana
R;récompenser;vt;;na nunana, na fetu, do tefe, he îetu nyuie
R;recompter;vt;;hlê nu kpo
R;réconcilier;vt;;lé avu, kpata ame, do nu na ame
R;réconfort;m;;akoîafa, riusêdodo
R;réconforter;vt;;fa dzi na ame, do riusê ame
R;reconduire;vt;;kplô ame do da, do ame da le mo dzi
R;reconnaissance;f;;akpedada, sidzedze, dodokpo
R;reconnaître;vt;;dze si ame, bia nu ta se, \vu me
R;;;qc.;lô de nu dzi
R;reconstituer;vt;;do nu do, dzra nu do
R;reconstitution;f;;dododo, dzadzrado
R;reconstruire;vt;;gbugbo gatu ho se
R;recourber;vt;;glô nu, bi, bo, hâ nu goba, nyê nu
R;;;à q.;si ame tso
R;recours;m;;sietsoîe, sisife
R;recouvrement;m;;felïlï, nugbugbokpo, nugbugboho
R;recouvrer;vt;;gaho nu
R;;;une somme;lï îe ame
R;;;la santé;haya, ka de me
R;;;les sens;do ame me
R;récréation;f;;gbogbodeme, didideme
R;recréer;vt;;gawo nu
R;recruter;vt;;tso awa
R;recteur;m;;kplola, sukugâ îe nuîiala gâ
R;rectifier;vt;;do nu do
R;rectum;m;;anlome, miefime, kplê
R;reçu;m;;nuhodasegbalê
R;recueillir;vt;;fo nu, ho nu, îo nu efu
R;;;une succession;du dome, nyi dome
R;recul;m;;megbedede, megbeyiyi
R;reculer;vt;;do nu de megbe
R;récupérer;vt;;gaho nu
R;récurer;vt;;klo nu, kpala nu
R;récusation;f;;nugbegbe
R;reddition;f;;tsoiso de asi, tanana. Rédempteur m Delà, Hpla
R;redevance;f;;adzo
R;rédiger;vt;;rilo nu
R;redingote;f;;dziwui gâ
R;redire;vt;;gagblo nya, avoir qc
R;redonner;vt;;gana nu
R;;;du courage à q.;gade dzi eîo na ame
R;redoubler;vt;;gadzi nu de dzi
R;redoute;f;;akpohonu, tavvligli
R;redouter;vt;;vô nu
R;redressement;m;;nudododo. 322 red — reî
R;redresser;vt;;do nu do
R;;;q.;ka mo na ame
R;réduction;f;;wêwpwo
R;réduire;vt;;gbugbo nu de megbe
R;;;(rendre plus petit);wo nu wôazu sue alo wë
R;;;(diminuer);de nu le nu dzi
R;;;(changer);tro nu
R;;;en poudre;mê nu kakekake, tu nu wôazu wo
R;;;(vaincre);du nu dzi, te ame de anyi
R;réduit;m;;hovi
R;réédifier;vt;;gbugbo gatu ho
R;refaire;vt;;gawo nu
R;réfection;f;;nududu
R;réfectoire;m;;nuduho
R;référence;f;;totro de nya gbo (nuti)
R;référer;vt;;tro de nu gbo (nuti)
R;réfléchir;vt;;susu tame, dè nugblë, de ta anyi
R;refléter;vt;;da dzo
R;réflexion;f;;tamebubu, riugblëdede, nunutibubu
R;;;d'une image;luwo, nonometata
R;reflux;m;;fumiemie
R;refondre;vt;;tro nonome
R;refonte;f;;nonometotro
R;réformateur;m;;nugbegblêdolado, nudolado
R;réformation;f;;dododo
R;réforme;f;;dododo
R;réformer;vt;;do nu do, dzra nu do
R;refouler;vt;;do nu de megbe, tu asi nu de megbe, tutu
R;;;Pennemi;nya futowo, té futowo
R;refrain;m;;hadzidzi îe akpa si wogbugbo dzina
R;refréner;vt;;he nu de megbe
R;réfrigérer;vt;;fa nu, dzro nu
R;refroidir;vt;;îa nu, wo nu fafe
R;refroidissement;m;;wodi, vuvo
R;refuge;m;;sietsofe
R;refus;m;;gbegbe, nuteame
R;refuser;vt;;gbe nu na ame, tè nu ame
R;;;de travailler;gbe dowowo
R;réfuter;vt;;tsi tre de nya nu
R;regagner;vt;;gaho nu, gakpo nu
R;;;ses;foyers gbugbo yi aïe
R;régal;m;;kplôdodo, aglotutu
R;régaler;vt;;wo amedzro na ame, do kplô na ame
R;;;q. de qc.;do dzidzo na ame kple nane
R;regard;m;;kpokpo, nkulélé de nya nu
R;regarder;vt;;kpo nu, kpo nu da, lé nku de nu dzi
R;;;(concerner);di, ga, hiâ, ka ame, tso ame gbo
R;;;bouche béante;kpo nu yâ
R;;;en arrière;nyê ko, kpo megbe
R;;;fixement;kpo nu dû, kpo nu ho
R;;;furtivement;fi nu kpo
R;;;de tous côtés;tsâ nku (mlamlamla, lialialia)
R;;;devant soi;kpo rigo
R;;;q. en pitié;kpo ziâ (hiâ) na ame
R;;;q. de haut;da de ame dzi
R;régence;f;;fiadudu, dzidudu
R;régent;m;;dzidula, fiadula
R;régénération;f;;gbugbogadzi, yeyewowo
R;régénérer;vt;;wo nu yeye, gbugbQ gadzi nu
R;régicide;m;;fiawula
R;;;(cheval);da afokli
R;régime;m;;dzidudu, dodo
R;régiment;m;;gbadagbawo fe ha
R;région;f;;nutowo me, anyigba fe akpa
R;régir;vt;;du nu dzi
R;régistre;m;;agbalê, nkogbalê, rikoyogbalê
R;règle;f;;dodo, sé, mo
R;règlement;m;;sé, dodo
R;;;de;compte numebubukpo
R;réglementer;vt;;do nu, de sé
R;régler;vt;;do nu do, do nu
R;;;un compte;bu nu kpo, bu nu me kpo
R;;;un différend;lé avu
R;;;une affaire;fo nya ta
R;réglisse;f;;gbetike
R;règne;m;;fiadudu
R;;;(maladie);do gbâ de du me
R;regret;m;;vevedodo
R;regretter;vt;;nu ve ame, fa konyi de nu ta
R;;;ses péchés;nuvôwo ve ame
R;régulariser;vt;;do nu, so nu kple se
R;régularité;f;;dodo le sé nu, soso
R;rehausser;vt;;ko nu de dzi, do nu de dzi
R;réimprimer;vt;;gâta agbalê
R;reine;f;;fiasrô, nyônufia
R;réinstaller;vt;;gado anyi, li
R;réintégrer;vt;;gado anyi
R;;;q. en prison;gade ame gaho me
R;réitérer;vt;;gbugbo wo nu
R;rejet;m;;gbegbe
R;rejeter;vt;;gbe nu, tso nu îu gbe
R;;;Pennemi;nya futowo
R;;;la faute sur q.;mli nya da de ame dzi
R;rejeton;m;;do, alo, dzedze
R;rejoindre;vt;;kpe nu, tsia nu, wo deka
R;réjouir;vt;;do dzidzo na ame
R;;;aux dépens de;du îewu le ame nu
R;réjouissance;f;;dzidzokpokpo, agbedudu
R;relâchement;m;;nudedi, gbodzogbodzo
R;relâcher;vt;;dzobo, gudu, botsoi
R;;;q.;de asi le ame nu, de ame gahome
R;relater;vt;;gblo nya fia
R;relation;f;;gbogblo, nyatakaka
R;reléguer;vt;;nyâ (ame le anyigba dzi)
R;relever;vt;;gaîo nu de tsitre, gako nu de dzi
R;;;le courage de q.;de dzi eîo na ame
R;relier;vt;;gabla nu
R;relieur;m;;agbalêblala
R;religieux;m;;sadagahomenola, sadagato
R;religion;f;;mawusubosubo, konu
R;reliquaire;m;;nugblëdi kokoe îe adaka nyuie
R;relire;vt;;gahlë nu
R;remanier;vt;;do nu do, gaka asi nu nu
R;remarquer;vt;;kpo, dze si
R;remblai;m;;anyikpo, kpo koko legbê
R;rembourrer;vt;;îe avo de nu dzi, de golo nu, de nu nu me
R;rembourser;vt;;gbugbo na nu, gbugbo tu îe
R;remède;m;;atike, amedenu, nusi do nu do
R;remercîment;m;;akpedada
R;remercier;vt;;da akpe na ame
R;remettre;vt;;gado nu anyi, tso nu de asi na ame. • qc
R;;;qc.;he nu de nkeke bubu dzi
R;;;q.;îa dzi na ame
R;;;le cœur à q.;de dzi eîo na ame
R;;;son habit;gado awu
R;;;qc. en mémoire à q.;do nku nu dzi na ame
R;remiser;vt;;tso nu de akpata me
R;;;des;péchés nuvôwotsotsoke
R;remonter;vt;;gayi dzi
R;;;une montre;tro gaîodokui, na ka gaîodokui
R;;;à cheval;gado so
R;remorquer;vt;;he wu
R;remoudre;vt;;gagbâ bli, ganyô bli, gatu wo
R;rémouleur;m;;kapenyrela, henyrela, nunyrela
R;remous;m;;adawla, libla, adawu
R;rempart;m;;anyikpo
R;remplacer;vt;;do teîe na nu, ho de ame tefe
R;;;se remplacer;v doli teîe, dudo teîe
R;remplacement;m;;teîehoho
R;remplir;vt;;yo nu, wo nu blibo, flo nu, Ho nu
R;;;la place de q.;no ame tefe
R;;;sa promesse;wo de nya dzi
R;;;la;fumée remplit la maison, dzudzg ho la me
R;remporter;vt;;Isg nu yi, de nu da
R;;;la victoire;du nu dzi, du dzi
R;remuer;vt;;wa nu, blu nu
R;;;les esprits;to zi
R;;;la queue;nyê asike. (se) remuer wa, wa dokui
R;rémunérer;vt;;na îetu
R;;;à;la vie haya
R;renard;m;;abe, abei, woglâ, watakle
R;renardeau;m;;abevi
R;rencontre;f;;kpekpe, gododo, anyididi
R;rendement;m;;vide, wâwâ
R;;;des;champs agblemenu
R;rendez-vous;m;;takpekpe
R;rendre;vt;;gbugbo na nu, tso nu de asi na ame
R;;;la liberté à q.;de ame le ga me
R;;;la vie à q.;ho ame de agbe
R;;;compte;to nya, tsi nya
R;;;grâces;da akpe
R;;;témoignage;di dase le nu (ame) nu
R;;;visite à q.;kpo ame da
R;;;q. heureux;do dzidzo na ame
R;;;le;dernier soupir ku
R;renégat;m;;godzela, aglâdzela, — hosegbela
R;renfermer;vt;;ha nu, de to de nu nu
R;renforcer;vt;;do nusê de dzi
R;renfort;m;;dzidzi de dzi
R;renîment;m;;nusesê nugbegbe
R;renier;vt;;sê nu le nu nu, gbe nu (ame)
R;;;sa foi;gbe hose, renifler vi, gbo wê se
R;renifler;vt;;wê nu se
R;renne;m;;la ade
R;renom;m;;riko, rikohoho, nyonyo de du
R;renommée;f;;riko nyuie, rikohoho
R;renoncement;m;;asidede le nu nu, gbegbe, dokui-dede le nu me
R;renonciation;f;;asidede, gbegbe, dokuidede le nu riuti
R;renouer;vt;;gabla nu
R;renouveler;vt;;gawo nu yeye
R;;;qc. à q.;do riku nu dzi na ame
R;renouvellement;m;;yeyewowo
R;renovation;f;;yeyewowo
R;renseignement;m;;nya, nufiafia
R;renseigner;vt;;fo nya me na ame, de nya me
R;;;foncière;anyigbanu
R;rentrée;f;;totrogbo, gbogbo, afeyiyi
R;renverser;vt;;mû nu fu anyi, gli nu fu anyi, te nu de to
R;;;qc. en courant;fu du hlâ nu de anyi, lo nu îu anyi
R;;;q.;lo, (îo) ame îu anyi, da nu ame
R;renvoi;m;;amedededa, nyanyâ
R;renvoyer;vt;;gbugbo nu do da, — he nu de megbe
R;;;q.;do ame de aïe, do ame da
R;réorganiser;vt;;gado nu anyi
R;repaire;m;;sietsofe, bebefe, mloîe
R;repaître;vt;;na nududu ame
R;répandre;vt;;ka nu, kaka nu, hlê nu, keke nu^ vCuwu nu
R;;;une nouvelle;keke nya ta
R;;;du sang;ko wu de anyi
R;;;des larmes;fa avi
R;réparation;f;;dzadzrado, teîedodo, kukudede
R;réparer;vt;;dzra nu do, do nu teîe
R;;;un canot;he lêwu
R;;;un mur;tre gli
R;;;(partir);gadzo, gadze mo dzi
R;répartir;vt;;ma nu, mâ nu me
R;répartition;f;;mamâ
R;repas;m;;nududu
R;repassage;m;;awudzidodo
R;;;qc. à q.;gatso nu na ame
R;;;qc.;gawo nu, gasrô nu, gahlë agbalê
R;repasser;vt;;gatro gbo
R;repentance;f;;dzimetgtro, veve
R;repère;m;;dzesi
R;répéter;vt;;gbugbo gblo nya, do dzi, gawo nu, gagblo nu
R;répétition;f;;nyagbugbçgblo, nugbugbowo
R;répit;m;;dzudzo, gbegblêdi : vovo
R;repli;m;;rionlo
R;replier;vt;;ganfo nu
R;;;qc. à q.;do nya nu na ame, ho nya dzi na ame
R;;;à un appel;to na ame
R;;;à une salutation;lô gbe
R;;;insolemment;to gbe ame, da gbe de ame gbo
R;;;de q.;îu asi ako de ame ta, ho nya de ame ta
R;réponse;f;;nutidodo
R;reporter;vt;;gbugbo nu va.-- se-à qc
R;repos;m;;dzudzo, gbogboderne, didideme
R;reposer;vt;;gada de anyi
R;reposoir;m;;altarogâ le mo dzi le tsadidi kokoe repoussant a vlo, nyâmâ
R;repousser;vt;;te nu, tutu nu de megbe, tu asi nu da
R;;;l'ennemi;nya futowo, te futowo
R;;;une prière;tri to de nya hu
R;repréhension;f;;mokaka
R;reprendre;vt;;gbugbo gaho nu, gadze nu gome
R;;;des bas;gbugbo lo aîowui
R;;;le chemin de Lomé;gatro gbo va Lome
R;;;courage;galé dzi de fo
R;;;femme;gade srô
R;;;le dessus;gadu ame dzi
R;représentant;m;;teîenola, nua
R;représentation;f;;gbogbloîia, îiafia
R;représenter;vt;;gblo nu fia, tso nu do ame nkume
R;répression;f;;tetedanyi
R;réprimander;vt;;ka mo na ame
R;réprimer;vt;;te nu de anyi
R;reproche;m;;dzudzu, mokaka
R;reprocher;vt;;do vlo ame, ka mo na ame, dzu ame
R;reproduire;vt;;gawo nu
R;réprouvé;m;;ame vlo, ame si le dzome
R;réprouver;vt;;gbe nu, ka mo na ame de nu ta
R;reptile;m;;nutata
R;répudier;vt;;gbe nu, do vlo nu
R;répugnance;f;;tsitretsitsi de nu nu, liunyô
R;réputation;f;;riko, nkghoho, nyônyô
R;requérir;vt;;dzi nu, bia nu ta
R;requiem;m;;amekuku hadzidzi
R;requin;m;;dzenedunu, gekpô, agblolui
R;requisition;f;;didi, nudzidzi
R;rescrh;m;;dodo, sé
R;réseau;m;;ka, abu
R;reserve;f;;j •
R;réserver;vt;;dzra nu do
R;réservoir;m;;tsiganu gâ, tsinu
R;résigner;vt;;de asi nu riu, tso uane na ame
R;;;une cbarge;de dokui nu me, de asi dg me
R;respect;m;;bùbu, amebùbu, sosrôda
R;respecter;vt;;bù ame, sro ame da
R;respirer;vt;;gbo
R;;;difficilement;gbo fûfûfû
R;;;Pair frais;ho yâ
R;responsabilité;f;;nyanuhoho
R;ressemblance;f;;didi
R;ressemeler;vt;;do gr ne na aîokpa, do aîpkpa gome
R;ressentir;vt;;se nu, dze si nu me
R;ressentiment;m;;dziku, domedzui
R;resserrer;vt;;haha nu, miâ nu, mimi nu
R;ressource;f;;kpekpedenu, mo
R;restaurant;m;;ame dzrodzefe
R;restauration;f;;yeyewowo, dzadzrado, dododo
R;restaurer;vt;;wo nu y eye, do nu do
R;reste;m;;nu susoe, nukpotoe, mle, mloea
R;;;absent;tsi megbe, tsi afia de, meva o
R;restituer;vt;;gbugbo nu na ame
R;restitution;f;;nugbu^bo na ame
R;restriction;f;;mohehe
R;restreindre;vt;;he mo na nu
R;résultat;m;;nya fe gododo, nuwuwu, yomedzenu
R;;;clairement;tso kote tso nu me
R;résumer;vt;;gblo nya kpuie, ka nya ta
R;résurrection;f;;tsitretsitsi (so amekukuwo dome
R;rétablir;vt;;gado anyi, do nu do
R;rétablissement;m;;anyidodo, dododo
R;retard;m;;megbetsitsi
R;retardataire;m;;miegbetsila
R;retardement;m;;nuhehe de megbe
R;retenir;vt;;ho nu na amedokui, — he ame de me-gbe, he mo, le ame di, sika ame di
R;;;qc;lé nya de ta me
R;;;une date;do geyigi, do azâ
R;;;son haleine;tsi gbogbo de îo
R;;;ses larmes;zi avi
R;;;qc sur le salaire;de îe dzi, de ga ga me
R;réticule;m;;kotoku
R;retirer;vt;;gbugbo nu de megbe
R;;;dans la maladie;dze dzefodzefoe
R;;;dans le péché;gawo nuvô
R;retoucher;vt;;do nu do
R;retour;m;;totro, gbogbo, aîedede, totrogbo
R;;;à;Dieu dzimetotro
R;retourner;vt;;tro bu nu de anyi, tso nu bu anyi, tro nu
R;;;q.;tro ame îe tamesusu
R;retracter;vt;;gbe nu
R;retrancher;vt;;là nu, tso nu, sê nu da. (se)
R;rétribuer;vt;;tu îe, do nu tefe
R;rétrogradation;f;;megbeyiyi, megbedede
R;retrousser;vt;;tro nu
R;;;son habit;gu avo, klo avo
R;retrouver;vt;;gaîo nu, gakpo nu
R;réunir;vt;;gawo deka, gabla nu
R;réussir;vt;;yi dzi nyuie, dze dzi na ame
R;revanche;f;;tefedodo
R;rêve;m;;drôe, drôekuku
R;réveil;m;;nyonyô
R;réveiller;vt;;nyô ame
R;révélation;f;;nyadefia
R;révéler;vt;;de nu fia
R;revenant;m;;rioli, lmvo
R;revendication;f;;biabia, didi
R;revendiquer;vt;;dzi nu si enye ame to
R;revendre;vt;;gadzra nu
R;;;de suite;yi gbo
R;;;à l'esprit;do nku nu dzi
R;;;sur ses pas;tro gbo
R;;;à soi;do ame me, nyê
R;;;en;santé haya
R;revenu;m;;gahoho, fetu
R;réverbère;m;;akadi gâ le mo dzi
R;révérend;m;;bu ame, bubuto
R;révérer;vt;;bu ame
R;revers;m;;megbe
R;revêtir;vt;;ta avo na ame, do awu na ame
R;revirement;m;;totro
R;revirer;vt;;tro nu, do li nu
R;reviser;vt;;kpo nu me, dzro nu me kpo
R;revision;f;;numedzodzro, numekpokpo
R;revivification;f;;agbegbogbo
R;révocation;f;;nyagbegbe, numedede, nyakoklo
R;révoquer;vt;;klo (gbe) nya, de ame da, de ame do me
R;revoir;vt;;gakpo ame da, gado nu kpo
R;révolte;f;;aglâdzedze, zitoto
R;révolté;m;;aglâdzela, zitola
R;révolter;vt;;de zi amewo me
R;révolutionner;vt;;de zi amewo dome
R;révolver;m;;tukpui
R;rhinocéros;m;;la tonotidzo
R;rhum;m;;aha sesë ade
R;rhumatisme;m;;siti, titi
R;;;articulaire;agbaklikpe
R;rhume;m;;(de cerveau) wodi, kpe, kpefoame
R;;;de;poitrine kpékpe
R;riche;m;;-fa, kesinoto
R;ricin;m;;ati ade7 dzogbale, kasuwoeli
R;rictus;m;;nukoko
R;rideau;m;;nutsyovo, îesrênuvo
R;ride;m;;hatetre, ayilolo, ayiîofo
R;rien;adv;;naneke
R;rieur;m;;nukola
R;rigueur;f;;sesê
R;rincer;vt;;kotso nù me, klo nù me, kpala nù me
R;riposter;vt;;do liu hem, piâm
R;rire;m;;nukoko
R;;;étouffé;nukoko tititi
R;;;aux éclats;ko nu haha
R;;;aux dépens de q.;du fewu le ame nu
R;risée;f;;amekoko, fewu
R;risque;m;;nutetekpo
R;risquer;vt;;do dzi, katse wo nu
R;rite;m;;konudodo, kg, konuwowo
R;rituel;m;;konuwogbalé
R;rival;m;;riuwâla, nuwlila kple ame, asitsuto
R;;;droite;nudusimego
R;;;gauche;miâmego
R;rivage;m;;îuta, gota
R;rivière;f;;tosisi
R;rivet;m;;gatagbadze sue
R;riz;m;;molu, moli
R;robe;f;;dziwui, legbe
R;roc;m;;kpe gâ, aga
R;roche;f;;kpe gâ
R;rocher;m;;aga
R;rogner;vt;;kpa nu, tgo nu
R;roi;m;;fia, dzidula
R;roitelet;m;;awlesikpui
R;rôle;m;;nkogbaiê
R;roman;m;;liutinyagbalê. Rome np Roma, papa fe du
R;rompre;vt;;ne nu, gbâ nu, ka nu, fo nu
R;;;du pain;ka abalo, fli abolo
R;;;le cou;rie ko
R;;;toute relation avec q.;de dokui tso ame riufi
R;rondin;m;;kpo
R;ronger;vt;;du nu nu, kuko nu kple adu, nyi nu
R;rosaire;m;;rosario
R;roseau;m;;afla, keti, avâ, ayeti, ada
R;rosée;f;;zamû, ahû, gbenu, miatsi
R;rosignol;m;;hevi dziha ade, aloe
R;rostre;m;;do
R;rôti;m;;là toto
R;rôtir;vt;;to lâ, mê nu
R;rosser;vt;;îanyâ ame
R;roucoulement;m;;ahônê îe hohlô
R;rougir;vt;;biâ
R;;;de qc.;kpe nu
R;rouleau;m;;nu mligo, keke
R;;;de;drap avokpo
R;rouler;vt;;mli nu, mlo nu, hatsa nu
R;route;f;;mo
R;routier;m;;mozola
R;rouvrir;vt;;gavvu nu
R;royaume;m;;fiaduîe
R;ruban;m;;nublanu, ka
R;rubis;m;;kpe ho asi
R;rubrique;f;;sé, dodo, ruche î anyito, anyigba
R;rucher;m;;anyiho
R;rudiment;m;;gomedzenu
R;rudoyer;vt;;blu de arne ta, wo anyrâ le ame nu, ve nkume de ame
R;rue;f;;mo
R;rugissement;m;;gbedede, hohlô, gbetete
R;ruine;f;;mumû, tsyotsyrô, gbegblê, aîedo, atrigba-gbâ
R;ruiner;vt;;gbâ nu, gblê nu, tsyrô nu, gbâ atri nu-
R;ruisseau;m;;tosisi, towu
R;ruminer;vt;;dzo nu du
R;ruminant;m;;lâ dzonudu
R;ruse;f;;ayedzedze, nyasâ, amebeble
S;rustre;m;;amevlui, kpolu, yakame, îilgmiwola
S;sabbat;m;;memledagbe, Yudatowo îe dzudzogbe
S;sable;m;;ke, dzehe, riusike
S;sabot;m;;aîokpukpu, atiîokpa
S;;;du cheval;so îe aîo, aîokli
S;sabotage;m;;atiîokpawowo, — dogbegblê
S;saboter;vt;;gblê nu, tsyrô nu, nyê zi kple atiîokpa
S;sabrer;vt;;îo ame kple yi
S;sabre;m;;yi, sabla, samla
S;sac;m;;kotoku, akpanyâ, sako
S;saccager;vt;;da adzo, gblê nu, îanyâ nu
S;sacerdoce;m;;mawununolanyenye, nunono
S;sachet;m;;kotokuvi
S;sacoche;m;;akpanyâ, kotoku gâ, kabjikotoku
S;sacre;m;;yayira, episkopo dodo
S;sacrement;m;;sakramento
S;sacrer;vt;;wo nu kokoe, y ira nu, ko nu nuti
S;sacrificateur;m;;vosâîa, nuhela
S;sacrifice;m;;vosasâ, numemê, nuhehe
S;sacrifier;vt;;sa vo nu^ mê nu, tso nu sa voe na
S;sacrilège;m;;mawumenudzodada, nu madzemadze wowo, busunu, gbôdidi nu kokoe
S;sacristain;m;;mawuhodzikpola
S;sage;m;;nyasâto
S;sagesse;f;;nunya, gomesese, nyasâ, Sahara np Sahara : gbegâdzi le Afrika fe dziehe
S;saigner;vt;;wu la
S;saillie;f;;nya dikokoe, ayuenu
S;;;et;sauf dédie
S;saindoux;m;;hami
S;saint;m;;ame kokoe
S;sainteté;f;;kokgenyenye
S;saisie;f;;feisotso
S;saisir;vt;;lé nu, tso nu de asi, tso fe de nu nu
S;;;(comprendre);no de nu me
S;;;l'occasion;kpo mg
S;saisissement;m;;vodidi, dzodzo nyanyanya
S;saison;f;;fè îe azâ alo akpa deka
S;salade;f;;amagbe, gbekui
S;salaire;m;;fetu, adzg, ho
S;salaud;m;;féwgla
S;saler;vt;;de dze nu me, de nu dze me
S;saleté;f;;difofo, îé, ba
S;salir;vt;;îo di nu, dre nu
S;salon;m;;aîaba, akpata, amedzrohoîe
S;salpêtre;m;;akanua
S;saluer;vt;;do gbe na ame
S;;;q. de ma part;do gbe na ame nam
S;salut;m;;dede, hoho
S;samedi;m;;memleda
S;;;saint;memleda kokoe
S;sanatorium;m;;donoho
S;sanctifier;vt;;wo nu kokoe
S;;;le dimanche;wo kw?sidagbe kokoe
S;sanctionner;vt;;ka de nu dzi
S;sanctuaire;m;;gbedodaho, kokoeîe
S;sandale;m;;tokota
S;sang;m;;wu
S;;;coagulé;wunu, ana, wuko
S;sang-froid;m;;kalëwowo
S;sangle;f;;domeblanu
S;sanglier;m;;gbeha, ha dzê
S;sanglot;m;;hehedodo, avitsimegbe dodo
S;sangsue;f;;ahô
S;sans;prép;;mêle nu o, mêle me o
S;;;cesse;adv tegbe, tegbetegbe, tê
S;santé;f;;lâmesê, lâmekoko, recouvrer sa-ka de eme, gakpo lâmesê
S;sapeur-pompier;m;;dzotsila
S;saphir;m;;kpe hoasi
S;sapin;m;;ati ade
S;sarcasme;m;;alomedede
S;sarcler;vt;;ho gbe, nlô gbe, vu gbe
S;sarcloir;m;;agblemenu
S;sas;m;;nutsonu, atoe
S;sarment;m;;ka, kadede
S;sasser;vt;;tsra nu, tso nu
S;satan;m;;abosam, gbogbo vôdi
S;satin;m;;seda îomevi
S;;;à un payement;tu fe
S;sauce;f;;lâtsi, detsi
S;saucisson;m;;blon
S;saumon;m;;adege, dzadu, salmo
S;saupoutrer;vt;;de nu dze me, de dze nu me
S;saut;m;;dzodzo, aîutiti, kpôtiti, kpodzodzo
S;;;par dessus qc.;dzo kpo flo nu
S;;;en bas;di le nu dzi, ti kpo di
S;sauterelle;f;;welsuvi, wetra, wetsre
S;sauvage;m;;ame mawunku, gbemeto
S;sauvegarder;vt;;kpo nu ta, dzo nu nu
S;sauver;vt;;de ame, ho na ame
S;;;la vie à q.;ho ame de agbe. Jésus
S;sauveur;m;;delà, hola. Le
S;savant;m;;nunyala
S;savoir;vt;;nya nu
S;;;d'avance;nya nu tsâ (di)
S;;;à fond;fo nu, do kpo le nu me, bi de nu me, je ne veux rien en-medzrom o, megbee
S;;;jouer de l'harmonium;nya sankuîoîo
S;;;lire;nya agbalëhehlê
S;savoir;m;;agbalêmenunya
S;savoir-vivre;m;;dokuilélé
S;savon;m;;adzalê, koe
S;savonner;vt;;le adzalê na nu, de adzalê nu
S;;;q.;ka mo na arne
S;savourer;vt;;do nu kpo
S;saxophone;m;;kpe
S;scalpe;m;;tayi
S;scandale;m;;nukikli, kpodenuvôdinana
S;scandaliser;vt;;na kpodenu vôdi, dia ame nu
S;scapulaire;m;;awuvi kokoe, skapula
S;scarabée;m;;mlimï, adogo, adongo
S;scarifier;vt;;do go na ante, îo nyadui na ame
S;sceau;m;;nutrenu
S;scélérat;m;;ahohlôbola
S;sceller;vt;;tre nu nù
S;sceptique;m;;dikela, adikadola
S;sceptre;m;;fiatikplo
S;schisme;m;;mamâ tso hame, h a me ni a ma
S;sciatique;f;;alido
S;scier;vt;;dze ati
S;scintillement;m;;keklê
S;scission;f;;dzedze, mamâ
S;scorie;f;;gagbo, akamï, garni
S;scorpion;m;;dzidegbe, agadzago, ahô
S;scrupule;m;;dikeke, dzitsinya fe dzimaditsitsi
S;scrutateur;m;;numedzrola
S;scruter;vt;;dzro nu me
S;sculpture;f;;kpekpakpa, kpefufu
S;seau;m;;tokpo, tsikuganu, tsikunu
S;sécher;vt;;sia nu, wo nu wôaîu
S;;;qc. au soleil;sia nu de iidôgbe
S;seconde;f;;miniti îe akpa blâdêlia
S;seconder;vt;;kpe de ame nu, ho na ame
S;secouer;vt;;wuwu nu, dzobo, wa nu
S;;;un arbre;\vuwu ati, Wa ati
S;secourir;vt;;kpe de ame nu, ho na ame
S;secours;m;;kpekpederiu, hohoname
S;secrétaire;m;;nurilôla
S;secrétariat;m;;dzidudowofe, agbalêrilôîe
S;sécréter;vt;;de nu, de nu de aga, tsyo
S;sédiment;m;;fâ
S;séducteur;m;;amegblêla
S;séduire;vt;;bada, kplo ame tra, gblê ame, ble nu nu
S;seigneur;m;;aîeto. Le
S;sein;m;;no, vidzido
S;séjour;m;;nofe, tefe, anyinoîe
S;sel;m;;dzè
S;;;à gros grain;dzèdoku, dzeko
S;selle;f;;sokpa, akpa
S;seller;vt;;bla akpa na so, do sokpa so dzi
S;semaille;f;;nuku, ku, nudodo
S;;;sainte;kwasida kokoe
S;semence;f;;nuku, ku, îaîâ
S;semer;vt;;wu nuku
S;;;du blé;wu lu de agble me
S;semestre;m;;îè afâ
S;séminariste;m;;séminariste, îadadusukudela
S;séminaire;m;;seminari, sukugâ, îadadusuku
S;semoncer;vt;;ka mo na ame
S;sénat;m;;amegawo fe îuîofe
S;sénevé;m;;wumbe veve, tsotsi, si nape
S;sens;m;;anyasâ, sidzenu, gomesese, tame
S;;;auditif;ouïe nusese
S;;;gustatif;goût nudodokpo
S;;;visuel;vue nukpokpo
S;;;tactile :;toucher lâmenusese
S;;;olfactif;odorat wevCêsese
S;sensation;f;;lâmenusese, sidzedze
S;sensualité;f;;nutilânudzodzro
S;;;injuste;aîia takpo, aîia madzomadzo
S;senteur;m;;wewê
S;sentier;m;;aîomo, aîotefe, gbedzemg
S;senfinient;m;;niisese, susu, sese de lame, sentinelle î riudzola
S;sentir;vt;;se nu, se nu de lârne, dzesi nu, ka asi nu liu, se nu îe wewê
S;;;une îleur;wê seîoîo se
S;;;bon;wê nyuie, wê lilili
S;;;mauvais;wê badabada, kû, lilîlî
S;séparer;vt;;ma nu, de nu de aga, ma nu me
S;septembre;m;;September, gleli asiekelia
S;septentrion;m;;wego
S;sépulcre;m;;amediîe, yodo
S;sépulture;f;;amedidi
S;séquestrer;vt;;tso îe nu
S;séraphin;m;;dzifodoiagâ, serafim
S;sergent;m;;asaîohlï
S;sérieux;m;;moveviedodo, nusese
S;serpe;f;;yi, krante, akpatsa nù hahe
S;serpent;m;;da
S;serrement;m;;tete, miamiâ
S;serrer;vt;;tege nu, miâ nu, zi de nu îiuti
S;;;les genoux Tun contre l'autre :;miâ ata
S;;;la main à q.;na asi ame
S;;;les dents;du adukli, kpe adu
S;serrurier;m;;kladobawola
S;sérum;m;;atike
S;servant;m;;subola, dowola, riutime, amegbovi
S;;;de;Messe missasaibovi
S;service;m;;subosubo
S;;;divin;Mawusubosubo, soleme
S;servir;vt;;subo ame
S;;;à table;subo kplô
S;;;un malade;kpo dono dzi
S;;;la Messe;subo Missa
S;;;le dîner;tso nududu, do kplô dzi
S;;;à boire à q.;na aha ame
S;serviteur;m;;subola
S;;;de Dieu;Mawusubolâ. , servitude î kluvinyenye
S;seuil;m;;kpui, kokui, agbonu kokui
S;seulement;adv;;dedekoe, dede, , son. , , sèv — sig non pas-, mais menye
S;sève;f;;tsi, atimetsi, numetsi
S;;;humaine;avvatsi, riutsunu
S;;;(maladie);do gbâ de dume
S;sevrer;vt;;de devi le no nu
S;sexe;m;;dzidzime, fome
S;si;adv;;aie, alea, nenemâe, sigbe, e, nyateîe
S;sicaire;m;;amewula
S;siècle;m;;îè alaîa (aloîa)
S;siège;m;;zi, nunodzi, zikpui, ablengo
S;;;(d'une ville);hlafofo, duhaha, todede de du mu siéger vi kpe ta
S;sien;pr;;to, ameto
S;sifflet;m;;dzè, kete
S;signal;m;;dzesi
S;signaler;vt;;na dzesi, gblo nu fia
S;signature;f;;nkonorilo de nu Jte, asidede agbalë me
S;signe;m;;dzesi, sidzenu
S;;;de;la croix atitsogadzesi
S;signer;vt;;nlo nko de nu te, de dzesi, de asi agbalë me
S;signification;f;;gomedede, gome, signifier vi : egome enye
S;silence;m;;dodoezizi, zizikpi, dodoe
S;silex;m;;atsrokpe, atsodukpe
S;sillon;m;;agblenlômotofe
S;sillonner;vt;;nlô motoîe le agble me
S;similitude;f;;didi
S;simplicité;f;;madramadra, dzimekoko, nuteîewo-wo
S;simulacre;m;;legba
S;simulation;f;;alakpa, didri
S;sincérité;f;;anukwarenyenye, anukode
S;singe;m;;kese, kabli, kadza, fie, agbabli
S;singer;vt;;dia ame nu, srô ame
S;singulier;m;;dekahehlê, nudekafianya
S;sinistre;m;;dzogbevôe, batawu, ahovinu
S;sire;m;;afeto
S;sirène;f;;kpê
S;sirop;m;;suklitsi, atâde, atâhe
S;site;m;;nofe, anyigba
S;situation;f;;nofe, npnome
S;situer;vt;;do nu, do nu
S;sobriété;f;;mokoko
S;société;f;;habobo, hadede
S;socle;m;;zo. 352 sod — sol
S;soda;m;;tsi îaîe
S;sœur;m;;novinyonu
S;;;ai née, cadette;da, îoe, fi
S;soi;pr;;amedokui
S;;;(de;cochon) haîu
S;soiî;f;;tsikowuame, tsiko
S;;;de;vengeance hlôbiabia
S;soigner;vt;;lé be na ame, lé fo de ame nu, le îo na nu
S;;;un malade;kpo dono dzi
S;soin;m;;belélé îolélé
S;soir;m;;îiê, îiênyi, getodofe
S;sol;m;;anyigba
S;soldat;m;;gbadagba, asrafo. 9 être-du gbadagba
S;solde;m;;îè
S;solder;vt;;tu îè, na îè ame
S;soleil;m;;ge, wo
S;solenniser;vt;;du azâ, du nkekenyuie
S;solive;f;;atikpo, aplati, sollicitation î kukudede
S;solliciter;vt;;de kuku na ame
S;;;q. à faire qc.;îo nya de ame nù
S;sommaire;m;;emenya vevieto
S;sommeil;m;;alô, alôdodo, alôtsoame
S;sommer;vt;;hlë nu îolu
S;sommer;vt;;hiâ nu de ame nu, yo arne na kodzo-dodo
S;sommet;m;;nutame
S;son;m;;blitsro, tsakiti, tsyakli
S;son;m;;didi, nu fe gbedidi
S;son;pr;;eto, to
S;sonder;vt;;dzidze nu
S;songe;m;;drôe, drôekuku
S;;;de la trompette;ku kpe
S;;;la cloche;vt îo ga, do ga
S;sonnerie;f;;gaîoîo, kpekuku
S;sonneur;m;;gaîola
S;sorcellerie;f;;adze, dzo, aîâkaka, dzodudu, adze-lelé
S;sorcier;m;;adzeto, bokono, dzosala, amedula
S;sorgo;m;;îo
S;sort;m;;aklamâ, dzogbe, kpa
S;sorte;f;;îomevi, togbe
S;sortie;f;;gododo, dzoîe, tsadidi
S;sortilège;m;;adze, dzoduame
S;;;de la chambre;do go le ho me
S;;;de la forêt;do go tso ave me
S;sot;m;;bometsila
S;sou;m;;koba
S;soubresaut;m;;hehe, vodidi, kpotiti
S;souche;f;;nu takpo, atikpo, fome
S;;;(origine);dzodzo
S;souci;m;;nuhaha, dzimadi
S;soudain;adv;;enumake, zi deka, kpata
S;souder;vt;;tre ga, tre nu kple sanyâ
S;souffle;m;;gbogbo, fufudodo
S;;;le feu;flo dzo do
S;;;qc. à q.;do dalî na ame, de nya to me na ame
S;;;la discorde;îo avu do
S;soufflet;m;;wu (dzofloyeti)
S;souffrance;f;;vevesese, fukpekpe
S;souffrir;vt;;kpe fu
S;;;de la tête;ta du ame
S;soufre;m;;dzokpe
S;souhait;m;;didi, dzodzro, dzidzi
S;souhaiter;vt;;dzi nu na ame
S;;;bonne santé à q.;dzi lâmesê nyuie na ame
S;souiller;vt;;fo di nu
S;;;l'honneur de q.;îo di aine, gble ame nko
S;souillure;f;;difofo, féwowo
S;;;(être-);mû aha, ku aha
S;soulagement;m;;nunùfafa, nudzedze, kpekpedenu
S;soulager;vt;;fa nu nu, tsi nu nu
S;;;la douleur;fa veve nu
S;soûlard;m;;ahamûla
S;;;d'estomac;domehoho
S;soulever;vt;;do nu de tsitre, kg nu edzi
S;;;un f euple;to zi, de zi amewo me, bada a me wo
S;souligner;vt;;te fix de nu te (gome)
S;soumettre;vt;;du ame dzi, te nu de anyi
S;;;qc. à q.;do nu ame hkume
S;soupçon;m;;susu vô de ame nu
S;souper;m;;fiênududu
S;soupière;f;;detsize, adâze
S;soupir;m;;hûdede, îierie, hûîafa
S;;;après qc.;dzi nu, dzro nu vevie
S;;;pour q.;lô ame fe nya gbo
S;souplesse;f;;adasasa
S;source;f;;tsidzidzi, ta tsidzofe
S;sourcil;m;;adzu, àdzugo, adabata, adabatigo
S;;;muet;a tokuno mafonu, tokuno adetututo
S;;;à q.;ko mo de ame
S;;;de qc.;ko atseme nu
S;sourire;m;;nukoko
S;;;des;champs gbemefi
S;sous;adv;;le nu te, te
S;souscripteur;m;;amesi nlô nko de nu te
S;souscription;f;;nkononlô de nu te
S;souscrire;vt;;rilo hko de nu te
S;sousssigner;vt;;nlô nko de nu te
S;soustraire;vt;;de nu le nu me, de nu le ame dzi
S;soutenir;vt;;de ati nu te, glâ nu
S;;;q.;nyi ame, kpe de ame nu
S;;;qc.;ka de nu dzi, lé nane de te
S;;;une gageure;ke di le nu nu
S;soutien;m;;kpekpederiu, nuziodenu, nugodenu
S;souterrain;m;;tomemo, lu memo, domemo, lûmôdo
S;souvenir;m;;nkudodo, nudodonu, nkudodzinu
S;souvent;adv;;enuenu, edziedzi, gbadrê
S;souverain;m;;dzidula, fia
S;spasme;m;;yiyi îe ga dede ame, lialia, boleame, hehedo, gadza
S;spécialement;adv;;vevieto. Vocabulaire spe — s te spécialité î dowona
S;spécifier;vt;;yo deka deka, gblp tututu
S;spécimen;m;;kpodenu, asifia
S;spectacle;m;;nukpokpo
S;spectateur;m;;nukpola, spectral a abe noli ene
S;spéculation;f;;tamebubu, nutetekpo, nudodokpo spéculer vi, bu tamie, té nu kpo, do nu kpo
S;sperme;m;;awametsi, nutsunu
S;sphère;f;;nu nogo
S;spiritualité;f;;gbogbonyenye
S;splendeur;f;;atsyô, nu nyui, nyonyo
S;spoliation;f;;adzodada
S;spolier;vt;;da adzo
S;spore;f;;nku, ku
S;sport;m;;fefe
S;squelette;m;;nukuku îe îuvvo
S;stabilité;f;;kelili, nusesê
S;stagnation;f;;tetoto
S;station;f;;noîe, toîe
S;statuaire;m;;mêla, kpala
S;statue;f;;ame kpakpa, nu kpakpa, amemëmê
S;statuer;vt;;do nu, do nu anyi, de sé
S;stature;f;;nonome
S;statut;m;;dodo, anyidodo
S;stéarine;f;;bosomi
S;stérilité;f;;numawomawo, kotsitsi, ko
S;sternum;m;;akoîu, akotaîu
S;stigmate;m;;abidzesi, abiteîe
S;stigmatiser;vt;;de dzesi
S;stimuler;vt;;na dzo ame, do nu, do nusê ame
S;stipuler;vt;;do nu dzi
S;stranguler;vt;;lé ve na ame, wu ame
S;stratagème;m;;aye, adanu
S;strier;vt;;si nu, si nu kpiekpie, te îli
S;structure;f;;hotutu îe nonome
S;stupéfier;vt;;toto tame na ame, do moyàto ame
S;stupeur;f;;tametoto, tidzedze
S;stupidité;f;;bometsitsi
S;style;m;;huîofo alo nunonlo fe nonome
S;suaire;m;;avo si me woblaa amekuku do, amedivo
S;suavité;f;;vividodo, nyonyô, nudzedze
S;subir;vt;;kpe fu, do dzi
S;;;une punition;he fe de nu ta, ho tohehe
S;;;un examen;wo dodokpo
S;;;la mort;kpe ku
S;subjugation;f;;tetedanyi
S;subjuguer;vt;;te ame de anyi, du ame dzi
S;sublimité;f;;koko, gânyenye
S;submerger;vt;;nyrô ame de tsi me
S;submersion;f;;tsidodo, amenyonyrô de tsi me
S;subordonner;vt;;do ame ame bubu te
S;suborner;vt;;ble ame de nu bada me
S;subornation;f;;amebeble de nu bada me
S;subside;m;;fetu, kpekpedeiiu to ganana me
S;substantif;m;;nurïko
S;substituer;vt;;do nu tefe
S;subterfuge;m;;adanudoe, adanudodo
S;;;aux besoins de q.;kpo ame ta, lé be na ame
S;suc;m;;tsi
S;;;à;q. (hériter) nyi dome
S;succès;m;;dziyiyi, dzidzedze
S;successeur;m;;yomedzela
S;succession;f;;yomedzedze
S;;;sous le poids du fardeau;agba wu ame, dze anyi de agba te
S;sucer;vt;;gbugbo nu, no nu, nyi nu (kutsetse)
S;sucre;m;;sukli
S;sucrer;vt;;de sukli nu me
S;sucrerie;f;;sukliwofe, suklidaîe
S;sucrier;m;;suklize
S;sud;m;;îugo
S;sud-ouest;m;;îugo-getodofe
S;sud-est;m;;fugo-gedzefe
S;suée;f;;îifia, ade
S;;;du sang;dze wu îe ade
S;;;à qc.;do kpo le nya me
S;suffisamment;adv;;sogbo
S;suffisance;f;;agbososo, nudede
S;suffoquer;vt;;he gbogbo de ame fo
S;suggérer;vt;;do adanu na ame, tso nya de ame gbo
S;suggestion;f;;adanudodo na ame
S;suicide;m;;dokuiwuwu, mitsotso
S;suicidé;m;;amewudokui, mitsola
S;suif;m;;lâmi
S;suiffer;vt;;si lâmi na nu
S;;;(continuation);dziyiyi
S;;;(ordre,;résultat) dodo
S;suivant;m;;kplola, dolada
S;suivre;vt;;dze (no) ame yome, do megbeîo
S;;;des yeux;kpo ame yome. (poursuivre) ti ame yome
S;;;furtivement;ti ame yome minyaminya
S;;;un chemin;tso mo, to mo, yi dzi
S;;;les traces de q.;tso ame îe ko, do aîo na ame
S;;;le parti de q.;ho de ame dzi
S;;;un cours;de suku gâ
S;sujet;m;;tenola
S;sujet;m;;ame, nya vevieto, nya îe ati
S;supérieur;m;;dzikpola, tato
S;suppléer;vt;;kpe de nu nu, wo nu blibo, do nu nu teîe
S;;;q.;no ame teîe, ho ame tefe
S;;;à qc.;do teîe, tso nu do nu tefe
S;supplément;m;;megbenya, megbenu, teîedodo
S;suppliant;m;;kukudela
S;supplice;m;;fukpekpe gâ de, ametsotso, momenu-veve
S;supplicier;vt;;wu ame, tso ame
S;supplier;vt;;de kuku na ame, lé afo na ame
S;support;m;;nu ziodeiiu, kpekpedenu
S;supporter;vt;;tso nu, do nu (îe) dzi
S;;;des douleurs;do vevesese (îe) dzi
S;;;la faim;do do dzi
S;supposer;vt;;susu, bu, bu hâ bena
S;supposition;f;;tamebubu de nu nuti
S;supprimer;vt;;te nu de anyi, he mo na nu, sa nu di, gla nya, de nu da
S;surcroît;m;;dzidzi de dzi
S;surexiter;vt;;to zi, do dziku na ame akpa
S;;;du;globe anyigbafo
S;surintendant;m;;dzikpola
S;sur-le-champ;adv;;îiîilayi, enumâke
S;surlendemain;m;;nyitso si gbona, nyitso rnê
S;surmener;vt;;dze agbagba akpa
S;surmonter;vt;;du nu dzi, wu nu, fo nu ta
S;surnom;m;;megbenko nkoîofodo, nkogbonkoe
S;surnommer;vt;;tso megbenko na ame, îo nko do na ame
S;surpasser;vt;;te ame wu nu, îo nu ta, gbo nu dzi, yi ame nu
S;surplis;m;;mawununola îe awu gi kpui, mawunya-gblowu
S;surplus;m;;susoe, mamloe
S;surpoids;m;;nudzidede, hodedzi
S;surprendre;vt;;lili ame, ke ame do, di kpe de ame nu, fiti ame
S;;;(étonner);wg nuku
S;sursis;m;;nu hehe de megbe
S;surtout;adv;;vevieto
S;surveillance;f;;dzikpokpo, nuriudzodzo, nunono, takpokpo
S;surveillant;m;;dzikpola
S;surveiller;vt;;kpo nu dzi
S;susciter;vt;;nyi nu, wo nu
S;;;des prophètes;do nyagbloditowo
S;;;un tumulte;to zi
S;suspecter;vt;;susu vô de nu nu, ke di
S;suspendre;vt;;ku nu de nu nu, he nu de megbe
S;;;qc. autour du cou;de nu ko
S;;;q.;de ame le dome, en suspens adv tsi akpa dzi, le eve dome, suspense î amedede le dome
S;suspension;f;;dikeke, hehe de megbe, mohehe
S;suspicion;f;;susu vô, tamevôbubu
S;sustenter;vt;;nyi ame, na nududu ame
S;sycophante;m;;amenuzola
S;syllabe;f;;nya deka îe akpa deka, nyakpa
S;symbole;m;;dzesi, kpodenu, nufiafia
S;syndicat;m;;habobo
S;synode;m;;hamemegâwo îe takpekpe
T;système;m;;dodo
T;tabac;m;;atamâ, bo
T;tabernacle;m;;agbado, avoho
T;;;de;matière emenyawo
T;tableau;m;;nonometata, tata
T;tablier;m;;fokle, dowovo
T;tabouret;m;;atikpe, zikpui, aîodonu
T;tacher;vt;;îo di nu
T;tact;m;;nusese de lame, dokuilélé, dometsotso
T;taillade;f;;sisi, kpakpa, aba, îéfé, dzedze
T;taillader;vt;;ko, dze, te aba de ati nu, îé nu
T;tailler;vt;;tso nu, îé nu, kpa nu, rilô nu
T;;;un crayon;kpa nunlôti
T;;;un arbre;kpa ati
T;;;la soupe;de abolo detsi me
T;tailleur;m;;awutola
T;taillis;m;;avevi, gbeme, avedodo, avekoe
T;taire;vt;;gla nya
T;talent;m;;tamekoko, anyasâ
T;talisman;m;;dzoka, atible, akpodzoka, tila
T;talon;m;;aîokpodzi, aîokpedzi
T;;;de;soulier aîokpako
T;talonner;vt;;do konukonui na so, de aîo ka me nà ame
T;talus;m;;abu, abudiîe, todiabuto, tokodiabu
T;tambour;m;;wu, Wuîola
T;tamis;m;;asôe, atoe, nutsyônu
T;tamiser;vt;;tsyo nu, tsra nu, gbo nu
T;tampon;m;;nutunu, stampu
T;tamponner;vt;;kpe nu
T;tam-tam;m;;wuîoîo, wu
T;tanner;vt;;te kpe agbalê
T;tanneur;m;;agbalêkpetela
T;iant;adv;;aie, alea, alegbegbe
T;tantôt;adv;;fifilayi, enumâke
T;taon;m;;adzôe, togbato
T;tapage;m;;vtfunyavVunya, zigidi
T;taper;vt;;îo ame
T;tapioca;m;;agbeliwo, tafiaka
T;tapis;m;;anyigbakuntru, avozodzi
T;tapisser;vt;;ka agbalê de gii nu
T;taquiner;vt;;dia ame nu, dzige ame nu, via ame nu
T;tard;adv;;megbe, gamedi
T;tarer;vt;;gblê nu, tsyrô nu
T;tarif;m;;asi, asifiagbalê
T;tarir;vt;;îu nu, mie nu, se
T;tartine;f;;abolo kple butru
T;tas;m;;ha, ko, kolili, îufolo, adru, zi
T;tasse;f;;kopo
T;tasser;vt;;îo nu îu, tu nu do, tege nu
T;tâter;vt;;ka asi nu nu, de asi nu liu, îo asi nu
T;tatouage;m;;nusisi, nkumesisi, akaba, blinui. (se)
T;taudis;m;;hovi îodi
T;taupe-grillon;m;;bo, boe, bokiti
T;taureau;m;;nyitsu
T;kux;m;;asi, asime, adzo
T;taverne;f;;amedzrotefe, ahanufe, ahadzefe
T;taxer;vt;;bia adzo, do asi
T;teindre;vt;;do nu, de nu a ma me
T;teint;m;;nonome
T;teinturier;m;;amâdola
T;tel;pr;;nenem, alea, aie îe nu, nenem
T;télégramme;m;;telegram
T;télégraphe;m;;didifenurilonu, telegraî
T;télégraphier;vt;;nlo nu to telegraî me
T;téléphone;m;;didiîenuîonu, telefon
T;téléphoner;vt;;fo nu to telefon me
T;télescope;m;;didiîenukponu
T;témoignage;m;;dase, dasedidi
T;;;de q.;di dase le ame nu
T;témoin;m;;dasedila, dasefo
T;tempe;f;;tolû, tonu
T;tempérament;m;;nonome
T;tempérance;f;;dokuilélé, ahatsitsri
T;température;f;;yâ fe nonome
T;tempérer;vt;;fa nu nu, tsi nu nu, de nu dzi
T;tempête;f;;ahomu, dziyâ
T;temple;m;;gbedoho, mawuho
T;;;païen;trôho
T;temps;m;;ge, geyigi, noli, azâ
T;;;passé;geyigi si vayi
T;;;futur;geyigi si gbona
T;;;libre;vovo, vovogi, adadze
T;ténacité;f;;ade, adedada, dedrê, kutrekuku
T;tendance;f;;tadoîe
T;tendon;m;;lâmeka
T;tendre;vt;;he, didi, de nu, te nu
T;;;une;corde : he ka, te ka
T;;;Parc;he da me, bo da
T;;;un piège;tre mô, azâ
T;;;une tapisserie;klâ agbalë de gli nu
T;;;à qc.;dzi nu, dze agbagba le nu nu, klê hu de nu iiu
T;;;la main à q.;na asi ame, kpe de ame nu
T;;;la main;bia nu
T;tendresse;f;;boboenono, dzimefafa, lolô, vividodo
T;ténia;m;;domekpleve, danukpleve
T;tenir;vt;;lé, ho nu, kpo nu
T;;;qc. de q.;ho nu le ame si
T;;;une séance;wo takpekpe
T;;;compagnie à q.;no ame nu, bo ha kple ame
T;;;tête à q.;tsitre de ame hu
T;;;à;dzi vevie be, dzro be
T;;;q. pour;bù ame (nu) abe
T;;;à qc.;tso, te, de nu nu
T;;;de q.;di ame
T;;;pour q.;ho na ame, no ame dzi
T;;;contre q.;tsitre de ame nu
T;;;q. sur les fonts baptismaux;du to (no) na ma wutsidetahola
T;;;lieu de q.;no ame teîe
T;;;le premier rang;du gâ
T;;;qc. (pour) vrai;ho nya dzi se
T;;;q. sous sa puissance,;du ame dzi
T;tennis;m;;fefe kple bolu
T;tension;f;;hehe, numehehe
T;tentateur;m;;ametelakpo, telakpo
T;tentation;f;;tetekpo, teteame
T;tentative;f;;nutetekpo
T;tente;f;;agbado, avoho, mozoho, hotsotso
T;tenter;vt;;te nu kpo
T;terme;m;;liîo, nuwuwu, azâdodo^ sefe
T;terminaison;f;;nuwuwu, nuwuîe
T;terminer;vt;;wu nu nu, do liîo na nu
T;terminus;m;;nuwuîe, seîe
T;termite;m;;baba, babayi
T;ternir;vt;;blu nu, îlu nu
T;terrain;m;;anyigba, agble
T;terrasse;f;;ablanda, anyigba troabu
T;terrasser;vt;;îu nu anyi, gbâ ame do, du ame dzL terre î hiheme, anyigba
T;;;en;friche îlunyigba
T;;;étrangère;du, duta, bodome
T;;;natale;denyigba
T;terrifier;vt;;dzi no na ame, do vovô na ame
T;terrine;f;;agba, ze
T;territoire;m;;anyigba mamâ deka
T;terroir;m;;anyigba^ agble
T;terroriser;vt;;dzi ho na ame, do hodzi na ame
T;tertre;m;;anyikpo, kpo
T;tesson;m;;ze kake, sonu, nu kake
T;testament;m;;nubabla, — domenyinugbalê
T;testateur;m;;amesi gble domenyinuwo di, dome-nyinudola
T;testicule;m;;voku, neku
T;tétanos;m;;hehedo, gbadzado
T;tctard;m;;ko ko, fukokui
T;;;chaude;dzibila kaba, dzikabeto
T;;;carrée;ta gbadza
T;;;de;mort ametakolui
T;;;première;koe
T;téton;m;;no, noku
T;texte;m;;nurionlo
T;thaumaturge;m;;nukunuwola
T;thé;m;;ti
T;théâtre;m;;nukpoîe, îèfefe, tatemênti, teata
T;théière;f;;tïze, tïkplu
T;thème;m;;nya, tanya, nyati
T;théologien;m;;mawunutinunyala
T;thermomètre;m;;dzohohodzidzenu
T;thuriféraire;m;;missasubovi si wona dzodanu riuti do
T;tibia;m;;afotigbe
T;;;spirituelle;liudede le mawusùbosubo me
T;tigre;m;;lâkle
T;tilde;m;;dzesi : —
T;timbale;f;;Wu
T;timbre;m;;letadzinu
T;timbre-poste;m;;leta dzinu stampu
T;timbrer;vt;;do stampu leta dzî
T;timidité;f;;vovô, tametoto
T;tinette;f;;gauuvi
T;tintement;m;;gaîoîo deka deka e didi
T;tinter;vt;;îo ga deka deka
T;tir;m;;tudada
T;tirailleur;m;;gbadagba, tudala
T;tire-buchon;m;;ahawunu, atukpaWunu
T;tirer;vt;;he, te, de, ho nu
T;;;une dent;ho adu, de adu
T;;;un coup de fusil;da tu, fe tu
T;;;sans viser;da datsra, da adagba
T;;;sur le rouge;de dzê wo ge
T;;;la porte derrière q.;do wo de ame nu
T;;;les oreilles à q.;he to na ame
T;;;le chapeau devant q.;wù kuku na ame
T;;;de l'eau;ku tsi
T;;;des larmes des yeux à q.;de adatsi nkume na ame
T;;;profit de qc.;de vi le nu me, kpo vide le nu me
T;;;gloire de qc.;îo adegbe le nu nu
T;;;une ligne;te îli
T;tiret;m;;dzesi ( — )
T;tiroir;m;;drô
T;tisane;f;;atike, gbe
T;tison;m;;d'zoti, aka dzodzo
T;tissage;m;;avololô, nulolô
T;tisser;vt;;lô avo
T;tisserand;m;;avolôla
T;tissu;m;;avo, edo
T;titre;m;;bùbunko, nko, tanya, gagbalê, dasedigbalê^ nku
T;titulaire;m;;ame si eljo nko, alo dowowo
T;tocsin;m;;nodzinu gâ
T;toge;f;;Romatowo fe dziwui
T;toile;f;;aklala, gagâ, lugudo, awu
T;toilette;f;;awudodo kple tsilele, atsyododo
T;toise;f;;Fransetowo îe dzidzenu hoho ade, dzidzeti^
T;toiser;vt;;kpo ame dû, zrô ame
T;toison;f;;alêfû, fûsese
T;toit;m;;hota
T;tôle;f;;ga, ganu, zinki
T;tolérance;f;;dzigbodi blewu
T;tolérer;vt;;gbo dzi di, na mo, de gbe le nu torn — ton
T;tomate;f;;timati
T;tombe;f;;yodo
T;tombeau;m;;yodo
T;;;sur q.;dze ame dzi
T;;;d'accord avec q.;wo deka kple ame
T;;;à genoux;dze klo
T;;;à la guerre;tsi awa
T;;;à la renverse;dze anyi megbe megbi, tro gbo> dze anyi
T;;;à terre;ge de anyi
T;;;par terre;dze anyi
T;;;(des feuilles);ge, lûlû, (amakpawo îe gege)
T;;;(en quantité);dudu zâ
T;;;à travers;ge to nu me
T;;;tête première;ti aflui, tu ta gù
T;;;des nues;hehe ke dzo de ame nkume, ku nu,» ku de tsitre, mo wo yà
T;;;malade;le do, do le ame
T;;;dans Terreur;da, tra, da vo
T;;;en syncope;îo gbafa
T;;;dans le péché;wo nuvo, dze anyi
T;;;en ruine;gblê, tsyrô
T;;;entre les mains de q.;no ame îe nusê te, no ame si, ge de ame si me
T;tombereau;m;;keke, tasiadam
T;ton;m;;gbe, didi, gbedidi
T;tondeuse;f;;talûhê
T;tondre;vt;;lû, kpa, flo, se
T;;;des brebis;kpa fu na alêwo
T;tonne;f;;atigo, dzidzenu
T;tonneau;m;;atigo, tokpo
T;tonnelier;m;;atigowola, kupa
T;tonnerre;m;;dzidegbe
T;torcher;vt;;tutu nu
T;torchon;m;;avo vuvu, dovuvu
T;tordre;vt;;tro, fia, dudu, tro nu rïuti, nyê
T;;;le cou à une poule;tro ko le koklo nu
T;torpilleur;m;;awawu
T;torréfier;vt;;to nu, haha le dzo îiu
T;torrent;m;;tosisi kplakplakpla
T;torrifier;vt;;mê nu
T;torse;m;;lo borne, kpo
T;tort;m;;madzomadzo
T;tortiller;vt;;hatsa nu, nlo nu
T;;;de;mer îumeklo
T;torture;f;;fukpekpe, fuinyâfunyâ
T;torturer;vt;;de fu na ame, wo anyrâ le ame nu
T;tôt;adv;;kaba
T;totalité;f;;nublibo
T;touche;f;;asikaka nu nu
T;toucher;vt;;ka asi nu nu, wâ dzi na ame, do nu kpo
T;;;de Pargent;ho ga, ho fetu
T;;;le piano;îo sanku gâ (piano)
T;;;terre;dze go, di go
T;;;à Page viril;do ame me
T;;;à qc. (changer);do li nu
T;toucher;m;;asikaka nu riu
T;touffe;f;;nu kpoyo, kpoyo, adza
T;toujours;adv;;dâ, dasi, gesiagi, dayi
T;toupet;m;;agbate, dakoriglô
T;toupie;f;;ve, ave, wudosê, todo
T;tour;f;;hotame tsuê, mo koko, tawoa
T;tour;m;;totro
T;tourbillon;m;;papadruloe, adawla, yali
T;tourment;m;;fukpekpe, fuwowo, momenuveve
T;tourmente;f;;dziyâ, ahomu
T;tourmenter;vt;;de fu na ame, ka fê ame, wo îunya-funyâ, wo anyrâ le ame nu
T;tournant;m;;mo hahe
T;;;d'eau;liblâ
T;tournée;f;;mozozo, tsadidi, hlâîoîo
T;tourner;vt;;tro nu, tro zu, do ta, tre nu
T;;;la tête vers q.;tro ta de ame gbo
T;;;bride;tro gbo
T;;;le dos à q.;tro dzo le ame gbo
T;;;la tête à q.;tro tame na ame
T;;;ses;pas vers q
T;;;la conversation sur qc;îo nu de nu nu
T;tourneur;m;;atikpala
T;tournevis;m;;atikpala îe dowonu
T;tournure;f;;totro
T;tourtereau;m;;akpakpavi
T;tout;pr;;katâ, son, nusianu
T;tout-à-coup;adv;;kpata, le vo me, îâ
T;toux;f;;kpe, kpefoame
T;tracas;m;;domevee, hiâkaka, fukpekpe
T;tracasser;vt;;wo funyâfuniyâ
T;trace;f;;afotefe, afodoîe, afonuto
T;tracer;vt;;ta nu, ta mo
T;trachée-artère;f;;hlo
T;tradition;f;;ko, hodada, tsptso de asi, hotuitu, nya tsitsiwo
T;traducteur;m;;gomedela, gbesela, nyanudela
T;traduire;vt;;de nya go me, se gbe na ame, de nya nu
T;;;q. en justice;sa ma ame
T;trafic;m;;asitsatsa
T;trafiquant;m;;asitsala
T;trahir;vt;;de gu ame, fia ame yome, de ame asi
T;;;un serment;tu atabu
T;trahison;f;;yomemofiafia, alakpawowo, amedede asi
T;trainard;m;;megbetsila
T;train;m;;anyigbâdzudzowu
T;trainer;vt;;he nu da, te, he klololo, he nu dranyi-dranyi
T;traire;vt;;fia nyinotsi
T;irait;m;;fli, flui
T;;;d'esprit;nya dikokoe, ayuenu
T;traite;f;;asitsatsa, gagbalë
T;traité;m;;nufiagbalë
T;traitement;m;;amedzrowowo, wowo, gbedada
T;traiter;vt;;wo, wo nu de nu nu, îo nu de nu nu
T;;;bien q.;mal q
T;;;qc.;dro nya
T;;;q. en ami;dze holô ame
T;traître;m;;yomemoîiala, amegomezola
T;trajet;m;;mozozo
T;tranchant;m;;nù (he îe nù)
T;;;du couteau;he fe nù
T;tranche;f;;tsotsui, kake
T;tranchée;f;;do legbë, we, tsikplomo, tsili
T;trancher;vt;;la, tso, se nu da, lu nu da, be
T;tranquilliser;vt;;fa dzi na ame
T;tranquillité;f;;fafa, doduizizi, tomefafa
T;transaction;f;;wowo, nufoîo
T;transcendance;f;;gânyenye
T;transcrire;vt;;ganlo nu
T;transe;f;;dzinô, vovô
T;transférer;vt;;tso nu do afi bubu, he nu de nkeke bubu dzi
T;transfiguration;f;;nonometotro, nutikoko
T;transformer;vt;;tro nonome
T;transformation;f;;nonometotro
T;transfuge;m;;awasila, ketowodzidela, sisila
T;transgresser;vt;;da nu dzi
T;transgression;f;;dzidada
T;transgresseur;m;;dzidala
T;translation;f;;dodo de afi bubu
T;transmettre;vt;;tso nu de asi na ame
T;transmigration;f;;wuwu yi afi ade transparent a yiralâ, koko, dzeîâ
T;transpercer;vt;;rip nu, to nu
T;transpiration;f;;fifiateame, fifia, ade
T;transport;m;;dodo de afia de
T;transporter;vt;;tso nu yi, do nu de afia de, — dze ame riu riuto
T;transsubstantiation;f;;nonometotro
T;trappe;f;;mô, azâ, asôdo
T;trappiste;m;;sadagahomenola
T;travail;m;;do, dowowo
T;;;manuel;asinudo
T;;;pour q.;tso do na ame
T;;;avec zèle;do vevie dowowo
T;travailleur;m;;dowola
T;travers;m;;gatsotso
T;traverse;f;;atitsoga
T;traversée;f;;mozozo le fu dzi, nutitoto, numetoto
T;traverser;vt;;to anyigba me yi, to nu me
T;;;le désert;to gbedzi
T;;;Pocéan;to fu dzi yi (Ablotsi)
T;;;une rivière;to tosisi dzi
T;travestir;vt;;do ame bubu fe awuwo
T;trébuchement;m;;atikikli, afokikli
T;treillis;m;;kpototo, nulolô
T;treillage;m;;adzralawo
T;tréma;m;;dzesi : ( • • )
T;tremblement;m;;wuwu, dzodzo
T;;;de;terre anyigbawuwu
T;tremper;vt;;sisi, tso nu sisi nu, de nu tsi
T;tremplin;m;;afutikpo, aîlitikpo
T;trépas;m;;ku
T;très;adv;;akpa, tà, riuto. Très-Haut m Dzifowito. Très-Saint-Përe m papa
T;trésor;m;;nu hoasi, kesinonu
T;trésorier;m;;gadzikpola
T;tresser;vt;;g be nu, gbi nu, lô nu de nu me
T;;;les cheveux;fo da
T;tresse;f;;daîoîo, dakoe
T;tressaillir;v;;wa, dzo hahâ
T;tribu;f;;to, ko, duko, hlô
T;tribulation;f;;îukpekpe, nuhaha, ziaziâ
T;tribunal;m;;wonudrofe, kodzodiîe
T;tribut;m;;adzo
T;tributaire;m;;adzohela
T;tricher;vt;;ble ame, flu, ba, tafu
T;tricot;m;;awudedi
T;tricoter;vt;;lô nu
T;trier;vt;;tsia nu, tia nu, do, tra nu le nu dome, tsrè nu
T;trimestre;m;;ïh fe akpa enelia, gleti etô
T;tringle;f;;gaci. Trinité f Trinita kpkoe gâ
T;triomphe;m;;dzidudu, nutikokoe, aseyitsoiso
T;triomphateur;m;;dzidula
T;trisaïeul;m;;togbotogbotogbui
T;triturer;vt;;nyunyô nui, gbâ nu, tù nu
T;trognon;m;;atikli, tsro, go, akpa
T;;;d'eau;libla, adawu
T;tromper;vt;;ble, îlu, ba ame, ka awatso
T;trompette;f;;kpe
T;trompeur;m;;ameblela, îlula, bala
T;tronc;m;;zekpe, kpeti, atikpo
T;;;humain;lobome, amekpo, ametakpo
T;tronçon;m;;atitakpo, nu susoeto
T;trône;m;;îiazikpui
T;tronquer;vt;;la nu. Irop adv akpa, wu nu, gbo me
T;trot;m;;du dzoboe
T;trou;m;;do, vu, lû
T;trouble;m;;nuhaha, îudede, gidigidi
T;troubler;vt;;blu nu, wo wunyawunya, wo gidi-gidi
T;;;Peau;wa tsi, blu tsi
T;irouer;vt;;no nu
T;troupeau;m;;ha, lâha
T;trousse;f;;nubabla
T;trousseau;m;;nubabla
T;trouver;vt;;îo nu, kpo nu, tu nu
T;;;du plaisir à;kpo dzidzo le nu nu
T;tu;pr;;wô
T;tub;m;;tsileze
T;tube;m;;govi
T;tubercule;f;;nudodo abe te alo agbeli ene
T;tuer;vt;;wu nu, wu ame
T;;;q. d'un coup de fusil;îo tu ame
T;tuilier;m;;kpemëla
T;tuilerie;f;;kpemêîe
T;tumeur;f;;adi, îoîoe, nutete
T;tumulte;m;;wowo gidigidi, wunyawunya, zitoto
T;tunique;f;;awu
T;tunnel;m;;anyigbatemo
T;turban;m;;tablavo
T;turpitude;f;;riukpe, nukpenuwowo, ahohlô
T;tuteur;m;;amehpladzi, takpola, nuîiala, amehela
T;tuyau;m;;govi, ayeti
T;type;m;;kpodenu
T;typhon;m;;ahomu, dziya
T;typographe;m;;agbalëtala
T;tyran;m;;nutasêdzidula
U;tyrannie;f;;nutasêdzidudu
U;ulcère;m;;îofoe, adi, abh ulcération î tsididi
U;;;et demi;deka kple aîâ
U;unifier;vt;;wo deka
U;unification;f;;dekawowo
U;uniforme;m;;awu tohe, awu deka riugbe, sisikeriu
U;uniformiser;vt;;so nu kple nu bubu
U;unisson;m;;gbesoso, didideka, gbedekadidi
U;unité;f;;dekanyenye
U;univers;m;;hiheme, dzifo kple anyigba
U;université;f;;sukugâ
U;urbanité;f;;wudodo
U;urgence;f;;kpatakpata, hiahiâ, tsiâ
U;urinoir;m;;afodzi, adudozi
U;usage;m;;nudowowo, ko, konu
U;user;vt;;wo nu nu do
U;;;de menaces;do nodzi na ame
U;;;mal de qc.;wo nu riuti do nyâmânyâmâ
U;ustensile;m;;nu, dowonu, nuwonu
U;usure;f;;kasadidi, kasa
U;usurier;m;;kasadila
U;usurpateur;m;;amesi ho nu kple sesê
U;usurper;vt;;ho nu kple sesê
U;utérus;m;;vigolo, vidzito, amena utérins dadaviwo
V;utiliser;vt;;wo nu nu do, zâ nu
V;vacarme;m;;wunyawunya, wowogidigidi, hôwo-wo, zitoto
V;vacation;f;;vovogi
V;vaccin;m;;atike hena abosisi, sakpanatike
V;vacciner;vt;;si abota na ame, do sakpanatike na ame. 386 vac — val vache î nyino
V;vacher;m;;nyikplola
V;vacuum;m;;nu si me yâ megale o
V;vagabond;m;;godzela, tsatsala, gbevu
V;vagabondage;m;;hadzedze, gbevunuwowo
V;vagin;m;;kolo, do
V;vagissement;m;;avifafa, ïiene
V;vaillamment;adv;;kalêtoe
V;vaincre;vt;;du nu dzi
V;;;une passion;te nonome bada de anyi
V;;;sa colère;gbo dzi di
V;vainqueur;m;;dzidula
V;vaisseau;m;;vvu
V;;;sanguin;vvuka
V;;;de;guerre av^avvu
V;valet;m;;subola
V;vallon;m;;balivi, abudife
V;valoir;vt;;nyo, so, dze
V;vampire;m;;sogblê, lawâ
V;van;m;;keke
V;vandale;m;;nugblêla
V;vandalisme;m;;nugbegblê
V;vanner;vt;;tsya bli
V;vannier;m;;kusilôla, kevilôla
V;vantard;m;;adegbefola
V;vanter;vt;;kaîu nu na ame
V;varier;vt;;do li nu, tro nu
V;vase;m;;kplu, go
V;vase;f;;ba, banyabanya
V;vaseline;f;;atike ade
V;vasistas;m;;îesrê
V;vaticination;f;;afâkaka
V;vaurien;m;;godzela, yakame
V;vautour;m;;pente, akagâ, awako, tsui, yïtsui
V;veau;m;;nyivi
V;vedette;f;;liudzodzo
V;végétal;m;;numiemie, nudodo
V;végétarien;m;;lâtsrila. >
V;végétation;f;;numiemie
V;véhicule;m;;keke
V;veille;f;;riudzodzo, riudodo
V;veillée;f;;nudodo, zâdodro
V;veiller;vt;;dzo nu, no nudzo, do liu
V;;;sur q.;kpo ame dzi
V;veilleur;m;;nudola, zâdrola
V;;;du sanctuaire;akadi matsimatsi le altaro gbo
V;velours;m;;ago
V;venaison;f;;adelâ, adegbelâ
V;vendange;f;;ahakpakpa
V;vendeur;m;;nudzrala
V;vendre;vt;;dzra nu
V;;;(liquides, grains);do nu
V;;;aux enchères;dzra nu awusiawu, dzra gbandzo
V;;;à perte;bu de asiîeîle me, gugu
V;vendredi;m;;îidag^be
V;vénin;m;;adi
V;vénérer;vt;;bù ame
V;vengeur;m;;hlôbiala
V;;;de;tso afiade
V;;;par;(passer) to
V;;;à pied;to afo
V;;;à bout de qc.;wu nu, vo nu
V;;;à;maturité di
V;;;à l'idée;îo tame na ame
V;vent;m;;ya, yaîoîo
V;;;léger;ya îafe
V;;;violent;ahomu, dziya
V;vente;f;;dzadzra
V;ventouse;f;;go, godogoe
V;ventre;m;;do, dome, îo, îodo, îome
V;ver;m;;rio
V;;;luisant;zâdzui, samadza, koklode, kedzuikedzuu
V;;;dans;la viande nyê
V;;;dans;l'eau lè
V;;;intestinal;avlakui, avlokui
V;veranda;f;;ablanda, akpata
V;verbe;m;;gbe, nya
V;verbiage;m;;nyaîuîlu
V;verdict;m;;aîiatsotso
V;verger;m;;kutsetsebo
V;vérifier;vt;;fia nyateîe, ka de nya dzi, do nu kpo
V;;;un calcul;bu nu kpo, gbugbo akonta bu
V;;;le poids;da nu kpo
V;véritablement;adv;;nyateîetoe
V;vernir;vt;;si ano na nu
V;vernis;m;;ano, nutreno
V;verrat;m;;hatsu
V;verre;m;;hahûhôe, glase
V;;;de;lampe tsimini
V;verrou;m;;Avomedeti, gameti
V;versant;m;;abu, abudiîe, lô, sô
V;versement;m;;ganana, îehehe
V;verser;vt;;ko nu di, tro nu ko de anyi
V;;;(payer);lu fe
V;;;du riz dans le sac;ko molu de akpanya me
V;;;l'argent sur la table;tro ga ko de kplô dzL
V;;;à boire;ko aha de konko me
V;verset;m;;kpuikpui, hehlê
V;versifier;vt;;kpa ha
V;verso;m;;me, megbe
V;vert-de-gris;m;;gamâ, ga îe amâdede
V;vertige;m;;nuzi, mototro, aîetrô
V;veste;f;;dziwui
V;vestiaire;m;;awudzradoîe
V;vestibule;m;;akpata
V;vestige;m;;dzesi, aîodoîe, aîonuto
V;vêtement;m;;nutata, avotata
V;vétéran;m;;gbadagba tsitsi
V;vétérinaire;m;;lâwo îe atikewola
V;vêtir;vt;;do awu na ame
V;veuf;m;;ahosinutsu
V;vexer;vt;;de îu na ame, dia ame nu
V;viaduc;m;;tsimo, tosëdzi
V;;;fumée;la yiyi, lâyi. , 25* via — vie
V;viatique;m;;modoho, sisi
V;vicaire;m;;teîenola, fadavi
V;;;apostolique;papa teîenola le mission'nyigbawo dzi : episkopo
V;vicariat;m;;vicariatu : episkpo îe dziduîe
V;vice;m;;nu bada, nuvô, nuvlowowo
V;vice-roi;m;;îiateîenola
V;vicier;vt;;gblê nu
V;vicomte;m;;amegâ
V;vide;m;;-fa îuîlunono
V;vider;vt;;de nu le nu me
V;;;un différend;lé avu
V;vieillard;m;;ametsitsi, amehoho, amegâ dedi
V;vielle;f;;sanku, kasanku
V;vigie;f;;riudzonola le wu me, gbediala
V;vigile;f;;nudzodzo, nkeke si le azâgbe ngo, vigilia
V;vigne;f;;vêti
V;vignoble;m;;vêgble
V;vilebrequin;m;;gaiionu
V;vilénie;f;;yakawowo, gudodo
V;village;m;;du sue, koîe
V;villageois;m;;koîeto
V;ville;f;;du, gbo, gbodome
V;;;maritime;îutadu
V;vin;m;;vê
V;;;fort, faible;aha sese, boboe
V;;;de;palme deha
V;;;de palme vieux;aha tsitsi, ahakukui, guglui
V;;;pur;aha atiati, ahakuaku
V;vinaigre;m;;aha tsitsi, vinigar, aha siasia, aha lé atse
V;vingtaine;f;;ame blave, ano blave
V;violation;f;;nuvlowowo, nudzidada
V;violateur;m;;nudzidala
V;violemment;adv;;kple nusê, kple sesê, bam
V;violence;f;;sesê, adâ, agbodzedze, dzizizi
V;violer;vt;;zi nu dzi, wg busu, da nu dzi, wg nu vlo, gblê nu
V;;;une fille;gblê detugbi
V;violon;m;;kasanku
V;virement;m;;totro
V;virer;vt;;trg nu
V;visage;m;;nkume
V;vis-à-vis;adv;;godo, le rigodze, kpe nku me, dze ngo
V;viser;vt;;dzidze nu
V;vision;f;;nukpgkpg, dimenukpgkpg, dimenong
V;visionnaire;m;;nukpola, dimenukpola. Visitation f amekpgkpoda
V;visite;f;;amekngkpgda
V;visiter;vt;;yi dakpg ame da, dzro nu me, tsa ame-wo dzi
V;visiteur;m;;amekpolada
V;viscosité;f;;adedada
V;vitalité;f;;agbe, agbetiusê
V;vite;adv;;kaba, dabla, babla
V;vitrier;m;;ahûhôewola
V;vitriol;m;;atike
V;vivant;m;;agbenola
V;vivement;adv;;kaba, dabla
V;viveur;m;;agbedula
V;vivifier;vt;;gbo agbe
V;;;au jour le jour;le gbahloyo me
V;;;avec q.;zo kple ame — wo ahiâ amade
V;;;en prince;du gâ
V;vocable;m;;nko, dzikpokpo
V;vocabulaire;m;;gbesela, nyagomedegbalê
V;vœu;m;;nugbedodo, atamkaka
V;voici;adv;;kpoda, afii
V;;;lactée;masamegletivi
V;voilà;adv;;kpo da, aîimâ
V;voile;f;;abada, abala
V;voile;m;;nuhevo, mohevo, tatsyovo
V;voiler;vt;;he nu, tsyonu dzi
V;voilier;m;;abalawu
V;voir;vt;;kpo nu, do nu kpo
V;voirie;f;;adudokpo
V;voisin;m;;afelika, afeka
V;voisinage;m;;afelikawo, nutowome
V;voiture;f;;keke, tasiâdam
V;voiturier;m;;kekekplola
V;;;forte, haute;gbe gâ
V;vol;m;;fifi, nufifi, fififi, finu
V;vol;m;;dzodzo
V;volcan;m;;dzoto
V;voler;vt;;îi, îiîi, le îimo dzi
V;;;qc.;îi nu
V;volet;m;;îesrênuvo
V;voleur;m;;îiaîito, îiaîi, nuîila, asinutsola
V;volontiers;adv;;kple lolô, dzidzotoe, atû
V;volume;m;;agbalê, ko, agbososo, kogo
V;volupté;f;;dzidzo, nutilâdzodzro, hadzedze
V;vomir;vt;;dzo, de he, tru
V;vomissement;m;;hedede
V;vomiquier;m;;babati
V;vote;m;;tiatia
V;voter;vt;;tia nu
V;vouer;vt;;do riugbe, tso nu na ame
V;vouloir;vt;;Jô, dzi, di, dzro nu
V;voûte;f;;gli glôlôlôlô
V;voyage;m;;mozozo, mpdzi
V;;;d'affaires;nugbe
V;;;de;nuit zâzozo
V;;;de nuit;zo zâ
V;;;par mer;do Wu
V;;;en compagnie;zo afo deka kple ame
V;voyageur;m;;mozoïa
V;voyant;m;;nukpola
V;vraiment;adv;;gobi, nyateîetoe
W;vriller;vt;;rio nu
W;wagon;m;;gamo îe tasiadam
W;wagonnet;m;;kekevi
Y;whisky;m;;aha, wuisiki
Z;y;adv;;afimâ
Z;zèbre;m;;lâdiso
Z;zélateur;m;;veviedolanu, nuwala
Z;zèle;m;;veviedodo, agbagbadzedze, adive
Z;zénith;m;;getaîo, tame, aîeîo
Z;zéro;m;;naneke o
Z;zigzag;m;;goglô
Z;zinc;m;;gagi, sanya, zinki
Z;zingueur;m;;gagiwola
Z;zinguerie;f;;gagiwofe
Z;zone;f;;nutowo me, anyigba fe akpa
Z;;;glaciale;anyigba si dzi vuvo wona le akpa
Z;;;torride;anyigba hodzo
Z;;;tempérée;anyigba fafe
Z;zouave;m;;gbadagba ade. Mawutoe nye akpea ! Date Due loi 5n PL8162 .UQ _ COLT^TIOM ! AuthorRi Ostein, S Boston College Library Chestnut Hill 67, Mass. Books may be kept for two weeks unless a shorter period is specified. If you cannot find what you want, inquire at the circulation desk for assistance
