section;entree;nature;sous_entree;traduction_ewe
A;abaissement;m;;bobodeanyi.
A;;;des prix;asidzidede, nudzidede.
A;;;de Peau;tsimiemie, emedzedze.
A;;;du sol;wedzedze, abudidi.
A;;;(diminution);dede, wewowo, nu dzi kakade kpoto.
A;;;(humiliation);vlododo, bobodeanyi, gbôdidi ame.
A;abaisser;vt;;didi nu de anyi, bobo nu de anyi.
A;;;les prix;de nu dzi, de asi le nu dzi.
A;;;quelqu'un;do vlo ame, bobo ame de anyi, di gbô  ame.
A;;;(diminuer);de nu le nu nu, de nu da, de nu dzi suso.
A;s'abaisser;v;;bobo amedokui de anyi, dze ko anyL
A;;;(devenir plus bas);dze we, de do, wo do. l'eau  s'abaisse  tsi  le  nu  dem,  tsi  le  miemiem.
A;abandon;m;;gbegblêdi, yametsitsi, beble.
A;;;(négligence);nudededi, bemalemalé.
A;;;(résignation);amedokuinana, amedokuikeke, ta- nana.
A;;;de;soi à Dieu amedokuitsotso na Mawu, dzidoda de  Mawu  nu.
A;abandonnement;m;;asidede le nu nu, nudede le nya  me.
A;;;(înconduite);nubadawowo, hadzedze.
A;abandonner;vt;;gblê nu di, gblê nu de megbe, de  asi  le  nu  nu.
A;;;son travail;dzo le do me, do le do me, de asi le  do  nu.
A;s'abandonner;v;;tso amedokui de asi na ame, de asi  le  amedokui  nu. s'  -  à  q.    bobo  amedokui  de  ame  te,  do  dzi  de ame  nu. aba  —  abd s'  -  au  vice     dze  ha,  lô  nu  vlo  wowo. abandonné    a     tsi  îuîlu,  tsi  yame.
A;;;(mauvais);vlo, bada.
A;abandonné;m;;hadzela, ahasiwola, matrewola. abandonnée   î     gbolo,  matrewola  ;  dzakasi,  hoteli, hampo.
A;abattage;m;;nutsotso : atitsotso ; lâwuwu, atimûmû.
A;abattement;m;;lâmegbodzo, agbagba, dediteamenu.
A;;;(découragement);dzideleameîo, tamebubu.
A;abatteur;m;;atitsola ; lâwula.
A;abattis;m;;nutsotso, nunene, atitsotso.
A;;;(décombres);dukpo, akolikpo.
A;;;(carnage);amegede wuiwu, ametsotsyrô.
A;abattoir;m;;lâtsoîe, lâwuîe.
A;abattre;vt;;tso nu, îo nu îu anyi, hlâ nu de anyi.
A;;;une forêt;îo ave, ha kuti.
A;;;un arbre;tso ati, lâ ati, mû ati.
A;;;de Pherbe;ya gbe, si gbe, nlo gbe, ga gbe.
A;;;un animal;wu lâ, îo lâ wu, tso wu lâ.
A;;;une maison;gbâ ho, mû ho îu anyi.
A;;;la douleur;du vevesese dzi, de veve dzi kpoto, îa  veve  nu.
A;;;l'orgueil de q.;bobo ame d'anyi. di gbô ame.
A;;;des fruits;dudu kutsetse le ati dzi, gbe nu, tso wudu  kutsetse.
A;;;q. d'un coup de fusil;îo tu ame îu anyi, da tu ame.
A;s'abattre;v;;mû dze anyi, ge, dze anyi.
A;;;(d'un oiseau);dze de nu dzi.
A;;;(d'un cheval);dze anyi, no anyi.
A;;;(du vent);ya lé, ya tsi, yaîoîo nu lé. abattu    a    dzimalé,  gblodo,  deîotoe. être-   dzi  de  le  ame  îo,
A;abbaye;f;;sadagaho.
A;abbé;m;;sadagaho îe nunolagâ, mawununola. abbesse    î    sadagaho  îe  sista  gâ.
A;abcès;m;;îoîoe, nuîoîo, nuteame.
A;abdication;f;;asidede le nu me, nugbegbe.
A;abdiquer;vt;;de aniedokui le nu nu, de asi le nu nu,  gbe  nu.
A;abdomen;m;;îo, îodo, dome. abé  —  a  bo •abécédaire    m    agbalê   hehlê   gbâto,  abetsegbalê, silabe.
A;abecquer;vt;;do nududu na hevi. abeille    î  anyi.
A;;;(mâle);anyifsu, anyi fomewola. aberration   î   motatra,  nudzidada,  tagbogbegblê. aberrer   vi   tra  mo,  da  nu  dzi.
A;abhorrer;vt;;tsri nu, nyô nu.
A;abîme;m;;abu, abume, agame, agume.
A;abîmer;vt;;tso nu îu gbe, gbâ atri nu.
A;;;(ruiner);gblë nu, tsyrô nu. abîmé  a    gbegblê,  divlo. être  -de  dettes    îe  le  ame  nu  riuto,  du  îe  gede.
A;s'abhner;v;;yi to ; gblê, tsyrô. abject    a    dovo,  vlo,  yaka,  madifeniki,  madiagaga.
A;abjection;f;;vlonyenye, yakanyenye.
A;abjuration;f;;nugbegbe, asidede le nu nu.
A;;;de sa foi;hosegbegbe, asidede le hose nu.
A;abjurer;vt;;gbe nu, de asi le nu nu.
A;;;sa religion;gbe hose, gbe mawumenu.
A;ablution;f;;koklo, tsiîele, abnégation    î    nusesê,  dokuidede  le  nu  nu,  nugbe- gbe. faire  -de  qc.    de  asi  le  nu  nu.
A;aboîment;m;;wowo, gbogbo.
A;abolir;vt;;de nu da, tsi nu nu, klo nu.
A;;;une loi;tu se, \vu se, gbêdi se.
A;abolition;f;;dededa, nukoklo.
A;;;d'une loi;setutu, se v'uwu. abominable    a    nyôriu,  vlo,  nyrâ.
A;abomination;f;;nunyônu, tsitsri, nunyanyrâ. avoir  qc.  en-   tsri  nu,  gbe  nu  vevie. avoir  q.  en-  lé  fu  ame,  tsri  ame.
A;abondamment,;adv;;îû, sogbo îû, kpi, zâ.
A;abondance;f;;agbososo. en-   le  agbososo  me,  fû. abondant   a    sogbo,  bo,  bowâ\vâ,  tsekplanya. abonder    vi    so  gbo,  li  îû,  bo,  to.
A;;;dans le sens de q.;de ame dzi, ho de ame dzi. le  travail  abonde    do  bo,  dowowo  kekle,  do  tsi anyi. s a  bo  —  abs
A;abonnement;m;;dodo, hodede nu dome, agbalê dodo. s'abonner    de  ho  agbalê  dome,  do  nyagbalê.
A;abord;m;;tofe, amegboyiyi ; godidi, wudzedze.
A;d'abord;adv;;gbâ, gbâla, gbâgbiagbâ, haîi.
A;aborder;vt;;di go, gogo ame, te de ame nu.
A;;;(approcher);gogo ame, te de ame riu.
A;;;(accoster);îo nu na ame, gblo nya na ame, yî ame  gbo.
A;;;une question;le nya kpo, do nya da». le  navire  aborde    wu  dze  go,  wu  do,  wu  di  go.
A;s'aborder;v;;kpe, do go.
A;aborigène;m;;anyigbato, dumeto, dèto. aboulie  î  adawakuku.  tagboîuflu,  lolônumano  amesû aboutir    vi    yi  de  afiade  ;  ke,  vo,  wu  nu.
A;;;à rien;wo nu dzodzro, tro zu fuîlu, glo. un  abcès  aboutit    fofoe  de  tsi. aboyer   vi    wo,  gbo.
A;;;contre q.;wô de ame ta, gbo de ame ta.
A;abrégé;m;;nyakpui, nyametsiatsia, kpuiwowo.
A;abréger;vt;;wo nu kpuie, gbo nu kpuie.
A;abreuver;vt;;na tsi, de tsi nu.
A;abreuvoir;m;;tsinoîe, lâwo fe tsileîe.
A;abréviation;f;;kpui gbogbo, nutsotsosuso, kpui- wowo.
A;abri;m;;sietsoîe, tamehenu, agbado. chercher  un-    dzi  tsietsoîe,  dzi  nofe,  si  ame  tso. trouver  un-   kpo  sietsofe,  kpo  dzigbodeanyife.
A;abricot;m;;kutsetse ade.
A;abrogation;f;;nugùgù, nuidededa, setutu.
A;abroger;vt;;de nu da, de asi ie nu nu.
A;;;une loi;tu sé, wu se, gbïdi se. abrupt  .  a    tro  abu,  di  abu,  dzo  we, abruti    a   vlo,  tsibome,  hôvi.
A;abruti;m;;bometsila, lato, movito, hôvi.
A;abrutir;vt;;wo wôazu là, do movuito ame.
A;abrutissement;m;;hôvidzodzo, lâdzodzo.
A;abscission;f;;tsotso. absence   î  anyimanomano.
A;;;(manque);hïahïa, ziaziâ.
A;;;d'esprit;tamemanoaîideka, tamebubu^ tamedzra^ abs  —  aca absent    a     manoanyi,  nusi  meli  o. être-    meli  o,  le  afi  bubu,  le  adzoge,  yi  nugbe.
A;s'absenter;v;;dzo yi afiade.
A;absinthe;f;;aha ade. absolu    a    blibo,  dokuisinoto.
A;absolument;adv;;kokoko, godogodo. absolution    î    nuvôwotsotsoke,  nutsotsoke. donner  F-  à  q.    tso  nuvô  ke  ame. refuser  Y-  à  q.    gbe  nuvôtsotsoke  ame.
A;absorber;vt;;mi nu, no nu, du nu, nyi nu),
A;absoudre;vt;;tso afia, tso nu ke.
A;;;q.;tso afia na ame.
A;;;q. de ses péchés;tso nuvôwo ke ame. s'abstenir   si  nu,  kli  nu,  tsri  nu  .
A;;;de qc.;de amedokui da le nu gbo.
A;;;de viande;do là nu, nyi wulâ dudu ko.
A;;;de manger;do nù, do la dzï, nyi nududu ko.
A;abstème,;n;;vêmanola, donù.
A;abstension;f;;asidede le nu nu, nugbegbe.
A;absterger;vt;;klo nu, klo abi, tutu nu, fo abi.
A;abstersion;f;;koklo, siasia, nututu, abi koklo, abi- fofo.
A;abstinence;f;;nù dodo, nudzidodo, nutsitsri. faire    do  nù,  tsi  nù  do,  nyi  v^ulâ  ko,  wo  de  lâ- madu  zâ  dzi. jour  d'abstinence    lâmâduzâ,  nutsitsidonkeke.
A;;;de;vin ahadzidodo.
A;abstraction;f;;dededa, dedePeme.
A;abstraire;vt;;de nu le nu me, de nu di (da).
A;;;son esprit de;de susu da le nu gbô. abstrait    a  sesê. absurde    a    yaka,  dzodzro,  bolo,  dikokui.
A;absurdhé;f;;bometsinu, yakanu.
A;abus;m;;dowowo vô le nu nu, riutidowowo bada. faire  -de  qc.    wo  nu  nuti  do  bada.
A;abuser;vt;;ble ame. vi       wo  nu  nuti  do  nyamânyamâ.
A;;;de q.;gblê ame.
A;s'abuser;v;;ble amedokui. abusif    a  bebletoe.
A;acacia;m;;akuiko, huhoe, akukoti. aca  —  acc académie    î  sukugâ.
A;acajou;m;;odum, loko, lokoyie. acariâtre    a  dzrewola. acariatreté    î    dzrehehe,  dzrelolô.
A;accablement;m;;dedi, — dzideleamefo.
A;accabler;vt;;te ame de anyi, zi ame dzi, lo nu kg de  ame  dzi.
A;;;q. d'injures;dzu ame, kpli dzu n'ame.
A;;;q. de louanges;kafu ame gede, lo kaîukafu tsyo ame. être  accablé  de  travail    do  kle  de  ame,  do  sogbo wu  ame. être  -de  sommeil   alô  tsg  ame,  alô  mû  ame.
A;accalmie;f;;yalele. accéder    vi    de  afiade,  do  ha  me.
A;;;aux désirs de q.;lô de nya dzi na ame.
A;accélérer;vt;;wg kaba, wâ de nu nu.
A;accent;m;;kakâdedzi, gbggblo kple mise. il  a  un  bel-    eîe  ade  ko,  eîe  ^nuîo  me  kona. accentuation    î    nuyoyo  de  nu  dzi.
A;accentuer;vt;;te gbe de nya dzi. acceptable    a    lolô,  vivi. acceptation    î  hoho.
A;accepter;vt;;ho nu, lô de nu dzi.
A;;;une succession;lô de domenyinu hoho dzi.
A;;;le marché;tso gbe le nuîefle nu. acception   î   hoho,  rikulele  de  nu  nuti. faire  -de  q.   wo  nu  de  ame  îe  lolônu  dzi,  srô  ame dâ. faire  -de  personnes    kpo  ame  fe  nkume.
A;accès;m;;gegedeme, amegboyiyi, toîe, monu.
A;;;de maladie;do dze ame dzi. avoir  -chez  q.    kpo  mo  yi  ame  gbo  fâ. accessible    a    si  woatenu  atso. accessoire   a  kpedenu. accessoires    mpl.  nutinuwo.
A;accident;m;;dzggbevôe, nyavôe, aklamâ, nudzodzo. avoir  un-    dzogbevôe  dze  ame  dzi. par  accident    aklamâ  wo  fe  didi. accidenté    a    glodzo,  klitsa,  dzakadzaka. accidentel    a   nusi  mêle  vevie  o. acc  —  acc
A;acclamation;f;;kafukafu, asikpefofo, aseyiisotso.
A;acclamer;vt;;tso aseyi (de ame nu).
A;s'acclimater;v;;anyigba fe ya ho ame.
A;accolade;f;;asikpakplako. donner  1'  -à  q.    kpla  asi  ko  na  ame.
A;accoler;vt;;kpla asi ko na ame kpe  nu,  tsia  nu,  bla  nu  îoîu,  miâ  nu., accommodant   a   vivi,  dowu. accommodation    î    soso  de  nu  nu.
A;accommodement;m;;gbedodo anyi, dodo,
A;accommoder;vt;;so nu, so nu de nu nu.
A;;;q. de qc.;de asi le nu na ame.
A;;;des personnes;lé avu amewo, do nu na amewo. cela  ne  l'accommode  pas  :   eya  medze  enu  o.
A;s'accommoder;v;;ho. s'-  avec  q.    do  nu  do  kple  ame.
A;accompagnement;m;;amedododa, kpokplodo.
A;accompagner;vt;;kplo ame do, kplo ame yi, kpe ame.
A;;;q. à la maison;kplo ame va aïe. accompli    a    blibo  ;  —  evo  ;  —  klalo.
A;accomplir;vt;;wu nu nu ; — wo nu blibo, wo de  nu  dzi.
A;;;la volonté de Dieu;wo de Mawu îe lolônu dzi.
A;;;sa promesse;wo de nugbedodo dzi.
A;s'accomplir;v;;va veme, dzo, su. le  temps  est  accompli  :    azâ  do  (vo),  geyigi  do, azâ  su.
A;accomplissement;m;;dziwowo, emevava.
A;accord;m;;soso, nyadzilolô, dekawowo, dekadidi. d'un  commun-    kple  gbe  deka. demeurer  d'-    lô  de  nu  dzi. mettre  d'-    so  nu  kple  nu  bubu,  so  ame  kple ame  bubu. tomber  d'-    wo  deka,  amewo  fe  nu  so,  do  gbe anyi. faux-    didi  masogbe,  adawla.
A;;;conclure un-;de asi agbalê me de nu dzi. je  suis  d'-    melô  etso  ke,  melô  de  dzi.
A;accordéon;m;;blaîosanku.
A;accorder;vt;;so nu kple nu bubu, dzo nu, so nu kpo. acc  —  acc
A;;;(concéder);lô de nu dzi.
A;;;un différend :;lé avu.
A;;;(donner);tso nu m arme, na nu ame.
A;s'accorder;v;;wg deka kple ame, zg kple ame, no nya  deka  dzi  kple  ame.
A;accoster;vt;;te de ame nu (be yea îo nu kplee).
A;;;(navire);vvu dze, wu di go (de afiade).
A;accouchée;f;;vidzila, vidzisino.
A;accouchement;m;;vidzidzi.
A;;;(aide);vihéhé.
A;;;précoce;vi dodroe, fugege. faire  un-    hé  vi.
A;accoucher;vt;;dzi vi.
A;;;avant le terme;dro vi.
A;accoucheur;m;;vihela.
A;s'accouder;v;;tso aboklugui tu nu dzi.
A;accoupler;vt;;bla nu, kpe nu. s'accoupler    mô,  do  atsu,  lé  asi,  yo  asi. accourir    vi    îu  du  va.
A;;;vers q.;fu du yi ame gbo.
A;;;au secours de q.;nyâ aîa na ame.
A;accoutrer;v;;da atsyô, do atsyô.
A;accoutrement;m;;atsyôdodo.
A;s'accoutumer;v;;mâ; nu ma ame, dze nu. le  chien  s'accoutume  à  la  maison  :  aïe  me  mâ  de avû. s'-  à  un  travail   dowowo  mâ  ame,  dze  dowowo. accréditer  q.    vt   ko  ame  de  dzi,  do  koko  ame.
A;s'accréditer;v;;ho nko, de du.
A;accroc;m;;dzèdzè, dodro, mohenu, kufhee.
A;accrocher;vt;;ku nu de nu nu, te de nu nu. accroire    vi    (en  faire  à  q.)    ble  ame,  vivi  nù  me na  ame. s'en  faire-   dzè  glen,  dze  dokui  nu,  (de  nu  nuti).
A;accroissement;m;;takeke de dzi, lolo dé dzi, tsitsi.
A;accroître;vt;;dzi nu de dzi, wo nu woasogbo de dzi. s'accroître   so  gbo  de  dzi,  tsi  ;  dzi  de  dzi.
A;s'accroupir;v;;tsyo klo me, no akpukpo dzi ; no klê  me. être  accroupi    no  klotsinu. acc  —  ach
A;accueil;m;;hoho. accueillir  q.    vt    ho  ame.
A;;;q.;à bras ouverts ho ame atu, ho ame alo Vee. acculer  q.    vt    haha  ame. acculer  Pennemi    ha  futgwo.
A;;;des animaux;ha lâwo.
A;accumulateur;m;;îuîonu le machine me.
A;accumulation;f;;îuîoîo, tutudo.
A;accumuler;vt;;îo nu îu, tù nu do, li kg nu.
A;accusateur;m;;amenutsola, samala. accusation    î    amenutsotso,  sabasaba,  samasama.
A;accusé;m;;ame si wosama, ame si nu wotso, nyatg.
A;accuser;vt;;tso ame nu, sama ame, saba ame.
A;;;q. de qc.;te nya de ame dzi, de nu ame nu.
A;;;q. devant le chef;tso ame nu na fia.
A;;;ses;péchés wu nuvôwo me na . . . acerbe  a  veve,  helîhelï  (veve  helîhelî).
A;acérer;vt;;nyrê nu.
A;acharnement;m;;dziku, anyirawowg, nkubiabiâ.
A;acharner;vt;;kpla avû do. s'acharner  contre   lu  de  ame  (nu)  dzi,  wo  any  ira  le ame  nu. s'-  à  qc.   do  vevie  nu,  dze  agbagba.
A;achat;m;;nuîeîle.
A;;;(de;liquides) nudzedze. prix  d'-  asimeho,
A;acheminer;vt;;do mg nu.
A;s'acheminer;v;;dze mg dzi.
A;acheter;vt;;île nu ; — dze nu (liquides, grains), ho  nu.
A;;;qc. à deux francs;île nu îrâ eve.
A;;;au comptant;île nu kple gasiasi.
A;;;à crédit;île nu agbana
A;;;à bon marché;îo abgnyônu, edi ekpo.
A;;;qc de q.;île nu le ame si.
A;;;qc. pour q.;île nu na ame.
A;;;pour un franc;île nu îrâ deka nu. achetéresse  î  \   „  9 *  , acheteur    m)  nuîlela-
A;achèvement;m;;nuwuwu, tsotsg; vgvgnu.
A;achever;vt;;wu nu, vo nu, do mlge nu. Vocabulaire  o 14  •  ach  —  act être  achevé    tso,  vo.
A;s'achever;v;;wu mi, vo. achoppement  (pierre  (T-)    kpe  kikli,  mohenu. acide    a   veve  ;  lé  atse.
A;acier;m;;ga sesê.
A;acompte;m;;akana, îemekaka. payer  un-   ka  îe  nie,  na  akama,  ka  îe  dzi  he;
A;à-coup;m;;dudu, hehe, kpotiti.
A;acquérir;vt;;ho nu, ho nu to dowowo me.
A;;;des connaissances;srô nu, kpla nunya.
A;;;des richesses;kpo kesinonu.
A;acquêt;m;;hoho, kpokpo.
A;acquiescement;m;;nyadzilolô.
A;acquiescer,;vt;;lô de nyâ dzi. acquisition    î    hoho,  dowoho,  îetu,  vide. faire  P-  de  qc.    île  nu,  ho  nu. acquittement    aîiatsotso,  aîianyuietsotso.
A;acquitter;vt;;tso aîia nyuie na ame. s'-  de  ses  dettes    he  îe  na  ame,  tu  îe,  vo  îe. s'-  de  son  devoir   wo  de  do  dzi,  vo  dowowo.. s'-  d'une  commission  :    de  do  gbe, acre   a   ve,  veve,  dudu  ;  tomelélé. acreté   î  veve  (Pade  dzi,  le  nu  me), acrimonie   î   veve  (le  lame), acrimonieux    a    veve  helïhelï.
A;acte;m;;do, wowo, nuwowo; — agbalë.
A;;;de complaisance;nyonyô, nudzeamewowo.
A;;;d'hostilité;kelélé ; tamesênuwowo. actif   a   wonu,  wawa,  bibi,  zâze. action   î    nuwowo  ;  —  awakpekpe  ;  —  nutsotso>
A;;;de;grâces akpedada. former  une  —  contre  q.    tso  ame  nu. engager  P-   he  awa  va  (dze  awa  gome). intenter  une  -en  justice  :    sama  ame.
A;activement;adv;;kple veviedodo, veviedonutoe.
A;activer;vt;;do vevie nu, do nu de ngo, wo nui woadze  dzi  nyuie. activité     î    wawa,  veviedodonu.
A;acteur;m;;nutsu îeîela, nuwola. actrice   î  nyonu  îeîela. actuel    a    îiîito,  azoto,  îifi. act  —  adm
A;actuellement;adv;;fifia, fifi, fifilayi.
A;adage;m;;lododo. Adam    np    Adam  (nutsu  riko). pomme  d'-    akokoe,  atsokoe  vekoe,  ahanohe. adaptation    î    soso  de  nu  nu,  soso  kple  nu.
A;adapter;vt;;so nu de nu nu, dzi dze nu ekpo. addition    î    nukpedenu  ;  nudede  nu  me. faire  une-    kpe  nu  de  nu  nu.
A;additionner;vt;;kpe nu de nu nu. adepte    a    nunyala  ;  hameme,  hameto. adéquat   a    sosoe,  alesi  edze  ene.
A;adhérence;f;;kuku de nu nu. adhérer  vi   ku  de  nu  nu,  te  de  nu  nu. adhésion  kuku  de  nu  nu,  lolô  de  nu  dzi.
A;adieu;m;;kaklâ : amekaklâ. adieu   mt   hede  nyuie  :  no  anyi  sesie  !  meyi  lo  !  do agbe  15. faire  ses  -x  à  q.   do  do  agbe  na  ame;  klâ  ame. adjacent  (être)     te  de  nu  nu,  le  nu  gbo.
A;adjectif;m;;nonomefianya; adjektif.
A;adjoindre;vt;;kpe de nu nu. adjurer   de  kuku  vevie;  ta  nu  —  ka  atam  de  nu dzi.
A;adjuration;f;;nutata, atamkaka, hoyoyo.
A;admettre;vt;;na mo, de mo na ame; — bù bena
A;;;q. dans une société;ho ame de ha me.
A;administrateur;m;;dzidula, nunola.
A;administration;f;;takpokpo, dzidudu, nunono.
A;administrer;vt;;na nu ame; — kpo ame ta, kpo nu  dzi.
A;;;les sacrements;na sakramentowo ame.
A;;;un malade;si Amikokoe na dono.
A;;;des coups de bâton;îo ame kple ati, \via ame kple  ba. admirable    a    wonuku,  gâ,  moyatoe.
A;admiration;f;;nukunuwowo, kafukafu.
A;admirer;vt;;kafu, wo nuku na ame, kpo nu mo- yatoe.
A;admission;f;;amehoho de nu me, monana.
A;admixtion;f;;tsakatsaka. adm  —  adu admonestation    î    nuhohlô,  nyagbegbe  n'ame. admonition    î  nuhohlô.
A;admonester;vt;;hlô nu ame, gbe nya na ame.
A;;;q. en particulier;ha wonu ame le bebe me. le  bebe  me.
A;admoniteur;m;;dzikpola. adolescence   î   dekakpuime  (hommes) detugbuime  (filles),
A;adolescent;m;;dekakpui. adolescente    î  detugbui.
A;s'adonner;v;;tso dokui na ; wo nu.
A;;;au libertinage;no agbe bada, dze ha. adopter  q.    vt    ho  ametutovi  abe  ame  nuto  amevi '  ene.
A;;;un enfant;ho devi de viawo dome.
A;;;une opinion;lô de nu dzi, lô de susu ade dzi.
A;adoption;f;;devi lioho dzi.
A;adoration;f;;Mawu sesê.
A;adorer;vt;;së Mawu, bliba na Mawu.
A;;;les idoles;subo (wo) trô, li trô.
A;s'adosser;v;;de mê nu; zio de nu nu.
A;;;contre un mur;de aha gli, de mê gli.
A;adoucir;vt;;wo nu wovivi ; do vivi de nu nu, de nu  dzi.
A;;;la colère;fa dzi na ame.
A;;;la douleur;fa veve nu.
A;adoucissement;m;;îafa, akofafa, viviwowo.
A;adresse;f;;nkononlo de leta dzi ; ameriko kple nofe;  —  adanudzedze,  abladede.
A;adresser;vt;;fia, kplo; — de kuku na ame.
A;;;une lettre;nlo ame nko kple nofe de leta dzi.
A;;;la parole à q.;fo nu na ame, gblo nya na ame.
A;;;des reproches à;ka mo na ame. s'adresser  à  q.    yi  ame  gbo,  tu  ame. cela  s'adresse  à  vous    eka  wo. adroit    a    woadanu,  dze  adanu.
A;adulateur;m;;apeyola, apedula, numevivito.
A;adulation;f;;apeyoyo, apedudu.
A;aduler;vt;;yo ape, du ape,
A;adulte;m;;ame tsitsi.
A;adultère;m;;(acte) ahasiwowo^ amesrômomô. adu  —  aîî
A;;;(homme);ahasiwola, amesrômôla. commettre  un-    wo  ahasi,  mô  amebubu  srô.
A;adultérin;m;;ahasivi, gbolovi, gbomeîuvi. advenir    vi    dzo,  va  dzo,  va  eme.
A;adverbe;m;;adverb.
A;adversaire;m;;futo, ametâla, fulela, keto. adverse    a   keto,  îuto.
A;adversité;f;;dzogbevôe, fukpekpe, nuhaha.
A;aérer;vt;;sia nu de ya nu ; wu mo na ya, na mo aérien    a    nusi  me  y  a  le,  nusi  le  ya  me. conduit  aérien    hlo,  îuîuto.
A;aéroplane;m;;yamewu.
A;aéronaute;m;;yameWudola, yamewukula.
A;affabilité;f;;domenyonyo, mokoko, domefatonyenye. affable    a    domenyoto,  mokola,  domefato.
A;affadir;vt;;wo be nu menyo na dudu o.
A;affaiblir;vt;;wo lame gbodzo ; de nusê le ame nu.
A;s'affaiblir;vt;;gbodzo.
A;affaiblissement;m;;gbodzogbodzo, nude<Je, nude- deda.
A;affaire;f;;nya, nyadzodzo, nu. cela  c'est  votre-    ekpo  de  gbo  wô,  eka  wô. pour-    de  asinu  ta. faire  à  q.  son-    îo  ame,  wu  ame.  , avoir  une  mauvaise-  sur  les  bras  :  ge  de  haha  me. se  mêler  des-  d'autrui  :  de  nu  amebubu  îe  nya me. comment  vont  vos-    aleke  wô  dowowo  le  hâ  ? faire  de  bonnes-  s  kpo  nudzi  dédie,  nu  dze  dzL n'ame. affairé    a    wawâ,  tukadadzinola
A;affaissement;m;;lame gbodzogbodzo.
A;affaisser;vt;;te de anyi.
A;s'affaisser;v;;tra wo, yi to, dze anyi, lame tutu» n'ame. affamé    dowu,  dowuito. être-    blo  di  ku,  do  wu  ame. affamer  q.   vt  gbe  nududu  na  ame,  tè  nududu  ame.
A;affectation;f;;nuwowo • adanutoe, nukpakpa de nu dzi. <8 aîî  —  aîî affecté   a  adanutoe.
A;affecter;vt;;lô nu wu, wo alakpanu ; kpa nu de nu  dzi,  wo  anyiranu.
A;affection;f;;lolô ; — dolélé. porter  de  F-  à  q.   lô  ame  îe  nyâ  gbo. prendre  q*  en-    va,  lô  ame. retirer  son-  de  q.    de  ko  le  ame  nu affectionné    a  lolôa,  lolôto. SSESr?i>  amefenyagbo. affectueux    a    vivi,  lolôto.
A;affermir;vt;;do nusë nu, wo nu woasênu, ka de nudzi.
A;affermissement;m;;nusêdodo, kakâdedzi.
A;affiche;f;;agbalê si wo klâ de gli nu hena nyata- kaka. afficher  qc.    vt   klâ  agbalê  de  gli  nu  na  nyatakaka.
A;affiler;vt;;nyirê nu (he, yi, kodzi).
A;affiliation;f;;hoho de habobo me.
A;affilié;m;;hameme, hameto, habobometo.
A;affilier;vt;;ho ame de habobo me.
A;s'affilier;v;;zo kple ame, yi de ame dzi, do ha kple ame.
A;affiner;vt;;klo, lolo nu (des métaux),
A;affinité;f;;fomedodo. affirmation    î    kpedodo  nya  dzi,  kakâdedzi.
A;affirmer;vt;;do kpe nya dzi, ka de nu dzi.
A;affliction;f;;fudede, fukpekpe, nuhaha.
A;affliger;vt;;de fui na ame, ve dome na ame, du dzi na  ame. être  affligé  ha. s'-  de  qc.    ha  nu  le  nu  nu. cela  m'afflige    evem,  edu  dzi  nam.
A;;;son corps;wo nuveve amedokui, na vevesese amedokui. être  affligé  d'une  maladie  :  do  lé  ame,  lé  do.
A;affluence;f;;zifofo, hadede, hahado agbososo.
A;affluent;m;;alodzedze, alo, alodze. affluer    vi  —  si;  —  so  gbo,  fo  zi.
A;affolement;m;;tametoto, bublu, nyamanyama. aff  —  agg
A;affoler;vt;;ble ame, flu ame, toto tame na ame.
A;affranchir;vt;;ho ame ; de ame, na mo ame, de asi ame  nu.
A;;;une;lettre he fe de leta ta ; do stampo leta dzi.
A;affranchissement;m;;dede, hoho, asidede ame nu, monana.
A;affre;f;;vodidi, nodzi, vovô. les  -s  de  ia  mort    ku  fe  nodzi.
A;affréter;vt;;de agba wu. affreux    a    nunyôtoe,  nodzitoe. Afrique   f    Afrika,  ameyime.
A;africain;m;;ameyi, afrikato.
A;affront;m;;dzudzu, nukpe. faire  un-  à  q.   dzu  ame,  do  nukpe  ame,  he  nya  de ame  nu.
A;affronter,;vt;;tsi tre de nu nu, kpa ngo ame.
A;;;Pennemi;kpe awa kalêtoe.
A;affût;m;;hadede. être  à  F-   le  hadede  dzi,  le  ha  me. afin  que    cj    bena,  be,  ne. afin  de    cj    be,  bena,  he.
A;agacer;vt;;dia ame nu, via ame nu, dzi ge ame nu.
A;agacerie;f;;gedzidzi.
A;agacement;m;;gedzidzi.
A;âge;m;;tsitsime, fehoho.
A;;;mûr;tsitsime.
A;;;avancé;amegâkuku, nyagâkuku, fe gede hoho. bas-  devime. dès  le  bas.   tso  devime  ke. avoir  P-  de  raison   tsi  gbenya  le  nu  nyam. avoir  P-  nubile    do  ame  me. quel  -as-tu  fe  nenie  le  asiwô  ?  fe  nenie  nèho  ? âgé    a    tsitsi,  hoho. être-  tsi,  do  hoho.
A;agencer;vt;;dô nu
A;agence;f;;dowowo, agbanunono, agbanunofe.
A;agenouiller;vt;;dze klo.
A;s'agenouiller;v;;dze klo.
A;agent;m;;dowola, agbanunola, do fe amegâ.
A;agglomération;f;;fufofo, kolili, tutudo. agg  —  agr
A;agglomérer;vt;;îo nu efu, li ko nu.
A;aglutiner;vt;;dre ario de nu nu, lé nu kple arip. aggravation    î    kpekpe,  sesê  de  dzi,  agbodzedze de  dzi.
A;aggraver,;vt;;kpe, do kpe dzi. la  maladie  s'aggrave   do  dze  agbo  de  dzi,  do  klë> do  dzê  aglâ. agile    a    wawâ,  deabla,  bibi. être-    sa  ada,  zâ,  bi. agilité   î    abladede,  adasasa,  adariudzedze,  wawâ.
A;agiotage;m;;akasadidi.
A;agir;vt;;wo nu.
A;;;à la légère;wo nu tamemabutoe, fo aka.
A;;;bien envers q.;wo ame nyuie.
A;;;mal envers q.;wo nu vevie ame. la  médicine  agit    atike  le  do  worn,  atike  la  dL
A;agitateur;m;;aglâdzela, zitola. agitation    î    zitoto,  aglâdzedze,  wawâ.
A;agiter;vt;;wâ, to zi, îo zi.
A;;;une question;îo nu le nya nu, ke di le nya nu, do  nya  da.
A;;;q. (émouvoir);zi ame, de dzo lame na ame. la  mer  est  agitée    îua  dze  agbo. la  colère  Pagite    eîe  dzi  le  bibim.
A;s'agiter;v;;tsi dzodzodzoe, wâ.
A;agneau;m;;alêvi.
A;;;de Dieu;Mawu îe alêvi.
A;;;pascal;paska 'lêvi. agonie   î  kudoîoîo. être  à  P-    îo  kudo,  nyi  kuhe.
A;agonisant;m;;kudoîola. agoniser    vi    îo  kudo, agrafe    î  agblo.
A;agrandir;vt;;wo nu woalolo de dzi, keke nu de nu.
A;agrandissement;m;;lolodedzi, takeke. agréable    a    enyo,  dzeamefiu,  soe.
A;;;au;goût vivi.
A;;;à Podorat;lïlïlï, wewë; \vê lïlïlï. agréer   vi   lô  de  nu  dzi,  ho  nu.
A;agrément,;m;;lolô de nu dzi, dekawowo, nudzedze. agr  —  ail
A;agresser;vt;;dze nu dzi, lé nu (ame)
A;agression;f;;awakpekpe.
A;agriculteur;m;;agbledela.
A;agriculture;f;;agbledede.
A;agronomie;f;;agblededenufnunya. agroupement  fufofo.
A;agrouper;vt;;fo nu fu. aguets    mpl  hadede. se  tenir  aux-    de  ha,  le  ha  me,  le  hadede  dzi.
A;aide;m;;kpekpedenu; kpedenuto, amekpela, kpona- meti. venir  en-  à  q.    kpe  de  ame  nu,  ho  na  ame. Dieu  vous  soit  en-   Mawu  nakpe  de  nuti  wô.
A;aider;vt;;kpe de ame nu, lé eme na ame.
A;;;vi;de asi do me na ame, do asi de ame gbo.
A;;;à q. au travail;de asi dowowo me na ame.
A;aïeul;m;;togbui.
A;aïeule;f;;marna, aïeux    mpl  blematogbuiwo.
A;aigle;m;;hô.
A;aiglon;m;;hôvi. aigre    a    ve,  veve,  dridri. aigrette    î    hevi  ade,  —  ba.  *
A;aigreur;f;;veve. avoir  des  -s  d'estomac  îa.
A;aigrir;vt;;ve dome na ame, do dziku na ame. il  s'aigrit  d'un  rien    dome  mesea  eveve  o. aigu  a  tsuê. aiguière    î    kplu,  g;o.
A;aiguille;f;;abi, abui, nutonu.
A;;;de montre;gameîianu, alo. trou  d-    abinku,  abi  fe  vo. pointe  d'-  abinu. mettre  du  fil  dans  l'aiguille    îo  ka  de  abi  me,  de ka  abi  me.
A;aiguillon;m;;nu, te, ti, fu, ge, anyô. piquer  de  1'-    te  là  kple  ti.
A;aiguillonner;vt;;zi ame dzi, îo du de ame te.
A;aiguiser;vt;;nyirê nu, li nu.
A;aile;f;;avtfaïa, ahalâ ; — awalanu. déployer  les  -s   ke  awalawo  me,  klê  awalawo  me- ail  —  ais
A;ailleurs;adv;;afi bubu, afi bubu godzi. d'ailleurs    cj    le  esia  megbe,  kpe  de  sia  nuti,  to egbo.
A;d'-;adv;;tso afi bubu. aimable   a   lôame,  nyo,  si  dze  na  lolô. être-    wo  ame,  nye  ame.
A;aimer;vt;;lô nu, lô ame.
A;;;la goutte;lô aha nono, wo ahatukpa îe do.
A;;;q.;lô ame îe nya gbo.
A;;;qc. davantage;nu evivi na ame wu, nu edze ame  nu  wu. je  n'aime  pas  cela    eya  meso  nam  o,  eya  mevivi nam  o. aine   î  to. aîné    a     ngogbeto,  hohoto,  tsitsito,  ngogbevi. je  suis  son-  de  2  ans    enye  devi  nam  fe  eve. il  est  mon-  de  2  ans   enye  hoho  nam  îe  eve. c'est  mon  fils-  enye  nye  ngogbevi. ainesse    î    (droit  d'-)  ngogbevi ny enye.
A;ainsi;adv;;aie, sigbe, nenemâ, to ale mo sia dzi.
A;;;que;abe ne. pour-  dire   abe  ene.
A;air;m;;yâ. prendre  V-    ho  yâ. parler  en  1'-    gblo  nya  de  yâme. exposer  à  1'-    sia  de  yâ  nu,  do  nu  yâ  nu,  ku  nu de  yâ  nu. fendre  1'-    dzo,  îu  du il  y  a  courant  d'-   yâ  le  îoîom.
A;air;m;;dzedzeme, nonome, mododo. avoir  1'-  de    wo  abe  de  ...  ene. prendre  un-  grave    do  mo  vevie.
A;air;m;;gbe, gbedidi, hagbedidi.
A;airain;m;;ga dzê, ga sesê. aire,    î    (grange)    lûgboîe,  bligboîe.
A;aire;f;;hô îe ato.
A;aisance;f;;bobo, wodzuinono.
A;;;(bien-être);hokpokpo, kesinotonyenye. vivre  dans  1'-    kpo  ho,  nye  kesinoto. lieux  d'-    kpoha,  afodzi.
A;aise;f;;modzeanyi, nudzedze, nunyôname, lâmesesê. ais  —  ali être  bien-    kpo  dzidzo,  ame  fe  mo  dze  anyi. à  P-    boko,  kpô. être  à  son  -  nu  dze  ame,  nu  so  na  ame. se  sentir  mal  à  F-    lame  meko  o. aisé    a   boboe  —  enyô  na  ame  —  kesinoto.
A;aisément;adv;;boboe, wodzui, kedzê. aisselle    î    ahado,  ahatome.
A;ajournement;m;;tsodikpo azâdockx
A;ajourner;vt;;tso nya do nkeke bubu dzi, do nu de megbe,  gblê  nya  di  na  gbebubugbe,  do nyazâ.
A;ajouter;vt;;kpe de nu nu.
A;;;(en comptant);hlê nu de dzi.
A;;;foi à qc.;ho nya dzi se, ho nu dzi se.
A;ajuster;vt;;dzra nu do, do nu, so nya, dzidze nu kpo.
A;;;qc. à une autre;so nu de nu nu, tsya nu de nu nu.
A;;;son chapeau;do kuku kpo.
A;;;son coup;dzidze nyuie.
A;alacrité;f;;wawâ, dzidzo. alarme    î    wunyawunya,  zidede  ;  asiîunu,  zitoto. alarmé    a  dzikatsoameîo.
A;alarmer;vt;;do abobo, do aîa, do haha de ame, do vodi  na  ame  ;  fu  asie  nù,  do  gli.
A;s'alarmer;v;;dzi no, dzo hahaha, dzika tso ame îo.
A;albinos;m;;amegi, ame biabiâ, gesosi.
A;alcool;m;;aha, asafi. alêne    î    nuiîonui,  fli. alentours    mpl    nutome,  nutowo  me. dans  nos-    le  aîiyi  nutowo  me. aux-  de  Lomé    le  Lome  fe  nutowo  me
A;alentour;adv;;godo, kpedo, îohla kpedo. alerte    î    zidede,  wunyawunya. donner  V-   do  aîa,  do  abobo. alerte   a    wawa,  de  abla. algèbre    î    akontabubu  ade,  algebra, aliénation    î    nunana  ame  bubu. aliénation  (mentale)    adawakuku,  tsukuku,  adawa- dzedze.
A;aliéné;m;;tsukuno, adawakuda, adawato. ali  —  all maison  (P-  s      tsukunowo  nofe.
A;aliéner;vt;;de asi le nu nu na ame bubu, dzra nu.
A;alignement;m;;nudodo, tadofe, ka, agbaka, lika.
A;aligner;vt;;do nu le akasa nu.
A;aliment;m;;nududu. alimentation    î    nyinyi,  nyonyrô.
A;alimenter;vt;;nyi, nyrô.
A;s'aliter;v;;no anyimlofé, no aba dzi.
A;allaiter;vt;;na no devi.
A;allécher;vt;;ble ame nu, ble mo na ame.
A;;;un chien;ble avû nu.
A;allée;f;;moiata esi wodo ati de akpawo kple eve na. allégation    î    gbogblo,  adanudoe.
A;allégement;m;;nudede le nu dzi, îaîa.
A;alléger;vt;;îa nu nu, tsi nu nu.
A;;;la souffrance;fa veve nu.
A;allégorie;f;;lododo, glî, lo, abebua. allégorique    a  le  ahamasisi  me,  adzakpakpa. allègre    a    wawâ,  dzidzotoe.
A;allégresse;f;;dzidzokpokpo, aseyitsotso.
A;alléguer;vt;;gblo nya, de nu fia, yo abe dasedidî eue. Allemagne    f  Dzama'nyigba.
A;allemand;m;;Dzama alo dzamato. aller    yi,  to,  de,  zo,  tso,  dzo,  dze  mo  (dzi).
A;;;lentement;yi dododo, zo dododo.
A;;;à la chasse;yi adegbe.
A;;;en voyage;yi mo dzi, yi nugbe.
A;;;en compagnie;zo ha me.
A;;;en promenade;tsa, di tsa.
A;;;en France;yi Frâseawode.
A;;;en pente;di abù.
A;;;en pointe;lo, lio aku.
A;;;en bicyclette;to keke, do keke, do gaso.
A;;;à pied;to afo, zo afo.
A;;;à Pécole;yi suku, de suku.
A;;;à la rencontre de;yi do go ame.
A;;;à cheval;do so.
A;;;au fond;yi to
A;;;au. galop;fu du sesië (abe so ene). all  —  all
A;;;chez q.;yi ame gbo.
A;;;chercher q.;kplo ame ve, yi kplo ame ve.
A;;;se coucher;yi anyimlofe.
A;;;prendre q.;kplo ame ve.
A;;;rejoindre q.;kpe ame, tu ame, he ame.
A;;;voir q.;de ame gbo, kpo ame da. cela  va  sans  dire   edze  fa,  eme  ko  îa. cela  me  va    esom,  melô,  edze  nu  nye,  edze  me nam. comment  allez-vous    aleke  nèle  (miele)  do  ? ma  montre  ne  va  pas    nye  gaîodokui  la  le  totom. où  vas-tu    aîika  yim  nèle. je  vais  à  Kèta    meyina  Kèta. je  vais  aller  manger    meyi  nu  du  ge. je  m'en  vais  (au  revoir)    medzo,  meyi  16. il  va  mieux    eka  de  eme  ne,  ele  miemiem. cela  ne  lui  va  pas   medze  enu  o. allez  toujours    nayi  dzi,  nayi  ngo,  no  yim  ko. va-t-en  do  go,  te  da,  tso  gbonye,  heyi  le  gbonye. s'en  aller    dzo,  dzo  yi,  he. il  s'en  va  à  midi    ele  dzodzo  ge  le  ndo  me. s'en  aller  vers  L.    do  ta  yi  de  L.  loîo. je  m'en  vais  travailler    meyi  do  wo  ge.
A;alliage;m;;nutsakatsaka, nubakabaka.
A;alliance;f;;nubabla, dzodudu.
A;;;secrète;hagaglebobo, boha le bebeme.
A;;;(parenté);îome, fometowo. contracter  une-   bla  nu,  du  dzo  de  nu  dzi.
A;allié;m;;hadela, dzoduholô, îometo, tudekato, adze- lukuto.
A;s'allier;v;;bla nu, wo deka kple ame, da tu deka. allocation    î    îetu,  kpekpedenuho. allocution    î  nyagbogblo. faire  une-    gblo  nya. allongé   a    de  lëgbe  wo  ge,  de  dzidzi  ge,  lëgbe.
A;allonger;vt;;wo nu didi de dzi, ke nu, he nu me.
A;;;le bras;do abo da.
A;allongement;m;;kekeme, didiwowo de dzi.
A;allouer;vt;;na nu ame.
A;allumer;vt;;do dzo, si dzo.
A;;;le feu dans le poêle;do dzo de kpo me. all  —  amb
A;;;la lampe;si akadi, si akadigbe.
A;allumette;f;;dzosinu, dzositi, matsesi.
A;allure;f;;zozo, alizozo, agbenono, nonome. prendre  des  -s    fia  dokui,  wo  dokui. allusion    î    ahamâsisi,  ahamâîofo,  nyamenya. faire  des  -s   gblo  nya  le  nya  me,  îo  ahamâ  de  nu nu.
A;almanach;m;;nkekegbalê. alouette    î  aloe.
A;alors;adv;;tetela, emegbela, eyomela ; — gemagi me  la. d'-  gemagito.
A;alourdir;vt;;wo nu woakpe de dzi, do kpekpe nu,
A;alphabet;m;;ABC. dzesiwo, agbalênonlo dzesiwo, altération    î    totro,  Hdodo,  bublu,  nyagometotro.
A;altérer;vt;;tro, do li nu, tro nya gome, alternation   î  lidodo.
A;alterner;vt;;do li, ho ame tefe, wo nu adzo-adzo.
A;alternativement;adv;;adzo-adzo, deka-deka, lido- dotoe. altier    a    dzadzra,  dada. altitude  î  kokome.
A;aluminium;m;;ga gi wodzui de. amabilité    î    lolô,  amelolô,  wudodo.
A;amaigrir;vt;;di ku, di ka, du amedokui.
A;s'amaigrir;v;;di ku, blo.
A;amaigrissement;m;;tsitrenudo, gbohi, tsohi tso ame.
A;amalgame;m;;ga toto kple klosalotsi. amande   î   ne,  ku.
A;amant;m;;lôla, lolôto, holô. amarre    î    ka,  atagbuika.
A;s'amarrer;v;;da seke, dze.
A;amas;m;;kolili, kç, tutudo.
A;amasser;vt;;îo nu fu, bo, li ko nu.
A;s'amasser;v;;îo îu, tù nu do.
A;amateur;m;;lôla, nulôla. amazone    î    adona,  adonavi,  agbo. ambages  (parler  sans-)   wu  nu  me  îâ,  gblo  nya  îâ. ambassade    î    dogbe,  du,  dudodo.
A;ambassadeur;m;;dogbedela, amedodo, dola. amb  —  ami
A;;;indigène;atikploto, atikplotsola. ambigu    a    eve  dome,  dze  vee,  si  gomesese  eve  li na. ambitieux    a    si  dzi  bubu  na  dokui. être-    klê  nu,  dzi  bubu.
A;ambition;f;;riukeklê, bubudzidzi na dokui.
A;ambitionner;vt;;dzi bubu, wo adive ambulant    a    si  le  zozom.
A;âme;f;;luwo, gbogbo.
A;amélioration;f;;dododo, kakademe.
A;améliorer;vt;;do nu do, dzra nu do, ka de erne,
A;amende;f;;febabla, amenyinyi kple ga, faire  -honorable    do  taflatse,  do  sebio,  bia  tso- tsoke.
A;amendement;m;;wowonyùie de dzi, dododo.
A;amender;vt;;wo nu nyuie de dzi, do nu do (ka la do  nuteîe).
A;s'amender;v;;do amedokui do, tro dzime, do li de.
A;amener,;vt;;tso nu ve, kplo ame ve.
A;aménité;f;;nyonyô, nudzedze. amer    a    veve  helïhelï  le  lame,  veve  kâtâkâtâ  le ade  dzi. américain    a  amerikato. Amérique    f  Amerika'nyigba. amertume    î  veve. abreuver  q.  d'-    ve  dome  na  ame,  ha  ame,  de  îu na  ame.
A;ameublement;m;;homenuwo.
A;ameuter;vt;;kpla avû do ; de dzre ame dome,
A;ami»;m;;hô, holô, holôvi, hati, havi. E.  est  mon-  E.  enye  hônye. amiable  a  holôtoe,  domefâtoe. s'arranger  à  P-   do  nu  do  holôtoe  kple  ame,  do  nu- gbee  kple  ame. amical    a    lôame,  dze  na  holôwowo.
A;amidon;m;;goma, statsi.
A;amidonner;vt;;de goma awu.
A;amincir;vt;;wo nu îlagbê, îlaflê, le.
A;amiral;m;;a\vawumeîia.
A;amission;f;;bubu, gbegblê, nububu.
A;amitié;f;;lolô, holôwowo, holôdzedze. amn  —  amu prendre  q.  en-    wo  holô  kple  ame. se  lier  d'-  avec  q.    dze  holô  ame. avoir  de  F-  pour  q.    lô  ame  îe  nya  gbo.
A;amnistie;f;;tsotsoke, amenuveve.
A;amnistier;vt;;tso ke ame, ve ame nu.
A;amoindrier;vt;;de nui le nu dzi.
A;amollir;vt;;wo nu boboe, de nu tsi. le  sol  est  amolli     anyigba  bobo,
A;amonceler;vt;;li ko nu, bo nu, fo nu îu.
A;;;de l'herbe;li gbe ko, li ko gbe.
A;amoncellement;m;;kolili. amorce    î    nublenu,  azâmenu,  glae.
A;amorcer;vt;;ble ame nu, do glae.
A;amortir;vt;;tsi nu, zi nu dzi.
A;;;une dette;he îe, vo îe.
A;amortissement;m;;nutsitsi, fehehe.
A;amour;m;;lolô. pour  1'-  de   de  nu  ta,  de-  riuti,  ha  de  nu  (ame)  ta. je  le  fais  par-  pour  vous  :    lolô  ta  mewoe  na wô  do. amour  de  soi-même  dokuilolô. amoureux    a    yo  kple  lolô. être-  de  q.    ame  fe  nu  lé  dzi  na  ame. être-  de  la  gloire    dzi  kaîukaîu. amour-propre    dokuilolô,  kekrepedidi,  nukeklê. ample    a    lolo,  keke  ;  îûzâ. ampleur   î  kekeme. amplitude    î  lolome. amplification  ke^ededzi.
A;amplifier;vt;;ke nu de dzi, lolo de nu. ampoule  î     loholoho,  atukpanogui,  atukpavi. amputation    î  nutsotso.
A;amputer;vt;;tso ame îe nutilâ îe akpa ade. amulette    î    dzo,  dzoka,  dzonu. donner  une-  à  q.    sa  dzoka  na  ame. mettre  une-  à  q.    do  dzoka  na  ame,  bo  ka  na ame.
A;amusement;m;;plasiwowo, agbedudu, plasi.
A;amuser;vt;;do vivi na ame, îe.
A;s'amuser;v;;du agbe, dzo dzi, du plasi, îe. s'-  de  qc.    kpo  dzidzo  le  nu  nu,  îe  le  nu  nu. amy  —  ang s'-  de  q.   du  îewu  le  ame  nu,  îe  le  ame  nu.
A;amygdale,;f;;kokui.
A;an;m;;îe (gleti 12). avoir  quatre  -s    ho  fe  ene. avoir  vingt  -s  accomplis  :    ho  îe  blâve  vo. le  nouvel-   fetotro,  îekpekpe,  îe  y  eye  gomedzegbe.
A;ananas;m;;atoto, blaîogbui, anazi. analogue    a    nusi  di  nu  bubu.
A;analyser;vt;;de nu gome, de nu siwo îoîu wo nu (nya)  deka  la  fia  deka  deka. anarchie   î   dugbadza,  gbahaya. anathema  u  ser    vt    îo  nyiko  de  ame  dzi  le  ha  me.
A;anathème;m;;amededehame îe îiîode. lancer  Y-  contre  q,   îo  îi  de  ame,  de  ame  le  ha  me. anatomie   î   nutilâmelâlâ  kple  emedzodzro. ancêtres    mpl    blematowo,  togbuiwo,  tsâtowo. ancien    a    blemato,  hohoto,  tsato, P-  Testament  nubabla  hoho.
A;anciennement;adv;;tsâ, hohotsâ. ancienneté    î    blemanoli,  gbedeme,  tsitsi,  hohonye- nye. ancre   î  seké. lever  Y-    ho  seké. jeter  V-   da  seké.
A;ancrer;vt;;da seké.
A;;;son esprit à;ka de nu dzi.
A;âne;m;;tedzi.
A;anéantir;vt;;tsrô nu, gblê nu. s'anéantir    tsyrô  amedokui,  îo  akâ. s'-  devant  Dieu    bobo  ta  de  Mawu  nkume.
A;anéantissement;m;;tsotsyrô, gbegblê. anecdote   î    nyatoto,  glitoto,  gli. ânerie    î    bometsitsi,  lânyenye. ânesse    î  tedzino.
A;ange;m;;Mawudola.
A;;;gardien;dzikpodola. angélique    a    dziîodolato,  abe  dziîodola  ene. salutation-    „Medo  gbe  na*wô,  Maria". Angélus   m   Aîeto  îe  dola  (îe  gbedodo  na  Maria). sonner  Y-    îo  ga  (be  amesiame  nado  gbe  da  le ndi,  le  rido  kple  le  îiêsi  me.) Vocabulaire ang  —  ann anglais   a   enlisito,  enlisinu.
A;angle;m;;dzogoe. Angleterre    f    enlistowode,  England,  Enlisi'nyigba*
A;anglicanisme;m;;Enlistowo îe kristohame. angoisse    î    vovô,  dzikatsoîo. se  consumer  d-    ha  nu. être  dans  des  -s  mortelles  :  vovô  gâ  le  lame  na ame,  dzika  tso  ame  îo. anguille   î    dagi,  dawoe,  bono. anfuleix   a*  I    le  dzo2oe  me'  dzog°edzit9-
A;animal;m;;là, nu gbagbe.
A;;;domestique;aîemelâ.
A;;;de;la brousse gbemelâ.
A;;;sauvage;la woadâ.
A;;;quatrupède;la 'fonee.
A;;;herbivore;la dugbe.
A;;;carnivore;là duvvulâ. animation    î    agbe,  dzo,  \va\vâ.
A;animé;m;;Wavvâ, dzonudzonu.
A;animer;vt;;de v^awâ, de dzo ame me. animosité    î    dzibibi,  domedzoe,  adika.
A;anis;m;;sikoni, pepri, ahaliwoe. annales    îpl    îènutinyagbalê,  nutinya.
A;anneau;m;;ga, ge (asige, aîoge). année    î  îè. cette-   le  îe  sia  me. P-  prochaine    le  îe  si  gbona,  le  îe  kemae  me- P-  dernière   le  îe  si  va  yi  la. chaque-    îe  sia  îe. demie-   îe  aîâ,  gleti  ade. il  y  a  une-   îe  deka  va  yi. fin  de  V-  îe  îe  nuwuwu. commencement  de  V-    îe  gomedzedze. renouvellement  de  V-    îe  totro. annexe    î    honuhoe,  akpata,  îlui  ;  —  nutinuwo.
A;annexer;vt;;kpe nu de nu nu. annihilation    î    gbegbîê,  tsotsyrô.
A;annihiler;vt;;tsyrô nu, gblê nu.
A;anniversaire;m;;îe nkekenyuie, îetrozâ.
A;;;de;la naissance dzigbezâ. ann  —  ant messe-  missa  si  wowona  fe  sia  fe  de  amekuku  ta le  efe  îetrokuzâgbe. annonce  î   gbeîâdede,  kpododo,  nyatakaka. faire  des  -s    de  gbe  îâ,  ka  nya  ta.
A;annoncer;vt;;de gbe îâ, ka nya ta, do ga, do kpo.
A;;;qc* à q.;to nya na ame, do du na ame, he du ve» Annonciation    î    Gbeîâdede  na  Maria  îe  azâ.
A;annonciateur;m;;gbeîâdela. annotation    î  nkudododzi.
A;annoter;vt;;de dzesi nu, nlo nu di. annuel   a  îesiaîeto. revenu-    îe  deka  îe  îetu. annulaire   a    nogo  abe  asige  ene. doigt-  fiayometo. annuler    vt>  gblê  nu,  klo  nu).
A;;;une loi;tu se.
A;anoblissement;m;;kokodedzi. anonyme    a    nkomanome,  rikomanosito. anormal    a    nusi  mêle  dodo  nu  o  ;  lolo  akpa,  so- gbo  fû. anse    î    asilénu,  asiléîe.
A;antagoniste;m;;îuto, keto.
A;antan;m;;îè si va yi la. antécédent    a    tsâto,  ngogbeto. antérieur    a    tsâto,  ngogbeto.
A;antérieurement;adv;;tsâ, îe blemanoli.
A;antéchrist;m;;akkpa-kristo, awatso-kristo. anthropologie   î  amenununya,  amegbeto  nutinunya. anthropophagie    î  amelâdudu.
A;anthropophage;m;;amelâduk. antichambre    î    akpata,  bedome,  hodome,  lalaîe.
A;anticiper;vt;;tre tsotso, tre sese, do (de) ngogbe\ antienne    î    hadzidzi  kokoe. antilope    î    zi,  lu,  adzoke,  se. antimoine    î    akanu,  ga  îlinoîlino.
A;anti-pape;m;;alakpa-papa, avvatso-papa. antipathie    î    malômalô,  nunyô. antique    a    hoho,  nusi  do  hoho.
A;antiquité;f;;blemanoli. antre   î    do,  lû,  to. anu  —  apo
A;anus,;m;;kpe, mieîi, srilome, gbïme, agome. anxiété    î    vovô,  dzimadi. anxieux    a    Isi  dzimadi  vovônoto. aorte    î    wuka  gâ.
A;août;m;;august (août) gleti enyilia.
A;apache;m;;ziîola, adzodala.
A;apaisement;m;;akoîaîa, nubeble, dgmefafa.
A;apaiser;vt;;îa dzi na ame, ble nu; fa dome na ame,  îa  ako  na  ame.
A;;;la soif;no tsi, di kg.
A;;;la faim;du nu di îo. sa  faim  est  apaisée  :    eîe  do  ke,  di  fo.
A;;;la douleur;fa veve nu.
A;;;une querelle;lé avû. le  vent  s'apaise    yà  lé. s'apaiser   gbo  de  me,  gbo  dzi  di,  gbo  dzi  de  anyi.
A;apanage;m;;domenyinu, aklamâ ; nusi edzo de ame  dzi.
A;apathie;f;;atrikuku, dekematsgleme, numase de lame. apathique    a    dekemaditg,  numasedelâmetg,  lâme- kuatrito.
A;apercevoir;vt;;kpo nu, se nu, dze si nu.
A;s'apercevoir;v;;se nu ggme, nya nu.
A;aperçu;m;;numekpgkpg, nunyanya. à  peine    adv    bebli  hafi,  îâ  hafi. à  peu  près    adv    ang,  abe-ene,  kloe,  klo-ene.
A;apiculteur;m;;anyitala, anyidela, anyinyïla.
A;apiculture;f;;anyitata,* anyidede, anyinyïnyï.
A;apitoyer;vt;;kpg nublanui na ame.
A;apitoiement;m;;nublanui, dometgtrg de ame nu.
A;aplanir;vt;;dzg nu, fo nu gbadzâ, ta nu.
A;aplatir;vt;;fo nu gbanyâ.
A;aplomb;m;;agbagbadodo, nudodo, dzgdzo de tsitre. perdre  son-    dzi  de  le  ame  îo. être  d'-    tsitre  ka. apologie    î    nyahoho  na  ame,  ame  tavvliwli. faire  P-  de  q.    vvii  ame  ta,  kafu  ame,  ho  nya  na ame. apocalypse    î  nyadedeîia'gbalë. apo  —  app apoplexie    î  kudzodzo.
A;apostasie;f;;hosegbegbe, megbedede.
A;apostasier;vt;;gbe hose.
A;apostat;m;;hosegbela, dzego, dzeaglâ. —
A;apostolat;m;;apostolonyenye, apostolodo.
A;;;de la prière;apostolonyenye gbedododa. apostolique    a  apostoloto. siège-    papa  fe  dzidudu. apostrophe    ï    nkumekaka,  —  apostrofi.
A;apostropher;vt;;he adânya de ame nuti.
A;apothicaire;m;;atikewola.
A;apôtre;m;;apostolo. actes  des  -s  apostolonutinya. symbole  des-    Apostolo wo  îe  hosemewuwu. apparaître    vi,  dze,  do.
A;;;à q.;de edokui fia ame. le  navire  apparaît   wu  la  le  dzedzem,  v^u  la  do.
A;appareil;m;;nuwonu, dowonu, mô.
A;apparemment;adv;;anye, de elanye, de woanye. apparence    î    dzedze,  dzedzeme,  kpokpo,  nkume- dzedze. selon  les  -s    le  gota  gome,  ewo  abe . . .  ene. pour  sauver  les  -s    de  bùbu  ta.
A;s'apparier;v;;mô, do atsu, mo. apparent    a    kpokpo,  nyô,  nyuie. mort  -e  îenyikuku. apparition    î    nukpekpe,  dimenukpokpo,  dzedze. avoir  une-   kpe  nu,  kpo  dime  nu.
A;appartement;m;;ho, hoame. appartenir    vi    nye  ame  to. à  qui  appartient  ceci    amekato  enye  sia,  ameka- toe  hâ  ? ce  livre  m'appartient   agbalê  sia  enye  tonye. il  lui  appartient  de . . .  edze  ne  be.
A;appât;m;;azâmenu, nublenu, mômenu, glâe. tendre  un-  à  q.    ble  ame  nu.
A;appâter;vt;;ble ame nu.
A;appâter;vt;;na nududu.
A;s'appauvrier;v;;di gbo, do ko to ga gbegblê me.
A;appel;m;;yoyo.
A;;;au secours;leleledodo, asiîunu, do kû n'ame. app  —  app faire  V-   yo  nkgwo  da.
A;appeler;vt;;yo ame.
A;;;au;secours do abobo, do aîa, îu asi nu, do kû.
A;;;l'attention;de q. sur qc. do nku nu dzi na ame.
A;;;en justice;sama ame.
A;;;q. en témoignage;yo ame abe dasedila ene.
A;;;Dieu en témoignage;yo Mawu, ta Mawu. comment  t'appelles-tu    nkowô  de  ? on  l'appelle  E.   woyo  ne  be  E. rl  s'appelle  H.    woyoa  nko  be  H. qui  m'appelle  ?    ameka  le  yoyem,  yoem.
A;appellation;f;;yoyo.
A;appendice;m;;megbenunuwunya.
A;appesentir;vt;;wo nu kpekpe.
A;appétit;m;;nudzodzro, nkubiabia, nudududzodzro. bon-    asi  Pagba  me  lô  !  (kép)  va  du  nu  lô,  asi l'akome  lô  ! avoir  bon-    nududu  vivi  ame  nu.
A;applaudir;vt;;îo akpe, d'asi kpe, kaîu. s'applaudir  de  qc.    kpo  dzidzo  de  nu  ta. être  applaudi    ho  kaîukaîu,  dze  ame  nu.
A;applaudissement;m;;asikpeîoîo, kaîukaîu. application    î    veviedodonu,  veviedonu. avoir  de  1'-  à  l'étude   do  vevie  nusosro. appliqué    a  veviedola.
A;appliquer;vt;;wo nu nu do, do nu nu nu.
A;;;de;la couleur do ano nu, si ano na nu.
A;;;un soufflet à q.;îo tome na ame.
A;;;son esprit;do vevie nu.
A;s'appliquer;v;;do vevie nu. appointements    mpl    îetu,  adzo. donner  des-    he  îetu  na  ame.
A;apporter;vt;;tso nu ve, he, ko, lo nu ve.
A;;;du soin;do vevie nu.
A;apposer;vt;;kpe nu de nu nu.
A;;;sa signatuore;hlo nko de nu te.
A;apprécier;vt;;bu gâ, kaîu nu, do vivi de nu nu. appréciable   a    dzena  bùbu.
A;appréhender;vt;;lé nu, tsi dzimadi.
A;;;q. au corps,;de ame gaho me.
A;;;que;vô be. app  —  app
A;appréhension;f;;lélé ; — dzimadi, vovô.
A;apprendre;vt;;srô nu, se nu, nya nu, kpla nya.
A;;;qc. à q.;fia nu ame, gblo nya na ame.
A;;;le français;srô Frâsegbe.
A;;;le français à q*;fia Frâsegbe ame.
A;;;à lire;srô agbalêhehlê.
A;;;par cœur;srô nu de tame, un  mal  appris    dekakpui  vlo,  gbemeto.
A;apprenti;m;;dosrôvi, adanusrôla. être-  chez  q.    do  do  me  le  ame  gbo.
A;;;menuisier;atikpala dosrôvi.
A;apprentissage;m;;dososrô, domedodo, dosrôgi. faire  P-  de  la  menuiserie   srô  atikpakpa. apprêter    dzra  nu  do.
A;;;le dîner;dzra ndome nududu do. il  apprête  bien    enya  nudada.
A;s'apprêter;v;;dzra dokui do, sogbe de gadzi. apprivoisé    a    fafa,  mamlâ.
A;apprivoiser;vt;;mlâ lâ.
A;apprivoisement;m;;mamlâ.
A;approbation;f;;lolô de nu dzi, nudzilçlô ; mode- de  na  mawununola  be  woase  kristotowo fe  nuvôwomewuwu. approche   î   tete  de  nu,  lili,  tofe. à  1'-  du  jour   le  nukeke,  esi  nu  ke. à  F-  de  la  nuit   le  zâdodo  me,  le  anyigbatsyogi. lunette  d'-  tsitsi.
A;approcher;vt;;gogo, te, he nu de nu nu, ke de nu  nu.
A;;;à pas de loup;do de nu dzi le vome, zo minya- minya.
A;;;d'une personne;kpo mo yi ame gbo fâ.
A;;;la table du mur;he kplô de gli nu.
A;s'approcher;v;;te de nu nu, va lili nu, gogo.
A;;;de q.;te de ame nu, zo de ame nu. l'ennemi  s'approche  de  la  ville  :    îuto  gogo  du. l'hiver  s'approche    vuvonoli  gogo. approchez-vous    te  yi,  te  va,  te  lili.
A;approfondir;vt;;wlo nu me, dzro nya me, do nu gome  kpo. approfondissement  nyagomekuku. app  —  arb
A;approprier;vt;;so nu de nu nu.
A;s'approprier;v;;ho nu, dze go de nu dzi, srô nu.
A;approuver;vt;;lô de nu dzi, kaîu nu.
A;;;d'un signe de tête;lô nya kple ta.
A;approvisionnement;m;;nududu, aîunyinyi.
A;s'approvisionner;v;;hetse dokui, nyi afu.
A;approximativement;adv;;ano, kloe. approximation    î    hehlê,  bubu.
A;appiïï;m;;nugodenu, nuziodenu. point  d'-  agage. pièce  à  1'-    nyadedefiagbalê,  dodokpogbalê.
A;appuyer;vt;;zio nu, glâ nu, via nu.
A;;;la tête;zio ta, zio ko.
A;;;l'échelle contre le mur;tso atrakpui zio de gli  nu.
A;;;l'éperon au cheval;do du so. s'appuyer   zio  de  nu  nu,  via  de  nu  nu.
A;;;contre la chaise;zio de ablêgo nu.
A;;;sur q.;zio de ame nu, do dzi de ame nu. apre    dzakadzaka,  nyanui. après    adv,  prep   megbe,  le  megbe,  le  nu  yome.
A;;;le repas;le nududu megbe.
A;;;une année;fe deka megbe.
A;;;cela;emegbe la, eyome, ekemâ.
A;;;l'un- l'autre;deka deka.
A;;;quoi;nusi dzi, le esia megbe la.
A;;;tout;ke, voa. après  que    eyome,  emegbe.
A;après-demain;m;;nyitso si gbpna
A;après-midi;m;;getro, getrome. apreté    î    veve,  dada,  nunyô,  numadzemadze. apte   a  sosoe. rendre-    do  nusê  ame. aptitude   î   soso,  riutete,  nunya,  riusêkpokpo,  adanu- dzedze.
A;aquilon;m;;anyiehe — yâ.
A;arachide;f;;azi. araignée   î  yiyi. toile  d'-    yiyido,  yêdrikaka.
A;arbalète;f;;dati. arbitraire    a    alesi  wolô,  le  lolônu  nu. arb  —  arg
A;arbitre;m;;avuléla, nyadrôla.
A;arborer;vt;;fo nu de tsitre, do nu de tsitre.
A;;;le drapeau;si aflaga.
A;arbre;m;;ati. P-  grince    ati  du  tse. T-  de  la  croix  atitsoga.
A;;;fruitier;ati tseku, ati dudua.
A;arbisseau;m;;ativi, adzakpasu.
A;arbuste;m;;ativi, avekovi, adzakpasu.
A;arc;m;;da, dati. en-  goba. tirer  de  V-    da  da. tendre  Y-    he  dati  me,  vu  da,  te  da.
A;arc-en-ciel;m;;anyiewo.
A;archange;m;;mawudola gâ. arche    î    adakawu  (de  Noé). V-  d'alliance  nubabladaka.
A;archer;m;;dadala, datidala
A;archévêque;m;;episkopo gâ.
A;archidiacre;m;;diakono gâ.
A;archiprêtre;m;;mawununola gâ.
A;architecte;m;;hotula. arctique    a  anyieheto.
A;ardemment;adv;;vevie. ardent   a   dzonu,  bibi  vevie. être-  à    do  vevie  nu. ardeur    î    dzohoho,  veviedodonu.
A;;;du solleil;ndçkutsu, iidovCuWu.
A;;;d'estomac;îaîa. ardoise    î    kpe  yibo,  sleti,  nunlôkpe. ardu    a    diabu  ;  —  sesïe.
A;arène;f;;awawoîe.
A;aréopage;m;;nyagbloîe.
A;arête;f;;tomelâ îe îu.
A;;;(coin);nuto, dzogoe.
A;argent;m;;ga ; — klosalo. d'-  klosaloto.
A;;;comptant;gasiasi, ga atiati. acheter-  comptant    île  nu  gasiasi. vendre-  comptant    dzra  nu  gasiasi
A;;;en cours;ga dudo, dudua. arg  —  arr gagner  de  P-   du  ga,  wo  ga. gagner  50  frs.  par  mois    du  frâ  blâtô  gleti  deka. détourner  de  Y-     du  agba,  du  ga,  da  asabii  de nu  dzi. épargner  de  P-    wo  ga  di,  do  nuhi  ga,  dzra  ga do. dissiper  de  Y-    gblê  gâ,  du  ga,  dahe  ga. point  d'-,  point  de  suisse  :    asi  gbolo  meyi  asi me  o.
A;argenter;vt;;îa klosalo de nu nu. argenterie    î  klosalonu.
A;argile;f;;anyi dzê.
A;argument;m;;kakadedzi, nuîoîo. argumenter   vi    îo  nu  le  nu  nu,  ke  di,  de  nya  fia. argumentation    î  dikeke. aride    a    fu'fu,  mawo  nu.
A;aridité;f;;kotsitsi, kudidi.
A;aristocratie;f;;ame nkutatowo. arithmétique    î  akontabubu. faire  de  Y-    bu  akonta. arme    î    awawonu,  lânu,  gunu,  dânu. armée    î    awako,  asaîoko.
A;armer;vt;;ma awawonu na ame.
A;s'armer;v;;kpla awawonuwo, bla akpa. armoire   î    sigao,  tsitrenudaka.  drô. armure    i  awawonuwo. arqué    a    goglô,  glômô,  goba,
A;arôme;m;;wewê vivi, wewê lïlïlï.
A;arpentage;m;;nu dzidzenu.
A;arpenter;vt;;dzidze nu, de lifo, da ka.
A;arquer;vt;;bi nu, bo nu.
A;s'arquer;v;;hlâ, lugu, hatsa.
A;arracher;vt;;ho, bel^, nyô, îlï, ya nu.
A;;;qc. à q.;ha nu le ame si, wli nu le ame si, gbo nu.
A;;;les plumes;bebe îu, nyô kokloîu.
A;;;une branche;îlï alo le ati nu.
A;;;un;arbre ho ati le do me, de ati îe ke le do me.
A;;;de Pigname;ho te, ku te.
A;;;Pœil à q.;ho nku le to me, de nku n'ame.
A;;;avec les dents;tso nu kple adu. arr  —  art
A;;;de;force ho nu kple sesê, du nu, gbo nu wïam.
A;s'arracher;v;;de dokui da.
A;arrangement;m;;nudodo, asinyinyi di, anyidodo, kpetsotso.
A;arranger;vt;;do nu, nyi asi di, do nu teîeteîe.
A;;;un différend;lé avu, tso nya.
A;;;ses paroles;do nya. cela  m'arrange    esom,  edzem. s'arranger    lô  de  nya  dzi,  do  nu  do  kple  ame.
A;;;avec q.;le nya kpo kple ame. arrestation    î    gahomedede,  ametete  de  ga.
A;arrêt;m;;toto, tetoto ; se, afiatsotso, mohehe. rendre  un-    tso  afia,  drô  vvonu  ame.
A;arrêté;m;;sé, sédede.
A;arrêter;vt;;to ame, he nu de megbe, sika ame di. he  mo  na  ame,  de  ame  gaho  me. s'arrêter  no,  no  anyi,  lala,  le;  —  gbo  (di)  de  eme, dzudzo,  to  de. ma  montre  s'est  arrêtée   nye  gaîodokui  to.
A;arrière;adv;;megbe.
A;arrière-faix;m;;ameno.
A;arrière-grand-père;m;;togbotogbui.
A;arrière-grand'mère;f;;mamâmamê. arrivée    î    vava,  dodo,  dede. arriver    vi    va,  do,  va  eme,  de,  ho,  tu.
A;;;à L. à 10 heures;do L. le ga ewo me.
A;;;chez q.;do ame gbo, de ame gbo. il  arriva  que   eva  eme  be,  eva  dzo  be . . . cela  est  arrivé    nya  la  va  veme  vavâ. la  fête  est  arrivée,    azâgbe  do. le  temps  du  départ  est  arrivé    miafe  dzodzo  do dzi  vo. arrogance  î  gbagbla,  aminu,  amenyahehe. arrogant   a    dada,  amenyahela. s'arroger  un  droit   ho  nu  îu  ako,  do  to  de  nu  nu.
A;arrondir;vt;;mli nu, wo nu nogui, mli ko nu. arrondi    a    mimli,  memli.
A;arroser;vt;;de tsi nu, wu tsi nu.
A;arrosage;m;;tsidede, tsiwuwu.
A;arsenal;m;;avvawonudzradofe.
A;art;m;;adanu. art  —  ass artère   î    wuka,  agbekagâ. arthrite    î   adoko,  aluba,  titi,  siti,  nudui.
A;article;m;;nu, nane ; artikeL
A;;;de foi;hose îe nufiafia vevieto deka. articulaire  (rhumatisme-)  agbaklikpe. articulation    î    kpeîe  ;  fukpefe,  fenudefe.
A;articuler;vt;;îo nu eme ko.
A;artifice;m;;adanuvôe, ayedzedze, ameblenu, ayevô- dodo. feu  d'-    dzotro,  asrâma. tirer  un-  d'artifice  da  asrâma. artificiel  a  kple  adanu,  adanutoe. artificieux    a  ayevôdola^
A;artillerie;f;;asrafoha si wo aprim nu do; aprim- dalawo.
A;artisan;m;;adariuwola, dowola.
A;artiste;m;;adariuwola.
A;ascendance;f;;îome, fometowo.
A;ascendant;m;;fometo.
A;ascension;f;;dziyiyi, dziîoyiyi. Ascension  de  N4  S.   Afeto  Yesu  Kristo  fe  dziîoyiyi fe  azâgbe.
A;asile;m;;sitsoîe, sietsofe.
A;aspect;m;;kpokpo ; nkume, dzedze.
A;asperger;vt;;hlê nu de nu dzi, tso nu wu nu dzi, tu  nu  de  nu  dzi.
A;;;q. d'eau bénite;hlê tsi kokoe de ame dzi ; tso tsikokoe  wu  de  ame  dzi,  da  tsi  kokoe,
A;asphalte;m;;ano ade fomevi.
A;aspic;m;;fli (da ade).
A;aspiration;f;;gbogbo, yometiti, nudzidzi.
A;aspirer;vt;;gbo, ti yome, dzi nu.
A;;;Pair;gbo yâ de eme. aspirer  (vi)  à  qc.    dzi  nu;  dze  agbagba  le  nu  nu.
A;assaillir;vt;;da adzo ame, lû de ame dzi, dze ame dzi,  do  de  ame  dzi  kpata,  zi  ame  dzi. un  orage  nous  assailli*  :    ahomu  do  de  mi.
A;assaissonner;vt;;de nu vivi nududu me, de nu (dzè) do  vivi  nududu'  me.
A;assassin;m;;amewula, hlôdola.
A;assassinat;m;;dafidada, îifiwu, amewudegbe. ass  —  ass
A;assassiner;vt;;wu ame, da dafiame, wu anie de gbe.
A;assaut;m;;amedzidzedze.
A;assécher;vt;;fu nu.
A;assemblage;m;;fufofo, nututudo.
A;assemblée;f;;takpekpe. tenir  une-    kpe  ta.
A;assembler;vt;;fo nu fu, tu nu do. s'assembler  kpe  ta,  di  anyi. assener  un  coup   fo  ame  vevie,  zi  ame  vevie.
A;assentiment;m;;lolô de nu dzi, nudzilolô.
A;asseoir;vt;;tso nu da di.
A;;;un camp;da asada, bo asada. s'asseoir    bobo  no  anyi.
A;;;dans un fauteuil;bobo no kuviablêgo dzi.
A;;;sur le trône;no anyi de îiazikpui dzi, du fia.
A;;;au lit (d'un malade);le alinu. asseyez-vous    bobo  no  anyi.
A;assermenter;vt;;dzi atabu ame, wo ame be wôata nu. assertion   î   kaka  de  nu  dzi,  kuku  de  nu  dzi.
A;asservissement;m;;kluvinyenye.
A;asservir;vt;;te ame de anyi, do adoko ame.
A;assesseur;m;;adanudela.
A;assez;adv;;sogbo, sunu. c'est-    eso  gbo,  esu. en  voilà  edodo.
A;;;peu;viade. assiduité    î  kutrekuku.
A;assiégeant;m;;duhala.
A;assiéger;vt;;ha du, de to de du. assiette   î   agba,  tasagbe,  nudagba.
A;assigner;vt;;sama ame.
A;;;du travail à q.;do do na ame. assimilation    î  soso.
A;assimiler;vt;;so nu de nu nu, di nu. s'assimiler  à  qc.    dze  go  de  nu  dzi.
A;;;des connaissances;dze hunya, kpla nunya. assises    îpl  wonudodro. assistance    î    kpekpedenu,  ~  todolawo.
A;assistant;m;;kpedenuto, honameti, amekpela
A;assister;vt;;kpe ame, kpe de ame nu. ass  —  ast que  Dieu  vous  assiste    Mawu  nakpe  de  nu  wô. association   î   habobo,  îomewowo.
A;associé;m;;amehavi, amehati, hameto, gomekpola.
A;associer;vt;;wo deka kple ame, kpe ame de ame nu. s'associer    bo  ha  kple  ame,  wo  deka  kple  ame,  do amewo  dome, s'assombrir    do  viviti,  tsyô. le  ciel  s'assombrit    viviti  le  dodom.
A;assombrissement;m;;vivitidodoi
A;assommer;vt;;wu ame, îo ame wu.
A;;;q. de coups;îo ame vevie, îo ame wu Assomption    î    Maria  hoho  yi  dziîo.
A;assortir;vt;;tia nu; de nu di.
A;;;des citrons;tia anuti lolotowo le eme.
A;;;à qc.;so de nu nu.
A;assoupir;vt;;na ame nado alô.
A;;;la douleur;îa veve nu. s'assoupir    do  akolôe,  miâ  nku.
A;assoupissement;m;;akolôe dôdô.
A;assourdir;vt;;ku to na ame, gbâ to n'ame.
A;assouvir;vt;;dze ame nu.
A;;;la faim de q.;di îo na ame ; do fo na ame.
A;;;sa vengeance;bia hlô.
A;assujetir;vt;;du ame dzi; te ame de anyi, tso ame wo  aîokpae.
A;;;q. à faire qc.;zi ame dzi be wôawo nane. s*-  à  la  volonté  de  q.    wo  nu  de  ameto  dzi.
A;assujetissement;m;;dzidudu, dzizizi. assumer  une  responsabilité  :    ho  nya  nu  ;  ho  nya de  ako.
A;assurance;f;;kakadedzi, nyateîe, kpedodo nul dzi.
A;assurer;vt;;ka de nu dzi, do kpe nu dzi. s'assurer  de  qc.    dzi  nu  gome  nya  nyuie.
A;asthme;m;;gbohi.
A;astiquer;vt;;do atsyô na.
A;astre;m;;gletivi.
A;astreindre;vt;;zi ame dzi.
A;astrologie;f;;gletivi me îakaka.
A;astronomie;f;;gletivinununya. astuce    î    adanu  vôdi,  dzeadanu,  ayevôdodo. ast  —  att astucieux    a    dzeadanu,  dadra,  ayevôdola.
A;atelier;m;;dgwofe, adanuwofe. chef  d'-    dodzikpola,  dgwglawo  dzikpgla.
A;athée;m;;mawugbela, vôdi.
A;athéisme;m;;maw ug beg be. atlantique    î    fu,  atsiaîu.
A;atlas;m;;anyigbatata.
A;atmosphère;f;;yâ, yame.
A;atome;m;;nu suesue.
A;atre;m;;mie, mlekpui, dokpo, dzodofe. atroce    a  dzino.
A;atrocité;f;;riodzidzi, nutasesê. attache    î    ka,  nublanu.
A;attachement;m;;lolô, kùkù de ame nu. par-  pour    de.  .  ta.
A;attacher;vt;;li nu, klâ nu de nul nu, bla nu, de ka nu.
A;;;qc. à;tsi nu de nu nu, lé nu de nu nu.
A;;;ses yeux sur;lé nku de nu nu.
A;;;de l'importance à :;bù nu vevie. s'attacher  à  q.    kù  de  ame  nu.
A;s'attacher;v;;tsi kplete, ku de nu1 (ame) nu. attaque   î    nudzidzedze,  awakpekpe.
A;;;imprévue;lelékpata.
A;attaquer;vt;;dze ame dzi, dze avva gome, kpe awa.
A;;;q. en justice;sama ame.
A;;;un travail;dze dowowo gome, s'attarder    tsi  megbe,  tsi  anyi. atteindre   se,  kpe  (nu)  ame,  de,  do,  ho,  tu,  flo  nur AVU. sa  longueur  atteind  10  m.    eîe  didime   de  aîo ewo. elle  a  atteint  l'âge  nubile    nyônuvia  do  srôdede me. être  atteint  de   nu  wo  ame,  lé  do  ade.
A;atteinte;f;;fofo, dada, toto, porter-  à  la  réputation  de  q.    gblo  nya  bâ  de ame  nuti.
A;atteler;vt;;bla so de tasiadam nu, tsi là de keke nu.
A;attendre;vt;;lala, dzo, to, kpo mo, no anyi. attends-moi    nano  dzoyem,  to  tè  (note)  kpom. att  —  att attends  un  peu    no  anyi  vie,  to  tè  uë. attends  ici    to  de  aîi. attendre  q.    kpo  mg   na   ame,   lala   ame,  kpo monu.
A;s'attendre;v;;kpo mg na nu.
A;attendrir;vt;;du lame na ame, wg nu boboe.
A;s'attendrir;v;;kpo nublanui, îa konyi.
A;attentat;m;;vodada, gudodo, nuvôdiwowo.
A;attente;f;;mokpokpg, lala, dzodzo. salle  d'-  lalafe. être  dans  V-  dè   tsi  dzi  le  nulala  me. attenter    vi    bo  ahohlô.  bo  busu,  do  gu.
A;;;aux jours de q.;dzi ame îe ku, dzi ame îe agbe gome. attentif    a    doto,  hê,  le  nutizo.
A;attentivement;adv;;kolokolo, kgtekote. prêter  une  oreille  attentive    do  to  nyuie. attention    î    tododo,  nkulélé  de  nu  dzi. faire-    le  nku  de  nu  nu,  do  to,  kpo  nu  dzi. faites-  que    kpo  nyuie  be;  lé  nku  de  nu  dzi  be  ; katse  kpo  be. il  n'y  fait  pas-  mehiâe  o,  medziîo,  mêle  to  dom  o.
A;;;int;kpo nyuie ! agô ! do to !
A;atténuation;f;;nudede le nu dzi.
A;atténuer;vt;;de nu le nu nu, de riusê le ame me.
A;atterrer;vt;;fu nu anyi; zi ame dzi.
A;;;vi;di go. atterir   vi   di  go;  dze  go;  —  di,  va  anyi  (yâmewu).
A;attestation;f;;dasedidi. — asidede agbalê me.
A;attester;vt;;di dase, de asi agbalê me.
A;s'attiédir;v;;* zii fafe, tu (tsi tu) tsi tu ko.
A;attirail;m;;dowonu, nuwonu.
A;attirer;vt;;he, he nu ve, bia nku na ame. se  sentir  attiré  vers  q.    ame  îe  nu  lé  dzi  na  ame, ame  îe  dzi  lé  de  ame  nu. s'attirer  ho.
A;;;une maladie;ho do, île do ve.
A;attiser;vt;;(le feu) flo dzo do, tra dzo do.
A;;;une querelle;kpla avu.
A;attitude;f;;dokuilélé, nonome.
A;attouchement;m;;asidede nul nu, asikaka nu nu. att  —  aud
A;attraction;f;;nukpokpo, nkubiabiâ.
A;attrait;m;;amenubeble, — dzo, bibi, viâviâ. avoir  de  P-  pour   lô  nu,  nu  le  ame  dzrom. avoir  de  P-  pour  Pétude  :    lô  nusosrô,  nusosrô le  ame  dzrom.
A;attraper;vt;;lé nu, tu, tso nu do; — ble ame, îlu ame.
A;;;un voleur;lé îiaîito.
A;attribuer;vt;;do nu na ame.
A;;;qc. à q.;ma nu na ame, do nya ame dzi. s'-  un  droit,    ho  nu  fu  akg.
A;attribut;m;;nonome, dzesi. attribution    î    mo,  nusê,  nusêkpokpo. avoir  pour-    kpo  mo.
A;attrister;vt;;do mo vevie n'ame, ve dome na ame.
A;s'attrister;v;;ha nu nu. attristé      a    hanu,  fakonyi. attrition    î    nuhaha,  dzidudu.
A;attroupement;m;;takpekpe.
A;s'attrouper;v;;kpe ta. aube   î   nukeke,  nu,  agudzedze,  fonului. P-  paraît   nu  le  kekem,  agu  dze. auberge    î  amedzrodzeîe.
A;aucun;pr;;amadeke o, deke o. en-  cas    gbede,  dabi.
A;aucunement;adv;;kpao, kura o.
A;audace;f;;kalêwowo, nutsuwowo. avoir  de  P-    wo  kalê,  dzra  ku. avoir  P-  de    katse,  katse  kpo  ! audacieux  a  kalêto. au  deçà   adv    afi  godzi. au  deîà    adv    aîimà  godzi. au  dedans    adv    me,  eme,  le  me. au  dehors    adv   hehe,  gota,  go,  godo.
A;au-dessous;adv;;anyi, dome, gome,
A;au-dessus;adv;;de edzi, enu, dzime, dzi.
A;au-devant;adv;;le nu ngo, de nu ngo, de nu nuti. audience    î    todolawo,  nyaselawo,  nyasese. donner-  à  q.    do  to  se  ame  fe  nya.
A;auditeur;m;;todola, nyasela.
A;auditoire;m;;nyaselawo, todolawo. Vocabulaire aug  —  aut auge    î    to,  lato,  hato. augmentation    î    lolodedzi,  gbososo  de  dzi.
A;augmenter;vt;;sogbo de dzi, lolo de dzi, dzi de edzL
A;;;le prix;da asi de dzi, wo asi sesê de dzi.
A;augure;m;;aîâkaka, nukaka, afâ,
A;augure;m;;afâto, bokono.
A;aujourd'hui;adv;;egbe, egbegbe. aumône   î   nunana  hiâto,  keke. demander  P-    bia  nu. faire  P-     na  nu  hiâto,  na  nu  ame  dahe.
A;auparavant;adv;;tsâ, haîi, gbâ, ngogbe.
A;auprès;adv;;gbo, le nu gbo, te de nu nu.
A;auriculaire;m;;asi kotoe. aurore    î    dzi  te,  dzitetsotso. P-  se  lève   dzite  tso.
A;auspice;m;;afâ, aîâkaka, nukaka. aussi    cj    hâ  eyata,  gake.
A;aussitôt;adv;;îiîila, enumâke, zi deka.
A;;;que;cj kasiâ. austère   a   veve,  sesê. austérité    î    sesê,  nubabla,  îehehe. austral   a  dzieheto.
A;autant;adv;;nenemâke, aie, alea, aleke.
A;autel;m;;altaro, Mawu îe vôsâkplô, mekpli.. sacrifice  de  P-     Missa,  altaro  dzi  vôsasâ. monter  à  P-    yi  altaro  dzi.
A;auteur;m;;nuwola, agbalê îilola, kula.
A;authenticité;f;;anukode. authentique    a  vavâ,  anukodeto.
A;automne;f;;keleme.
A;automobile;f;;auto, lorry, dzokeke, motoka. autonome    a  dokuisi,  etphe.
A;autonomie;f;;ablodenyenye, dokuisinono.
A;autorisation;f;;modede, nudzilolô. autorisé  a    kpo  riusê.
A;autoriser;vt;;de mo, lô de nu dzi.
A;autorité;f;;bùbu, nusê, dzidudu.
A;autour;adv;;îohla, godo.
A;autre;pr;;bubu.
A;autre;part;;adv le afi bubu.
A;autrefois;adv;;tsâ. aut  —  ave  —
A;autrement;adv;;ne menye nenem o la, vovo. autruche    î    tsyatsyaboli,  golo. autrui    p    ame  bubu.
A;auxiliaire;m;;kpederiuto.
A;avaler;vt;;mi nu, no nu.
A;;;qc. de travers;nu ge de nyê me na ame.
A;avance;f;;ngonono, ngoyiyi. être  en-  sur  q.   tre  vava  na  ame.
A;avancement;m;;dododedzi, ngogbeyiyi.
A;avancer;vt;;do nu ngogbe, yi ngogbe.
A;;;en âge;tsi de dzi.
A;avanie;f;;dzudzu, riukpedodo. faire  une-  à  q.   dzu  ame  gâgâgâ.
A;avant;prép;;rigo.
A;;;que;cj haîi ne.
A;avant;m;;ngogbe, nkume.
A;avantage;m;;vide, videkpokpo. avoir  Y-  sur  q.    fo  ame  ta,  du  ame  dzi.
A;avantager;vt;;lô ame wu bubu. avantageux    a    nyui,  de  vi.
A;avant-bras;m;;alo, alotinu.
A;avant-coureur;m;;ngodzela, ngonola.
A;avant-propos;m;;kpokplo yideme, nyanudede.
A;avant-veille;f;;nyitso, azâdrôgbe. avant-hier    nyitso  si  va  yi. avare   a   kuno,  woadikpe,  tsi  nku. être-     ve  nu,  li  asi  nu  nu,  wo  adikpe,  ku  no. avarice    î    anokuku,  nkutsitsi,  adikpewowo,  nuke- dede.
A;avare;m;;anokuno, nuvela, adikpewola, nkutsila.
A;avarier;vt;;gbâ, gblê nu.
A;avarie;f;;Wugbegblê. avec    cj    kple,  kpakple,  eye.
A;avènement;m;;dodo, vava.
A;;;à;la couronne îiazikpuidzidede.
A;avenir;m;;geyigî si le vava ge. à  Y-    le  game  si  lava,  tso  egbe  fe  nkeke  dzi.
A;avent;m;;advento. aventure    î    nudzodzo,  nukpekpe,  nudra. dire  la  bonne-    ka  aîâ,  ka  nu,  ka  nya.
A;s'aventurer;v;;do dzi, katse, te nu kpo.
A;aventurier;m;;godzela, nudrawola. 4* ave  —  avo non  avenu    a    yaka,  dzodzro. avenue    î    ablo  keke,  mo  keke,  mo  gba  dzâ.
A;avérer;vt;;do nu na ame kpo, vvu nu na ame, nu îe nyatefenyenye  dedeîia. averse    î    tsidzadza  gâ.
A;aversion;f;;fulélé, tsitsri. avoir  de  V-  pour  q.   lé  îu  ame,  ame  îe  dzi  meho ame  o,  tsri  ame.
A;avertir;vt;;hlô nu ame ; — do du de ame, klâ ame.
A;avertissement;m;;nuhohlô; — dudodo, kaklâ.
A;aveu;m;;numewuwu.
A;aveugle;m;;nkugbâto, rikuno. devenir-    nku  gbâ  na  ame. faire  qc.  à  V-    da  nu  de  eme.
A;aveuglement;m;;nkugbagbâ, nkutsitsi; — amenu- beble.
A;aveugle-né;m;;nkuno tso dzidzi me.
A;aveugler;vt;;gbâ ame îe riku; — ble ame nu.
A;aviateur;m;;yàmewudola. avide    a    biariu,  bianku. être-    dzro  nu  vevie,  tsi  nu  yome. avidité    î    nkubiabia,  dzodzro,  riukeklê.
A;avilir;vt;;bobo ame (nu) de anyi, gblê nonome.
A;avilissement;m;;gbegblë, bobodeanyi.
A;avion;m;;yamewu.
A;aviron;m;;wukuti, akoîati, kotoklo, atablo. —
A;avis;m;;adanu, tamesusu, adariudodo. émettre  son-    gblo  ame  îe  tamesusu. à  mon-    le  nye  susu  nu. mon-  est  que  :    mesusu  be. changer  d'-    tro  tame. faire  changer  dé-  à  q*  tro  ame  îe  tame  le  nu  nu, de  dzi  nu  nu. avisé    a     nyanu,  dzeadanu,  tamekokoeto.
A;aviser;vt;;do du de ame, klâ ame, do adariu na ame.
A;avocat;m;;nyahola de amenu, tsiamee.
A;avoir;vt;;le ame si, li, ho, j'ai  dix  ans    fè  ewo  le  asinye.
A;;;besoin;(ziâ) hiâ nu, wo nu nu do. qu'avez-vous  :    nuka  le  wowôm. avo  —  bai
A;;;à cœur;dzro be.
A;;;de l'éloquence;ade boboe le ame si.
A;;;faim;do wu ame.
A;;;pour but;do, do tame,
A;avoisiner;vt;;de lifo, kpe, kpe kpo.
B;avortement;m;;fudzodzo, îudede îugege; — îogbe- gblê  (animaux), avorter    vi,  fu,  ge,  îu  dzo. faire-    de  fu. avouer   Wu  nya  me,  dze  si  nu,  lô. si  tu  Pas  fait,  avue-le   ne  èwoea,  nalô. avril    april    (gleti  enelia). azuré    blo,  yibo,  amâ. azyme  a  (pain-)    abolo  mawamawa.
B;babil;m;;dzèdodo, asemkaka.
B;babillage;m;;nyatofitoto, nyadodo.
B;babillard;m;;dzèdola, nyadola, nyatoîitola.
B;habillement;m;;dzèdodo, nyadodo. babiller    vi    dodzè,  ka  asem,  îo  nu  blobloblo.
B;bac;m;;toîoîe, totsofe, todeîe.
B;badinage;m;;ahatsekaka.
B;badigeon;m;;akalotsi.
B;badigeonner;vt;;si akalo de nu nu, do ba ho, tre ho.
B;badigeonneur;m;;anosila. badiner    vi    ka  ahatse.
B;bafouer;vt;;du fewu le ame nu.
B;bagage;m;;agba. bulletin  de-   agba  hogbalë.
B;bagarre;f;;zitoto, wowo gidigidi.
B;bagatelle;f;;nùvi, nu madinu, nu ziwo.
B;bagne;m;;gaho.
B;bague,;f;;ga, ge, asige, afoge, aboge.
B;baguette;f;;ati dze, amefoti, ati, hamble.
B;baie;f;;kutsetse. bai  —  bal baie    î    adô,  îukome;  —  îesrêriil
B;baigner;vt;;lé tsi na ame. se  baigner    v    lé  tsi,  yi  tsileîe. baignoire    î    tsileze,  tsilekolo,  tsiletokpo
B;bail;m;;gege, anyigbagege. prendre,  donner  à-    ge  anyigba.
B;bailler;vt;;ge nu ; do nu ame si. bâiller    vi    haha,  hiha,  hako.
B;bâillement;m;;haha; kohaha.
B;bâillonner;vt;;té nu de nu me na ame.
B;bain;m;;tsilele, tsileîe.
B;;;de;mer fulele. caleçon  de-    godui,  godoe,  vente,  avète. salle  de-    tsileîe;  —  aîekpoeme. baïonnette    î    hlo,  tunuhlo,  akplo,  aleli.
B;baiser;vt;;dudo nù na ame.
B;baiser;m;;nùdudo, nùgbugbo. donner  un-  à  q.    gbugbo  nu  na  ame.
B;baisser;vt;;didi nu d'anyi.
B;;;la lampe;bobo dzo, tè dzo (akadi) de eme.
B;;;le pavillon;didi aîlaga.
B;;;la tête;bobo ta; de ta anyi; tsyo mo anyi, de gù,  de  mo  to  (honte).
B;;;les yeux;miâ riku.
B;;;les prix;de asi nu dzi. se  baisser    v    zu  we,  do  dogôe.
B;baisse;f;;dededa, wezuzu.
B;;;de prix;asidede nu dzi.
B;bal;m;;ge, gedudu. balafre    î    akaba,  blinui,  nusisi,  atse.
B;balai;m;;abaya, ha, atihali, abayaha. fabricant  de-    abayablala,  abayafola. manche  de-  abayati.
B;balance;f;;nudanu, nudamô, — nusosokpo.
B;balancer;vt;;da nu; — bu nu nuti : — nyê nu.
B;;;les bras;nyê abo. se  balancer   v   du  nagbanagba,  da  le  ya  me.
B;balancement;m;;dada,
B;balançoire;f;;amedakeke, todotodoe.
B;balayer;vt;;kplo nu, kplo nu na
B;;;la chambre;kplo home. bal  —  ban
B;;;l'ennemi;nyâ futowo. balayures,    fpl    dudo,  dudokpo,  kokoli. balbutier    vi    kuko,  koko,  kuku  ade.
B;balcon;m;;ablanda, akpata.
B;baldaquin;m;;dzoya, katamâ, tsï. baleine  î  boso.
B;ballast;m;;agba.
B;balle;f;;bol, bolu. lancer  la-     hlâ  bol,  da  bol. attraper  la-    he  bol.
B;;;de;fusil tukpe. jeu  de  (balle)  boludada. balle    î    babla,  ko,  kpo,  avokpo,  nubabla.
B;ballottement;m;;dada,
B;ballon;m;;bol gâ ; aîobolu ; — yame\vu.
B;balloter;vt;;nyê nu. balustrade    î  adzrala.
B;bambin;m;;devi sue, vi fê; vidzï.
B;bambou;m;;pampru ; modeti, pamplo.
B;ban;m;;gbefàdede ; nyanyâ, îifode, ame dede hame. banal   a   yaka,  vlo. banane   î  akodu. régime  de-  akodukpo.
B;bananier;m;;akoduti.
B;banc;m;;amagui, zikpui.
B;;;de sable;kekpo, agbô.
B;;;d'huîtres;adzakpo. bancal    a    atameîosotoe,  kîotsô. être-   ame  fe  ata  me  ku  klotsô  (îo  so,  do  da.)
B;bandage;m;;nublanu, nubabla. bande   î   nublanu,  nublaka,  ameha,  —  ababa.
B;bandeau;m;;nublanu.
B;bandelette;f;;nublanuvi, nublakavi.
B;bander;vt;;bla nu.
B;bandit;m;;adzodala, godzela banne    î    tsikpo,  tsokpo. bannière     î  aîlaga.
B;bannir;vt;;nyâ me le anyigba dzi, de ame de go.
B;bannissement;m;;amenyanyâ dzo le ame de, ame nyadegbe. banque    î    gadzradofe,  gadzitrofe,  gadodife. ban  —  bar banqueroutier  agbadula. banqueroute   î    agbadudu,  asigblêame. faire  banqueroute   du  agba.
B;banquet;m;;kplôdodo, aglotutu.
B;;;sacré ; -eucharistique;nududu kokoe, kommunio» banquette   î  amagui.
B;banquier;m;;gadudola.
B;baobab;m;;adidoti.
B;baptême;m;;mawutsideta. nom  de-    kristoto  nko  ;  Mawutsideta  nko. recevoir  le-    ho  Mawutsideta administrer  le-    na  Mawutsideta  ame. ministre  du-    Mawutsidela  ta. fonts  baptismaux  Mawutsigo. tenir  un  enfant  sur  les  fonts  baptismaux  :  du  ta alo  no  na  Mawutsihola. baptismale  (eau-)  Mawutsi. baptistaire  (registre)    Mawutsiholawoagbalê,  ma- wutsidasegbalê. extrait-  mawutsidasegbalê.
B;baptistère;m;;Mawutsidetafe.
B;baptiser;vt;;de Mawutsi ta na ame.
B;baquet;m;;go, ze. tokpo.
B;baraque;f;;atihoe, abayahoe, asadahoe, agbado» barbare    a    gbemeto,  ame  manyanu,  riutasêla.
B;barbarie;f;;anyrâwowo, riutasesê.
B;barbe;f;;gè. laisser  pousser  la-   do  gè. la-  pousse    ge  to. faire  la-   lu  ge. barbet  (m)  barbette    f    avû  ade.
B;barbiche;f;;gbôgee.
B;barbier;m;;gelûla, takola, dalula , talûla.
B;barbouillier;vt;;îo di nu, si nu de nu nu. barbu    (être)    togè,  (a)  togè,  gènu.
B;baril;m;;atigo, go.
B;baromètre;m;;hehemefianu.
B;baron;m;;amegâ, bùbume.
B;barque;f;;wu, batala, aklo.
B;barrage;m;;mohehe. barre    î    ati,  gati,  aplati,  atitsoga. bar  —  bat
B;barreau;m;;gati.
B;barre;f;;futsotsuiwo.
B;barrer;vt;;he mo, tu mp na nu. barrer  le  chemin  à  q.    he  mo  na  ame,  tso  ga  mo dzi. barrette    î   mawununola  fe  kukuvi  yibo  dzogoe  etô alo  eneto. barricade    î  mohenu.
B;barricader;vt;;he mp.
B;barrière;f;;moheti, mohenu. barrique    î    atigo,  go. bas,  basse,    a  makomako,  boboe,  vlo,  yaka„ marée   basse  îumiemie. mettre  bas    dzi  vi. mettre  pavillon-    didi  aîlaga. mettre  -les  armes   na  ta. mettre  chapeau-    de  kuku. en  bas    adv    de  anyi;  gome,  ete  godzi,  Panyigba-
B;là-bas;adv;;afimâ, anyigodzi.
B;bas;m;;anyinu, gome,
B;bas;m;;afowui. mettre  les-    do  afowui. bascule    î    nudamô;  amedakeke. faire  la-    dze  ne,  nyrô. base    î    gome,  dome,  anyino. la-  d'un  bâteau    wu  la  gome. se  baser,  baser    v    glâ  nu,  go  de  nu  nu.
B;bas-fond;m;;we, vveme, abu ; — mô (dans Peau),
B;basilique;f;;Mawuho gâ.
B;basse;f;;gbe gâ (hadzidzi).
B;basse-cour;f;;lâkpo, lâho. bassesse    î    bobo,  boboenono,  yakawowo.
B;bassin;m;;agba, kolo, kposi, gagba.
B;bastion;m;;môgâ gli sesê.
B;bas-ventre;m;;fo, dome, yome.
B;bataille;f;;awakpekpe, awawowo.
B;;;navale;awa le fu dzi, fudziwa . engager  la-    he  awa. champ  de-    awagbe,  awagbedzi,  awatoîo,  awa- wogbedzi,  awawoîe. jour  de  la-  awawogbe. bat  —  bav batailler   vi    wo  awa.
B;bataillon;m;;asrafoha, gbadagbaha.
B;bâtard;m;;ahasivi, gbolovi. Gâteau    m    wu,  méli.
B;;;de;guerre awawu. charger  un-    do  wu,  de  nuwo  wu. à  vapeur  dzudzowii voyager  en-    zo  wu  me.
B;le-;part;;Wu ho. le-  accoste    Wu  di  go,  Wu  dze.
B;bâtiment;m;;ho, hotutu.
B;bâtir;vt;;tu ho. Mton    m  ati. donner  des  coups  de-    fo  ame  kple  ati. battre  Peau  avec  un-    ha  dzro.
B;bâtonner;vt;;îo ame kple ati.
B;bâtonnier;m;;atikploto. battante  (pluie-)    tsidzadza  gâ.
B;battement;m;;îofo, îufu.
B;;;de cœur;dzidzodzo, dzitsotso.
B;;;des mains;asikpoloeîufu, asikpeîofo.
B;;;du pouls;wu îe sisi.
B;batterie;f;;avuwowo, foîo ; — aprim.
B;battre;vt;;îo nu, to, gbâ, du ame dzL
B;;;le tambour;fo wu.
B;;;q. à coups de poing;da ko ame.
B;;;à plate couture;îo ame kakaka.
B;;;du blé;fo bli, to lu.
B;;;du fer;tu ga, hlâ zu de ga dzi.
B;;;les habits;îo awu.
B;;;monnaie;ta ga, wo ga.
B;;;du flanc;gbo îugeîuge.
B;;;des mains;îo asi kploloe, da akpe, fo asikpe. le  cœur  bat  dzi  le  wa warn,  le  îoîom,  le  tsotsom. battue    î    avetsotso,  aveîoîo. faire  une-   tso  ave,  îo  ave.
B;baume;m;;ami wewê.
B;bavard;m;;ayoyo, nukpotuikpotuiîola dzedola.
B;bavardage;m;;nyatoîitoto, ahatsekaka. bavarder  vi    fo  nu  kpotuikpotui,  îo  nu  wlawlawla.
B;bave;f;;ade, futukpô, ku, ta. bav  —  bén baver   vi  de  ade,  ade  tsyo  le  ame  nu.
B;béatifier;vt;;de gbe fa le amekuku riuti be wôazu yayirato. béatitude    î    yayiratonyenye,  dzidzo. les  huit  beatitudes    yayira  enyiawo. beau    a    nyo,  nyuie,  —  dze  deka,  dze  tugbe. il  fera-  quand  ...    ne  koklowo  to  adu  . . .
B;beaucoup;adv;;gede, sogbo, fû, sonson, tan, zâ kpi.
B;;;mieux;enyo wu fû.
B;;;trop;sogbo akpa.
B;beau-fils;m;;toyovi, visrônutsu, vinyohu fe srô.
B;beau-frère;m;;nyo.
B;beau-père;m;;to.
B;beauté;f;;nyonyo, anidzidzi.
B;;;mâle;dekadzede.
B;;;féminine;tugbedzedze, tugbenyonyô, tugbe. beaux-parents    mpl    to  kple  lôho.
B;l)ébé;m;;vidzï, vidzïe, vidzê, vi fê, riane.
B;bec;m;;do. blanc-    kekrepedila,  bometsila.
B;;;nuptiale,;alolélé îe yayira.
B;bécane;f;;keke, gaso.
B;bêche;f;;sofi.
B;bêcher;vt;;nlo, gudu, dzobo anyigba.
B;becqueter;vt;;to do nu, fo nu anyigba kple do.
B;bedeau;m;;mawuhome nuwo dzikpola.
B;bégayer;vt;;koko, kuku ade.
B;begayeur;m;;kokola, adekukula.
B;bêler;vt;;hlô abe aie ene.
B;bêlement;m;;hohlô abe aie ene.
B;belette;f;;agblegbolê.
B;bélier;m;;alêtsu, agbo.
B;belle-fille;f;;visrônyônu.
B;belle-mère;f;;lôho.
B;belle-sœur;f;;srôdianyônu, nyô, asigâ, as idee.
B;belligérant;m;;awawola. Belzébuth    m  abosam.
B;bénédicité;m;;gbedododa le nududu ngo.
B;bénédiction;f;;yayira, getrome subosubo.
B;;;de Peau;tsikokoe wowo.
B;;;nuptiale;alolélé fe yayira. bén  —  bes
B;;;d'une église;mawuho yayira, mawuho nuti- koko.
B;;;sacerdotale;mawununola îe yayira.
B;bénéfice;m;;vide. faire  un-    kpo  vide  ;  de  vi  nu  nu. bénéficier    vi    de  vi  nu  nu.
B;benêt;m;;bometsila. bénévole    a    nyô,  nyui.
B;bénignité;f;;domenyonyô. bénin,  bénigne    a    nyo  dome,  fatu.
B;bénir;vt;;yira ame, (nu) kaîu ame, ko nu nuti.
B;;;Dieu;kafu Mawu.
B;;;un mariage;na yayira srôdelawo. que  Dieu  vous  |  à  un  enfant  :  noti  fê  wo. bénisse  !       \  un  adulte  :  medo  le  wo  si, (en  éternuant)   )  mege  le  avuwo  si. béni,  bénit    a  kokoe,  yayire. eau  bénite   tsi  kokoe.
B;bénitier;m;;tsikokoego.
B;béquille;f;;ati todenu.
B;bercail;m;;alêho, alêkpo.
B;berceau;m;;vidzî îe abati.
B;bercer;vt;;da vidzï.
B;;;q. de promesses;ble ame.
B;béret;m;;kuku nogoe.
B;berger;m;;alêkploîa.
B;bergerie;f;;alêho, alêkpo.
B;berlue;f;;fuflu, motatra.
B;berner;vt;;dzi ge ame nu, ka ahatse ame nu, flu ame.
B;besogne;f;;do, dovvpwo. besoin    hiâ,  hiâgbe,  ziâ. être  dans  le-   ka  hiâ,  hiâ  tu  ame,  ziâ  kpe  ame. avoir-  de    hiâ  nu,  ziâ  nu,  nu  ve  ame. faire  ses  -s    de  kpoha,  yi  afodzi,  de  gboto  (en- fants). être  pressé  de  faire  ses-   s     kpoha  to  ame. au-    ne  ele  vevie. bestial    a    abe  lâ  ene. bestiaux    mpl    lâwo,  afemelâwo. bes  —  bie
B;bestiole;f;;lâvi.
B;bétail;m;;lâwo, afemelâwo. bête   î   la  ;  —  bometsila. bêtise    î    bometsitsi,  lânu,  lâdzodzo,  henu. beugler   vi    de  gbe,  hlô  abe  nyi  ene.
B;beuglement;m;;gbetete, gbedede ; nyi fe hohlô.
B;beurre;m;;butru, bota.
B;bévue;f;;dzidada, vodada, dadafu: faire  une-    da  vo,  da  nu  dzi. biais    a    diabu,  troabu,  tro. en-    gôglô,  dzewe.
B;biais;m;;abutotro, abudidi. biaiser    vi    di  abu,  tro  abu. bi-annuel    a    zi  éve  le  fe  deka  me.
B;biberon;m;;notsinotukpa. Bible    î    Biblia  kokoe,  Nurionlo  kokoe. bibliothèque    î    agbalêho,  agbalëdzradoîe. biblique    a    bibliameto,  tso  Biblia  me.
B;biche;f;;luno, tono. bicyclette    î    gaso,  keke. monter  en-    do  gaso.
B;bicycliste;m;;gaspdola.
B;bidet;m;;so diku.
B;bidon;m;;go, akpogo, kplu. bien   a   nyuie,  nyô. cela  ne  fait  pas-  mal   mêle  vevem  nyuie  o. cet  habit  n'est  pas-  sâle  avo  sîa  meîo  di  nyuie  o.
B;bien;m;;nu nyuie ; kesinonu. faire  du-  à  q.   wo  nyuie  na  ame. je  vous  veux  du-   mêle  wo  nyui  dzim. cela  me  fait  du-    ehom,  ewom  nyuie,  enyô  nam. cet  habit  lui  va-  :    avo  la  dzee,  so  ne  nyuie. je  me  porte-   mêle  sesiê. être-  disposé    do  dzidzomo. c'est-  fait  !  efiâ  wô  !  ekpoe,  èwoe  nyuie. c'est-    enyô  !  enyô  ta  I il  est-  malade    ele  do  lém  vevie,  do  la  té  enu. j'en  suis-  aise   edzo  dzi  nam  be. c'est-  lui   eya  riutoe. je  voudrais-  savoir  medzro  vevie  be  manya... je  le  veux-    melô,  edze  riunye. bie  —  bil il  est-  entendu  que    ele  vevie  be. il  y  avait-  du  monde    ame  gedewo  va. mener  une  entreprise  à-  :    kpô  monu  le  nu  nu, dze  dzi  nyuie. être-  avec  q.    dze  holô  kple  ame,  ame  dome  le nyuie. c'est-  à  vous  de    èwo  nyuie  esime... bien-aimé    a    lolôto,  lolôa.
B;bien-être;m;;nyonyô, modzeanyi; — kesinotonyenye
B;bienfaisance;f;;domenyonuwowo.
B;bienfait;m;;domenyonu. bienfaisant  domenyoto.
B;bienfaiteur;m;;domenyonuwola. bienheureux    a  +  m  :  kokoe,  yayirato,  dzidzoto. biennal   a    îe  eveto.
B;bienséance;f;;dokuilélé nyuie, v^udodo.
B;bientôt;adv;;teîe medidi o, teîe medzidzi hafi o. à-  !    gbo  kaba  !
B;bienveillance;f;;domenyonyô, lolô nyuie. montrer  de  la-  envers  q  :    ko  nkume  na  ame,  wo ame. bienvenir  q.    do  dzâ  na  ame. soyez  le  bienvenu  !    dzâ,  dzâ  nawô  !  wôe  zo,  dzâ.
B;bienvenue;f;;dzâdodo na ame. souhaiter  la-  à    do  deme  na  ame,  do  doaîe  na ame.
B;bière;f;;amekukudaka, amekukugbati.
B;bière;f;;aha, liha. bifurcation  modzeveteîe  ;  alo,  alodzedze.
B;biffer;vt;;te fli de nu me, tutu nunonlo.
B;;;q. de la liste;te fli ame îe nko me le agbalê me, tutu  ame  nko.
B;biffure;f;;flu, flui, flitete de nu me.
B;bigamie;f;;nyônuvedede.
B;bigame;m;;nyônuvedela.
B;bijou;m;;dzonu, kpe hoasi, îewuinu, sikanu.
B;bijoutier;m;;dzonuwola, sikadariuwola.
B;bilan;m;;akontabubu, numebubukpo, nusosokpo.
B;bilieuse;f;;asrâ dze nudza.
B;bile;f;;vevee, adrufe. échauffer  la-  de  q.    do  dziku  na  ame. bil  —  blé se  faire  de  la-    do  domedzui.
B;billard;m;;feîe ade kple boluwo. bille    î    bol,  kpe  nogui. bille  (de  bois)   kpo,  atikpo.
B;billet;m;;agbalêvi, monagbalê.
B;;;de;banque gàgbalê.
B;;;d'entrée;monagbalê, gegedemegbalê.
B;bimbelot;m;;îeîenu. bimensuel   a   zi  eve  le  gleti  deka  me, biner   vi   wo  misa  zi  eve  le  nkeke  deka  me.
B;binocle;m;;tsitsi, gankui. biographie   î   agbenutinya,  agbenono  nutinya.
B;bis;adv;;zi eve.
B;bisaïeul;m;;togbotogbui.
B;bisaïeule;f;;mamâmamê.
B;biscuit;m;;akpono vivi. bise    î    yâ  wovuvo,  wègoyâ  îaîe. bissextile  (année-)    (îe  si  me  nkeke  29  li  na  Febru- ary)-
B;bitume;m;;anyigbameno.
B;bivouac;m;;asadaboîe, asada me. bivouaquer    vi    bo  asada,  do  asadaboîe. bizarre     a  wonuku,  wo  moyâ.
B;bizarrerie;f;;nukuwowo. blague    î    atamâkotoku  ;  —  beblenya,  kodidi.
B;blaireau;m;;lûmô, hotoklo — anosinu.
B;blâme;m;;mokaka, nkumekaka.
B;blâmer;vt;;ka nkume na ame, blu de ame ta. blanc    a    gi,  îufu,  gie,  îu  tititi,  îu  ti.
B;blanc;m;;yevu, yovo, yovu. blanche    î  ablewosi.
B;blanchir;vt;;wo nu gie.
B;;;un mur;si akalo na gli.
B;;;le linge;nyâ avo; sia avo de rido gbe.
B;blanchissage;m;;nunyanyâ.
B;blanchisseur;m;;nunyâla.
B;blasphème;m;;busunyagbogblo de Mawu nuti^ busubobo.
B;blasphémer;vt;;gblo busunya de Mawu nuti. blatte    î    kakalaka,  gbagblavudza.
B;blé;m;;li (bli, molu, fo etc.) nuwawâ. ble  —  bol semer  du-    îâ  bli,  do  bli. rentrer  le-    de  bli,  ne  bli. blêmir    vi    îu  kpi,  fu,  klo. blesser  q.    vt    de  abi  ame  nu,  dia  ame  nu,  de  nu
B;;;q. d'un coup de fusil;de abi ame nu kple tu, fo  tu  ame. se  blesser    v    ho  âbi,  ka  abi.
B;blessé;m;;abito, abihola, abinu.
B;blessure;f;;abi. laver  une-    klo  abi. panser  une-    wo  abi,  bla  abi. la-  est  fermée,  guérie  :  abi  ku. bleu    a    blo,  blû,  amâtsi.
B;bleuir;vt;;de blo nu.
B;blinder;vt;;do ga nu nu.
B;bloc;m;;kpo.
B;;;de;bois atikpo. blond    a    dzê,  hê.
B;bloquer;vt;;de to de nu nu, îo hlâ nu. se  blottir   v    no  klotsinui. blouse    î  dziwui.
B;boa;m;;wo, da gâ ade.
B;bocage;m;;avevi, ave kododo.
B;bocal;m;;agbovoe, atukpa.
B;bœuf;m;;nyitsu, nyi tata. du-  nyilâ.
B;boire;vt;;no nu, fu nu nû nu.
B;;;de la bière;no liha.
B;;;dans;une calebasse : no nu le tre me, fu nu tre nu. donner  à-  à  un  cheval     na  tsi  na  so. donner  pour-  à  q.    na  adzo  ame.
B;bois;m;;ave ; — ati; — lâdzowo. de-    atinu,  atito. aller  au-    fo  nake. scier  du-    dzè  ati. fendre  du-    fé  ati.
B;;;de;chauffage nake. lame  na  ame.
B;;;à;la santé de q. fia aha. f   méfia  aha  wô  ! \  (Rép)  aha  neyi  na  wô  lô  ! boi  —  bor vif  du-  tu. eclat  de-    atifêfê,  atinyanui,  ati. boisé    a    yo  kple  ave,  ave  dède  son.
B;boisseau;m;;blidonu, tre, boisson    î  nunono. boîte    î    adakavi,  adakago.
B;;;aux lettres;letadaka, agbalêdodaka. boiter    vi    to  abu,  wo  afodekadeke,  to.
B;boiteux;m;;abutola, abuno.
B;bol;m;;go, kopo.
B;bombarder;vt;;da aprim de nu dzi, da tu de nu dzi.
B;bombardement;m;;tudada, aprimdada de nu dzi.
B;bombe;f;;tukpe gâ.
B;bomber;vt;;ha nu. bon   a   nyô,  nyui,  nyuie. cela  n'est-  à  rien    menyô  na  naneke  o.
B;bonbon;m;;gbetike, kpetike. bonde    î    atigonudo;  —  atigonudo  nuvi. bondir    vi    ti  kpo,  dzo  kpo.
B;bonheur;m;;dzogbenyuie, aklamâ. par-    mawuwo  (aklamâ)  îe  didi,  ta  (nyo)  dû bonhomie    î    domenyonyo,  domeîaîa.
B;bonhomme;m;;ame domenyoto.
B;bonification;f;;dododo.
B;bonifier;vt;;do nu do. bonjour  int  ndi  na  wô  (na  mî)  16;  (Rép)  ndi  goto, afe  me  de?  t souhaiter  le-  à  q.    do  ndi  na  ame,  na  ndi  ame.
B;bonne;f;;vitsola, nonala, vidzïkpola.
B;bonnement;adv;;fâ.
B;bonnet;m;;kuku. bonsoir   int   fie  na  wô  (na  mî)  lô;  (Rép)  fie  goto  ! donner  le-  à  q.    do  fie  na  ame.
B;bonté;f;;domenyonyo domenyo.
B;bord;m;;, toga to, nu, koto, kogo, ta ; — wu me. aller  à-    do  wu  me.
B;border;vt;;fo hlâ nu, fo nu to, de to de nu nu. bordure    î    nuto,  todede,  nutofofo,  kpototo. boréal    a  anyieheto. Vocabulaire bor  —  bou
B;borgne;m;;nkudekato, nkudeke.
B;bornage;m;;lifododo. borne   î   togo,  lifo;  —  liîome  kpe,  lifoti.
B;borner;vt;;do liîo na nu, de lifo.
B;bosquet;m;;avevi, ave kododo, aveko.
B;bosse;f;;kpo, kpododo.
B;bossu;m;;kpono, dokpo, glebeto. être-    do  kpo. botanie    î  numiemienununya. botte    î    nubabla,  babla,  kpo. botte    î    atigo  gâ. botte    î    afokpa,  damadui. mettre  des  -s     do  damadui  ;  do  afokpa. botte    î    fofo,  dzadza,  sisi. botté    a    dodamadui,  doafokpa. se  botter    v    do  damadui,  do  afokpa.
B;bottier;m;;afokpatola.
B;bottine;f;;afokpa nyuie.
B;bouc;m;;gbôtsui, atsu, agbo, atokui.
B;bouche;f;;nù. fermer  la-  à  q.    tsi  nya  de  ame  nu. faire  la  petite-    yo  nu,  wo  nu  tsuê. rester-  close    zi  kpi. rester-  béante    ke  nu  de  te  yâ,  wo  mo  yâ.
B;bouchée;f;;alogomedede.
B;boucher;vt;;tu nu, he nu. se-  les  oreilles    fo  asi  de  tome,  he  asi  to  me.
B;;;une bouteille;tu koke atukpa nu, tre abodiabo nu.
B;boucher;m;;lâtsola, lâwula.
B;boucherie;f;;lâtsoho, lâtsofe ; — tsotso, wuwu.
B;bouchon;m;;nutunu, nutuvi, koke.
B;boucle;f;;pesepesi, da totroe ; — nu fe vo ; — nublaga  —  adoboli  ;  —  toge, bouclé   a  pesepesi.
B;boucler;vt;;tro pesepesi ; bla nu.
B;bouclier;m;;akpohonu. bouder    vi    li  liWïliwï,  do  adâ,  yo  (do)  nkume.
B;boudeur;m;;tamesesêto, adâdola, moyola.
B;boudin;m;;blon, lâti.
B;boudoir;m;;nyônu îe home. bou  —  bou boue  î      ba,  di,  mï. se  vautrer  dans  la-   le  ba,  do  ba. trainer  q.  dans  la-    lo  di  ko  de  ame  nu,  te  ame le  ba  me. boueux   a    îodi,  bliba,  banya,  bada. bouffer    vi    vu;  —  du  nutsu,  tu  agio, bouffi    a    vu  loto,  loto,  vu  gbloto. se  bouffir    v    vu  dokui  gblotô,  wo  kodzo.
B;bouffon;m;;nudikokoewola, ahlôewola. faire  le-    wo  nu  dikokoe.
B;bouffonnerie;f;;ahatsekaka, kodidi, ahlôewowo, nu  dikokoewowo. bouffonner    vi    ka  ahatse,  wo  nu  di  kokoe.
B;bougeoir;m;;akaditi. bouger    vi  wa.
B;bougie;f;;vele, bosomi, bosomikadi.
B;bougre;m;;yakame.
B;bouillaison;f;;tsitsi, wâwâ, hoho.
B;bouillie;f;;dzogbo, gugube, akatsa, agodo, akplë. bouillir  vi      fie,  to. l'eau  bouillit    tsi  le  fiefiem. le  vin  bouillit    aha  le  fiefiem.
B;bouillon;m;;fu, flu, fluko; — lâtsi. prendre  un-    no  lâtsi. bouillonner   vi    fie,  to.
B;bouilloire;f;;\
B;bouillotte;f;;/ gaze'
B;boulanger;m;;aboloîola.
B;boulangerie;f;;abolofofe.
B;boule;f;;nu nogô, nu mligo, bol; — koe.
B;boulet;m;;tukpe.
B;boulevard;m;;mo keke.
B;bouleverser;vt;;mû nu, gblê nu.
B;boulon;m;;gameti, da.
B;bouquet;m;;sefoîobabla.
B;bouquin;m;;agbalê hoho.
B;bourbe;f;;ba. bourbeux    a    îodi,  woba,  banya,  badabada.
B;bourbier;m;;si, agbi, ba, banyigba.
B;bourdon;m;;mozola fe ati, mozoti.
B;bourdon;m;;ga gâ. 5* bou  —  bou
B;bourdon;m;;anyifomewola. bourdonnement    gbetete  hm,  wâlûlû  hm. bourdonner    vi  çli  hû,  te  gbe  hm.
B;bourg;m;;asidu, gbo. bourgade    î    asiduvi,  du.
B;bourgeois;m;;afevi, ablodevi; — dumeto. bourgeoisie    î    aîeviwo,  ablodeviwo  ;  —  dume- towo.
B;bourgeon;m;;gbo, ati îe nku, seîoîo makemake. bourgeonner    vi    tse  gbo. bourrasque    î    ya  sese.
B;bourreau;m;;blafoa, ametsola, fudela, amewula. bourrée    î  nakebabla.
B;bourreler;vt;;de îu na ame.
B;bourrer;vt;;yo nu, de nu nu me.
B;;;la pipe;de atamâ zi me. bourru    a  nlomito. bourse    î    gakotoku,  gadzradofe,  gabutu.
B;;;à;quêter gadzokotoku.
B;boursoufler;vt;;vu nu, do atse.
B;bousculer;vt;;da nu nyamanyâma, mimi ameno- eawo. bouse    î  nyimï.
B;bousillage;m;;dowowo nyamanyâma. boussole    î    tadoîeîianu,  wegoîianu.
B;bout;m;;nu, nuwuwu, nulso, sefe. à-  partant    tso  kpuiîe. au-  du  compte  mloeaba. au-  d'un  mois    le  gleti  deka  megbe. à  tout-  de  champ    enuenu,  gesiagi. venir  à-  de  qc.    wu  nu  nu,  tso  nu  nu. boutade    î    dzibibi,  dome  ve  ame. bouteille    î    atukpa,  abodiabo. boutique    i    îiase,  nudzraîe,  agbado.
B;bouton;m;;awunugbui. — gbo îoîoe garnir  un  habit  de-    de  awunugbui  awu  nu. arracher   un-      tso  awunugbui.
B;boutonner;vt;;do awunugbui. vi       ati  to  nku  ;  tse  gbo.
B;boutonnière;f;;awunugbuido.
B;bouvier;m;;nyikplola. bou  —  bra
B;bouvreuil;m;;hevi ade. bovine  (race-)  nyi. boxe    î    kgtutu,  kgdada.
B;boxer;vt;;tu ko ame, da kg.
B;boyau;m;;dgka, dgvi; dgmenuwo.
B;bracelet;m;;abgga, algnuga. mettre  un-    do  abgga.
B;braillard;m;;glidola. brailler    vi    do  gli  sesiê, braire    vi    hlô  abe  tedzi  ene.
B;braise;f;;dzohghg. bramer    vi    hlô  abe  lu  ene.
B;brancard;m;;agba, nutsgnu.
B;branche;f;;alg, algdze; akpa; dgwgna. l'arbre  a  trois  -s  :    ati  dze  etô. Parbre  pousse  des  -s  :    ati  la  le  alg  dem. branchies    îpl    alghatsa,  ahotsa  alahâtsa.
B;brandiller;m;;nyê nu.
B;;;les bras;nyê abg. brandir    da  nu,  nyê  nu.
B;;;le fouet;da atam.
B;brandon;m;;akati, akakati ; dzo. branlant    a    vCawâ,  geligeli,  vvuwu.
B;branle;m;;nyenyê, wawâ. mettre  la  cloche  en-    îo  ga. donner  le-  à  qc.    do  mo  nu,  to  nu  ggme,  dze  nu ggme. se  mettre  en-    dzra  dokui  do.
B;branle-bas;m;;momlo, tgtrg.
B;branler;vt;;Avâ, wu\vu, mû, fo, dzo. la  maison  branle    hg  le  vvawam,  (\vuv£um).
B;bras;m;;abo, alg. étendre  le-   do  abg  da,  da  abg,  kdce  abg,  vlu  abg. drê  abg. lever  le-    do  abg  de  dzi. balancer  les-    nyê  abg,  vva  abg  behebehe. se  casser  le-    ne  abgîu. se  donner  le-   do  abgge  le  azgli  zgm. jeter  ses-  au  cou  de  q.    dze  kg  dzi  na  ame. recevoir  q.  à-  ouverts    hg  ame  atû;  hg  ame  alg vee. bra  —  bri prendre  un  enfant  sur  ses-   ko  devi  de  abo  dome,
B;braser;vt;;tre ga.
B;brasier;m;;dzobibi, dzohoho.
B;brasser;vt;;blu nu, da liha, fa liha.
B;brasseur;m;;ahafala, ahadala.
B;brasserie;f;;lihadafe, lihafafe.
B;bravade;f;;adegbefofo. brave    a    wokalê,  kalêto.
B;brave;m;;kalêto, dzidefoto.
B;bravement;adv;;kalêtoe, dzidefotoe.
B;braver;vt;;tsitre de ame nu, da nya de ame gbo.
B;bravoure;f;;kalêwowo, dzidodo, nkumesesë.
B;brebis;f;;aie.
B;brèche;f;;nene, gbagbâ, noriofe. bredouiller    vi    To  nu  eme  makomako. bref    a    kpui,  mede  dzidzi  ge  o.
B;breloque;f;;nu madinui; — gaîodokui. bretelles    fpl    atawuhenu,  gbetsika,  awuhenu.
B;breuvage;m;;nunono, ahadada.
B;brevet;m;;agbalê, dasegbalê.
B;bréviaire;m;;manununola fe gbedodagbalê.
B;bricole;f;;nu madinui.
B;bride;f;;numega, sokploka. à  toute-    le  dù  dzi  kpatakpata. mettre  la-  au  cheval    do  kploka  na  so.
B;brièveté;f;;kpuikpui, kpuime, kpuiwowo.
B;brigade;f;;gbadagbaha, asrafoha.
B;brigand;m;;adzodala nuhala. bande  de  -s    adzoha,  adzodaha.
B;brigandage;m;;adzodada.
B;briguer;vt;;dzi nu vevie, ti nu yome. brillant    a    dadzo,  nyui,  miamiamia. briller    vi    klê,  da  dzo,  ko. le  soleil-    ge  le  keklêm.
B;brin;m;;aîoti, afo, ahôliti, akpa.
B;;;de;paille gbeîoti.
B;brique;f;;anyikpe. cuire  des  -s    më  kpe,  wo  anyikpe.
B;briquet;m;;dzosinu.
B;briquetier;m;;anyikpemêla.
B;briqueterie;f;;anyikpemêîe. bri  —  bro
B;brise;f;;yâ.
B;;;du;soir afeyâ.
B;;;de mer;fuyâ, îiîi.
B;brisant;m;;îutsotsoe, fu fe agbodzdze, îutsoisuiwo.
B;briser;vt;;ne, gbâ, ka nu.
B;;;un bâton;ne ati.
B;;;la porte;gbâ wotru.
B;brisement;m;;riene, kaka, gbâgbâ, dzedze. brisure    î  abidefe. britannique    a  erilisito. broche    i    nunonui,  nutonu  ;  —  konuge.
B;brocher;vt;;bla nu.
B;;;un livre;bla agbalê, do akpa îlaîlë na agbalê.
B;brochure;f;;agbalëvi.
B;brodequin;m;;afokpa.
B;broder;vt;;lô nu. broderie    î  nulolô. broncher    vi    kli  afo,  kli  nu.
B;bronze;m;;ga dzê. brosse    î    awuhuti  kplonu,  blosu.
B;brosser;vt;;kplo awu nuti, kplo nu nu kple blosu.
B;brouillard;m;;aîu. il  fait  du-    afu  le  hehém. le-  tombe    aîu    ke,  ko.
B;brouille;f;;dzrè.
B;brouillamini;m;;toto nyamânyamâ.
B;brouiller;vt;;tsaka nu ; — de dzrè ame dome, toto  nu. se  -avec  q.    do  ke  kple  ame,  wo  dzrè  kple  ame. ils  sont  brouillés    wo  dome  klâ.
B;brouillon;m;;dzrèwola; — tata. broussaille    î    avevi,  ave  kododo. brousse    î    gbeme,  ati  dodoe. allumer  la-    wo  dzogbe,  to  dzo  gbe.
B;brout;m;;do, dzedze, vi.
B;brouter;vt;;du gbe, du nu (la); du gbe le gbeme.
B;broyer;vt;;tugu, gli nu, nyi nu, nyô nu, to nu. bru    î  visrônyônu. bruire    vi    de  gbe.
B;bruit;m;;didi, zi. faire  du-  do  zi,  wo  gidigidi,  fo  nù  wunyawunya. brû  —  bul sans-    dzâ,  dzadzâdza. le-  court  que    mese  flu  be  ;  wogbloa  be,  miele sesem  be. répandre  le-    kaka  nya  de  du  me.
B;brûler;vt;;bi, bi dzo, fia nu.
B;;;d'une flamme vive;bi hê.
B;;;(les;aliments) ze fia. la  lampe  brûle    akadi  le  bibim. il  s'est  brûlé  la  main  :  efe  asi  fia,  efiâ  asi.
B;;;la cervelle à q.;fo tu ame.
B;;;le pavé;fu du sesiê. avoir  le  goût  du  brûlé  :    nu  lé  ze. se  brûler   dzo  mê  ame.
B;brûlure;f;;dzobi.
B;brume;f;;afu. brumeux    a    kplifu,  liti. brun    a    hê,  dzê.
B;brusquer;vt;;fé ame da, te ame; — wo nu kpla- kplakpla. brusque    a    nlomito,  dzodzo,  dzonudzonu. brusquerie    nlomiwowo,  kplakpladzinono  akpa. brut    a  mumu. brutal   a   vlo,  anyirato,  seriuta,  nlomito.
B;brutaliser;vt;;wo any ira le ame nu, wo funyafunya.
B;brutalité;f;;anyirawowo, nlomiwowo, riutasesê.
B;brute;f;;la; — anyirawola. bruyant    a  dzonudzonu.
B;bruyère;f;;gbeme, ati dodoe, dzogbe.
B;buanderie;f;;nunyâfe.
B;bûche;f;;atikpo ; — bometsila.
B;bûcher;m;;nakeko.
B;bûcher;vt;;kpa nu; — wo do sesiê.
B;bûcheron;m;;atitsola. bucolique    a  gbemeto.
B;buffle;m;;to, avenyi, gbenyi.
B;bugle;f;;kpe.
B;buisson;m;;gbeme, adzakpasu. buissonnier    a  gbemeto. faire  l'école  -ère    gblê  suku  di,  tsi  gbodome, suku  mademade.
B;bulbe;f;;sabala, nudodo; sabale. bul  —  cab
B;bulle;f;;fufu. — Papa îe leta gâ.
B;bulletin;m;;agbalêvi, nyadzogbalé. buraliste  (receveur-)  nudzola.
B;bureau;m;;nunloho, nuinlôkplô.
B;burette;f;;atukpavi.
B;burin;m;;pe.
B;buriner;vt;;kpa nu, kpa nu nu, flo nu me; wlo me. buse    î      bometsila,  movito.
B;buste;m;;ametatakpui.
B;but;m;;tadofe, defe, nusi ta wowo nu do, asinyi- doîe,  nudzidze. manquer  son-    da  dagbo,  da  dze  fu,  da  dzidze fu  dokpo  deîe  dede. dans  quel-    nuka  ta,  nusi  ta. buter    vi    dze  agbagba  le  nu  nu  ;  kli.
B;;;contre un caillou;kli kpe.
B;butin;m;;(chasse) adégbenu.
B;;;(guerre);aboyo, aboyonu, afunyinu. butiner    vi     lé  nu. butte    î  anyikpo. buvard  (papier-)    blotinpepa,  nunlotsiîugbalê.
B;buvette;f;;ahadzrafe. buverie    î  ahamumû.
C;buveur;m;;ahanola, ahamûla, nunola. buvable    a    si  woatenu  ano. c.  a.  d.  (c'est  à  dire)  egome  enye  be,  yenye  be- ça    p    eya,  aie,  nene,  esia.
C;;;et là;adv geadewogi.
C;ça;adv;;aîi, afisi. cabane    î    agbadp,  beho.
C;cabaner;vt;;tu agbado.
C;cabaret;m;;ahadoîe, ahadzeîe.
C;cabaretier;m;;ahadzrala. cabine    î  wumehovi. cab  —  cad cabinets    mpl    hovi,  kpoha,  afodzi,  kpohadefe.
C;cable;m;;atagbuika ; — fumenùfoka, kebel
C;câbler;vt;;nlo nu to ka me.
C;cablogramme;m;;telegram to fumeka me. se  cabrer    v    ûzo  kanda,  tsitre  de  nu  nu.
C;cabri;m;;gbôvi. cabriole    î    dzodzo,  kpotiti.
C;cabriolet;m;;tasiadam.
C;cacao;m;;koko.
C;cacaotier;m;;kokoti. cache    î  nutunu.
C;cache-cache;f;;gaglewowo, bebe, kurukuru»
C;cacher;vt;;gla nu. se  cacher    v    gla  amedokui,  bè,  do  zi. se-  sur  le  chemin  :  gla  dokui  de  mo  dzi. se-  de  q.    bè  de  ame,  do  zi  de  ame. se-  dans  la  brousse  :    bè  de  gbe  dome, se-  derrière  q.    kpa  de  ame  nu,  bè  de  ame  fe megbe.
C;cachet;m;;nkotanu, nutata de nu dzi. mettre  le-  sur  qc.    ta  nko  de  nu  dzi.
C;cacheter;vt;;tre nu (leta). cachette    î    gaglafe,  bèbèîe,  lïlï,  ha. faire  qc.  en-    wo  zanu. s'en  aller  en-    bè  dzà  dzo,  dzo  ha. en-    le  adzame,  dzâ,  bè,  le  lïlï  me.
C;cachot;m;;gaho. cachotterie    î    nuwowo  gaglame. faire  des  -s  ;    wo  zânu.
C;cachottier;m;;zânuwola. cactier,  cactus    m  srê.
C;cadavre;m;;amekuku, nukuku.
C;cadeau;m;;nunana.
C;cadenas;m;;kladoba, akrando.
C;cadence;f;;gbesosg le gbe didi gome,
C;cadencer;vt;;so gbe le gbedidi nu.
C;cadet;m;;devito, yometo.
C;cadran;m;;gaîodokui îe nkume, gafofo îe mo.
C;cadre;m;;kpototo de nu nu, ati si noa nuto. caduc    a    nu  (ho),  si  be  yèamû,  nugbâgbâ,  belie,
C;mal-;m;;kpenui, kponuikuku, ku kpenui. cad  —  câl •caducité    f    gbagbâ,  nono  belie,  mûmû  îe  modzi- nono.
C;cafard;m;;kakalaka, gbagblawudza, gbagbladza.
C;café;m;;kafe, kofi. grain  de-  kofiku.
C;caféier;m;;kofiti.
C;cafétière;f;;kofikplu, kofize.
C;cage;f;;la fe gaho, adza, hadza.
C;cahier;m;;agbalë.
C;cahoter;vt;;tu, da, dzobo, wuwu nu.
C;cailler;vt;;bla. lait  caillé    notsi  babla.
C;caille;f;;tegli.
C;caillou;m;;kpekpui.
C;caïman;m;;lo.
C;caisse;f;;adaka, gadaka.
C;caissier;m;;gadzikpola, gahela.
C;cajoler;vt;;do vivi de ame nu, wo (du) ape.
C;cajolerie;f;;vividodo de ame nu, apeyoyo, apedudu (wowo).
C;cajoleur;m;;apewola, apedula, apeyola.
C;calamité;f;;dzogbevôe, nyavôe.
C;calciner;vt;;mê nu, fia nu.
C;calcul;m;;akontabubu. se  tromper  dans  le-    da  akontabubu.
C;;;mental;tamekontabubu.
C;calculer;vt;;bu akonta.
C;cale;f;;to, futa ; — vJu fe kpo, (domeho), v£u gome,
C;cale;f;;anukofo.
C;calebasse;f;;tre, akpaku, gô.
C;calèche;f;;tasiadam.
C;caleçon;m;;godui, godoe, awute 'tawui, agboté.
C;calembour;m;;ahaisekaka, je  le  ferai  aux  calendes  grecques  :    ne  koklowo to  adua,  ma  woe.
C;calendrier;m;;nkekegbalê.
C;calepin;m;;agbalêvi.
C;caler;vt;;de ati nu te; — glâ nu.
C;calice;m;;kopo, akongui *kokoe.
C;câlin;m;;apewola, apeyola, apedula. câl  —  can
C;câliner;vt;;do vivi de ame nu, yg ape, du ape. calleuse  (avoir  la  main-)    asi  do  akpa. callosité    î   akpadodo,  akpa.
C;calme;m;;yâlele; — dzigbodi, dodui zizi. calme    a    îaîe,  zikpi,  kpô.
C;calmer;vt;;fa dome na ame, ko mo na ame. se  calmer    v    gbo  de  me,  gbo  dzi  di.
C;calomniateur;m;;amegomezola, amenulïla, ameîi- dzula,  amenkogblêla. calomnie    î    ameriulili,  amegomezozo,  amenkogbe- gblê.
C;calomnier;vt;;lï ame nu, gblo ame nya, fi ame dzu,  wo  apasa,  gblê  ame  nko.
C;calorifère;m;;kpo.
C;calvitie;f;;tabebe, koko.
C;calquer;vt;;ta nu de nu me.
C;camarade;m;;hati, havi, amenutinola, ameha.
C;;;de voyage;mozohavi, holômozola.
C;;;d'école;sukuhavi. camaraderie     î  hadede.
C;cambriolage;m;;kpodzede, adzodada.
C;cambrioler;vt;;da adzo, ne de ho me.
C;cambrioleur;m;;adzodala, kpodzela, fiafito. cambuse    î  nudzradofe.
C;caméléon;m;;agamâ, litsa. camelote    î    nu  manyômanyô,  nu  dzodzro.
C;camion;m;;keke, tasiadam.
C;;;automobile;lorry, tsokeke.
C;camp;m;;asadabo e, asada me. asseoir  un-  *  do  asada,  bo  asada. lever  le-    tu,  vCu  asada.
C;campagnard;m;;gbemeito, agbledela. campagne   î    anyigba,  agble;  —  a\vahoho. aller  à  la-    yi  agble  (me). entrer  en-    ho  awa,  dze  awa  gome,
C;campanile;m;;gaho, towoa.
C;campement;m;;asadabofe.
C;camper;vt;;do asada. se  camper    v    bo  asra,  bo  asada.
C;canaille;f;;yakame, gbevu, busuto.
C;canal;m;;tsimo, toWu, tsitronu. can  —  can
C;canard;m;;kpakpahe; — nyakpakpa.
C;canari;m;;baka, ayirabi.
C;cancan;m;;hohlô abe kpakpahe ene; gedudu ade. cancaner    vi    sa  sakple.
C;cancre;m;;akpa, do dzê — yakame.
C;cancrelat;m;;kakalaka, gbagbladza.
C;candélabre;m;;akaditi. candeur    î    dzimekoko,  anukwaretonyenye.
C;candidat;m;;dodzila. candidature    î  dodzidzi. poser  sa-    dzi  do. candide    a    domefa,  domefato. être-    di  anukode,  di  anukware. cane    î  kpakpano.
C;caneton;m;;kpakpavi. canette   î   kpakpanovi;  —  kplu,  kplo.
C;canevas;m;;avo sesê ade, nutata, afokpavo. caniche    î  avuno,
C;canif;m;;hevi, atimehe. canine    î  adu.
C;canne;f;;ati, tsaditi, ayeti.
C;;;à;sucre îoîon. cannelle    î    atike  tutu  ade.
C;cannibale;m;;amelâdula.
C;cannibalisme;m;;amelâdudu.
C;canon;m;;aprim.
C;canon;m;;kpodenu, ha îe se,
C;;;de la Messe;Missa gbedododa ade. canonisation    î    ame  îe  kokoenyenye  gbefadedi
C;canoniser;vt;;de gbe fâ be amekuku enye kokoe. cannonade    î    tudada,  aprimdada.
C;cannoner;vt;;da tu de du me.
C;cannonier;m;;aprimdala.
C;canot;m;;lëvvu, agovvu, batala.
C;canotier;m;;lêwukula, batalakula. cantate    î  hadzidzi.
C;cantique;m;;hadzidzi kokoe.
C;cantonnement;m;;dzedze, asadabofe.
C;cantonner;vt;;dze ame gbo, bo asada. can  —  car
C;cantonnier;m;;motala.
C;caoutchouc;m;;ane.
C;cap;m;;ta, vvuta, ngogbetowo. capable    a    amesi  nya  nu,  alo  tea  nu  woa  nu.
C;capacité;f;;nutete. rire  sous  cape    ko  nu  le  dome,  ko  nu  tsitsitsu
C;capitaine;m;;asraîowo îe amegâ, asaîohene.
C;;;de;navire wumeîia.
C;capital;m;;ga, dotonu, adzoga; nu vevie. capital     a    vevieto,  gâto,  vevie. peine  -e  kuîia. capitale    î  îiadu. capitation    î   adzonana  le  amewo  îe  hehlênu  nu. capitulation    î    tanana  asidede  na  ame.
C;capituler;vt;;na ta, tso du de asi na futo.
C;caporal;m;;asraîo kahola.
C;capote;f;;gbadagba îe awu wlayâ.
C;caprice;m;;tamesesë, tametotro enuenu. capricieux    a   menoa  nu  deka  dzi  o,  tamemanoteîe- dekato. capsule    î    go,  aku,  gui,  kabisi.
C;capter;vt;;ho nu to adanu me.
C;captif;m;;amelélé, aboyome.
C;captiver;vt;;lé ame, de ame gaho me. captivité    î    gamenono,  aboyomenono,  aboyodede. capture    î    nulelé,  lelé.
C;capturer;vt;;lé nu, de aboyo nu.
C;caquetage;m;;kpakpahe îe hohlô. caqueter    vi  kuko,    hlô  abe   koklo  alo  kpakpahe ene;  koklo  yo  azi,  koko. car    cj  elabena. carabine    î    tu,  karabina,  wukanyâ.
C;caractère;m;;nonome, amegbeto îe nuwona; ku — hehlêdzesi. carafe    î    atukpa  lolo. caravane    î    mozoha,  asitsaha.
C;caravansérail;m;;amedzrodzeîe.
C;carcan;m;;koga, kunyowu. carcasse    î  nukuku.
C;cardinal;m;;episkopo gâ, kardinal. car  —  cas cardinal    a    (point-)  heheme  fe  konu  eneawo,  abe anyiehe,  dziehe  ene.
C;carême;m;;nublagi. observer  le-    wo  de  nubabla  fe  sè  dzi. rompre  le-    da  vo  de  nubablase  la  dzi,  du  la, du  nu. carène    î   wu  fe  kpo.
C;caresse;f;;vividodo de ame nu.
C;caresser;vt;;do vivi de ame nu, li asi ame nu, to' asi  ame  dzi.
C;cargaison;f;;agba (meli îe agba dodro deka).
C;carnage;m;;amewuwu de wù me bliba.
C;carnassier;m;;lâdulâ. carnassière    î    adegolui,  adegbedekplo.
C;carnet;m;;agbalëvi. carnivore    a  lâdula. carotide      î  vekati.
C;carotte;f;;mitsimike, agumenu.
C;carquois;m;;aku, daku, aloku, alo kotoka.
C;carré;m;;dzogoene sosoe, — kpo ene sosoe.
C;carreau;m;;fesrëhûhôe.
C;carrefour;m;;motakpeîe, mokpeîe, motsoga, modo- goîe.
C;carrément;adv;;tê, kô, fa, trala. dites  le  moi-   gbloe  nam  îâ  eme  nako. carrière    î    agbenono  dowona  ;  —  kpegbâîe.
C;carrosse;f;;tasiadam.
C;carrousel;m;;kotokro, îeîefe ade. carte    î    agbalê,  —  anyigba  tata. jeu  de  -s  agbalêdada. joueur  de  -s  agbalêdala.
C;carton;m;;krata, agbalê titri.
C;;;bitumé;ariogbalê, anopapahû. cartouche    î  tukpe. cartouchière    î  agbadza.
C;cas;m;;nyadzodzo. en  tout-  kokôko. en  aucun-    gbede,  dabi,  kpâo. au-  que    nenye  be,  ne. le-  échéant;  ne  ateriu  anye,  ne  geyigi  la  vado..... exposer  son-    gblo  nya  fia. cas  —  cat
C;;;réservé;nuvô si papa alo episkopo koe atenu atsg  ke. cascade    î    tsitsatsra,  tsidzgîe. l'eau  tombe  en-   tsi  le  tsatsram. case   î    ho,  abayaho,  agbado.
C;caser;vt;;do nu, se  caser    v    kpo  teîe. caserne   î    gbadagbawo  îe  ho.
C;casier;m;;drô, adakavi.
C;casque;m;;kuku. casquette    î   kuku  ngogôe. cassation  (cour  de-)    wonudroîe  gâ  aîisi  nya  kuna lena.
C;casser;vt;;ne nu, gbâ nu.
C;;;une corde;tso ka.
C;;;des cailloux;gbâ kpe. se-  une  jambe    ne  ata. se-  le  bras    rie  ata. casserole    î    nutogba,  nutogaze. cassette   î  adakavi. cassure    î    rierie,  gbagbâ.
C;castrat;m;;ametata. castration    î  tata.
C;cataclysme;m;;dzogbevôegâ abe tododo, anyigba- wuwu  ene.
C;catafalque;m;;amekukudaka nyuie, agba.
C;catalogue;m;;nuwoîiagbalê, katalog, asinuwo îia- gbalê.
C;cataplasme;m;;abibabla, abitsyônu.
C;cataracte;m;;tsitsetse, kpegbânu.
C;catarrhe;m;;wodi. catastrophe    î    dzogbevôegâ,  nya  sesê.
C;catéchiser;vt;;fia Mawunya ame.
C;catéchisme;m;;hpseîiagbalê, katekismo. aller  au-    de  Mawunyasrôfe,  de  lesson. faire  le-    fia  Mawunya  ame.
C;catéchiste;m;;Mawunyafiala, katekiste.
C;catéchumène;m;;dzadzradonusrôla na mawutsideta.
C;catégorie;f;;akpa, ha, fomevi.
C;cathédrale;f;;mawuhogâ, episkopo fe mawuho.
C;catholicisme;m;;katolikotonyenye. cat  —  cél
C;catholique;m;;katolikoto.
C;cauchemar;m;;dzrôekuku dzino.
C;cauris;m;;ho, hotsui, wotsui. cause    î    nya  fe  dzofe  alo  tsofe,  nyadodro. à-  de   de  nu  ta,  de  nu  nuti. avoir  gain  de-    du  dzi. prendre  fait  et-  pour  q.    ho  nya  de  ako. causer    vi    do  dze,  ka  asem.
C;causer;vt;;na, wo be. causerie    î    dzedodo,  asemkaka. caustique    a    ve,  veve. caution    î    asifuako,  hodako.
C;cautionnaire;m;;asifuakoto, hodakoto, asiîula ako.
C;cautionner;vt;;îu asi ako de ame nu. cavale   î  so. cavaler   vi    do  so. cavalerie   î    asraîo  sodolawo.
C;cavalier;m;;sodola, soto.
C;cave;f;;domeho.
C;caveau;m;;domehovi, yodo nyuie.
C;caverne;f;;do, lu, tonudo, kpedo, agado. cavité    î   to,  do,  goboeîe,  Wè.
C;;;buccale;alogome, alome. ce,  cette    a    sia,  esia. ces  siawo.
C;céans;adv;;aîi, aîisi. ceci    p    sia,  eya. cécité    î    nku  gbagbâ. céder   vi    na  ta.
C;céder;vt;;tso nu na ame bubu; de asi nu nu, da nu  di.
C;cèdre;m;;ati ade.
C;ceindre;vt;;de to de nu nu; kpe nu do, so nu. bla  ali  dzi  ;  —  (femmes)  bla  dome, se-  du  glaive    kpla  yi.
C;;;la couronne;no fia zikpui dzi; ho fiazikpui.
C;;;la tiare;du papa,
C;ceinture;f;;alidziblanu, beleti; (femme) : domebla- nu. cela    p    sia,  esia.
C;célébration;f;;dudu, azâdudu. Vocabulaire cél  —  cer célèbre    a    nkoriu,  hgnko,  nkgtg. être-   ho  nkg,  nyô,  di  hô,  de  du.
C;célébrer;vt;;du azâ.
C;;;la Messe;wo Missa. célébrité    î    nkohohg,  nyônyô.
C;céler;vt;;gla, wlo nu. célérité    î    abladede,  yoyo. céleste    a  dziîoto.
C;célibat;m;;srômademade, trenono, tretsitsi.
C;célibataire;m;;tre, srômadela. celle    î  hgvi.
C;cellier;m;;nudzradofe. cellule    î  hgvi. celui,  celle   sia  ;  amesi. ceux,  celles  siawo.
C;cénacle;m;;nuduhg nyuie gâ ade. cendre    î    aîi,  dzoîi. réduire  en-    tg  dzo  nu  wgabi  kloloklolo. Cène    f    Fiênududu  mamlea,  îiênududu  kgkoe.
C;cens;m;;hehlême.
C;censeur;m;;ame (nu) dolakpg.
C;censure;f;;dodokpg, nkume kaka.
C;censurer;vt;;he nyâ de nu nu, îo nu ame nu. cent    a    alafa,  algfa.
C;centenaire;m;;îe alaîa deka hgla.
C;centre;m;;titina, dome, nu îe titina. cependant    cj    vga,  gake.
C;cerceau;m;;gabla, — abako (en bois.)
C;cercle;m;;tegblê, todede, îli kotoklo; — noli (dans Peau).
C;;;(territoire);anyigba (Lomenyigba). former  un-    de  to. tourner  en-    do  to  godui.
C;cercueil;m;;amekukudaka. céréales    îpl    bli  (molu,  li  etc.)
C;cérémonial;m;;konuwowggbalê. cérémonie    î    kgnuwgwo,  konyinyi.
C;cerf;m;;to, lu, fedekadzodeke.
C;;;volant m;agbalê wako.
C;cerise;f;;kutsetse dudu ade.
C;cerne;m;;vvâ, tegblêfe. cer  —  cha 7Q
C;cerner;vt;;ha nu, fo hlâ, kpe nu do, de to de nu, rilo  nu. certain    a    vavâ,  nyatefe.
C;certainement;adv;;kolokolo, vavâ, nyatefetoe.
C;certificat;m;;dasegbalê, dasedigbalê.
C;certifier;vt;;di dase, de asi agbalê me, ka de dzi,
C;certitude;f;;nunyanya kotë, kakadedzi.
C;cérumen;m;;tomemï.
C;cerveau;m;;ahohô, awivvli, tame. avoir  un  rhune  de-    wodi  fo  ame. cervelle   î   ahohô,  awi\vli. se  brûler  la-    îo  tu  amedokui.
C;cessation;f;;tsotso, nuwuwu. sans  cesse  atimadi. cesser    vi  -f  vt;  ke,  dzudzo,  vo;  de  asi  le  nu  nu.
C;;;de travailler;dzudzo dpwowo.
C;;;toute relation avec q.;de amedokui da tso ame nuti. la  pluie  cesse    tsi  ke. cession    î    asidede  le  nu  nu.
C;chacal;m;;amegâhi, gâna. chacun    p    amesiame,  desiade,
C;chagrin;m;;veve, nuhaha, konyifafa. conter  ses  -s    fa  konyi  na  ame. se  consumer  de-   ha  nu  de  nu  ta. causer  du-  à  q.    ve  dome  na  ame,  dia  ame  nu.
C;chagriner;vt;;du dzi na ame. se  chagriner    v    ha  nu  le  (ame)  nu  nu,  nu  ve dome  na  ame. chaîne    î  kosokoso.
C;;;de;montagnes togbeka. mettre  à  la-    de  ga. chaînette    î  kosokosovi.
C;chair;f;;la, nutilâ. avoir  la-  de  poule   dadi  do  to  de  ame  nu,  to  da- difu.
C;chaire;f;;zikpui, nufiakpo, mawunyagblofe.
C;;;apostolique;papa îe zikpui.
C;chaise;f;;ablêgo.
C;;;percée;afodzidedaka.
C;;;longue;kuviablêgo. 6* cha  —  cha chalan  (d)  m    wu,  batala.
C;chaland;m;;asiîlela.
C;chalet;m;;hovi nyuie. chaleur    î   dzohoho,  ndowuwu  ndokutsu,  ndo. bouton  de-  adikpe. être  en-  (animal)    lé  asi. chaloupe    î    batala,  vvu. chambre    î    home,  hovi.
C;;;à coucher;î anyimlpîe, hodomee, anyimloho. faire  la-    dzra  home  do.
C;chameau;m;;kposo, kposo kpoevee.
C;champ;m;;agble.
C;;;visuel;kpota, nkudeîe.
C;;;de;bataille avvagbedzi. sur  le-    tê,  enumâke
C;champagne;m;;aha sesê ade.
C;champignon;m;;gumekutsa, nolihehi; vMo, anagba*
C;champion;m;;avvawola, dzidula le îeîe me. chance    î    dzogbe,  aklamâ,  dzidzedze  nyuie. bonne-    dzogbenyuie,  aklamâwo  îe  didi. mal-    dzogbevôe,  tavôe,  nunoameyome. chanceler    vi    mû,  vva,  avuwu,  da  kpo.
C;chancelier;m;;îianume, amegâ, agbonugla. chancir   vi   îu  dza,  dze  îuîu.
C;chancre;m;;agalâ.
C;chandelier;m;;akaditi, veleti. chandelle    î    vele,  akadi.
C;chanfrein;m;;so îe mrapame.
C;change;m;;lidodo, gagbagbâ, mudodo. donner  le-  à  q.    ble  ame,  bla  fufu  na  ame.
C;changement;m;;nudodo, lidodo, nutotro.
C;;;d'avis;tametotro.
C;changer;vt;;tro nu, do li nu.
C;;;des francs en sous;tso frâ dado li su.
C;;;en bien;tro dzime, do amedokui do.
C;;;en mal;gblê dokui de dzi.
C;;;de religion;do ha bubu me. faire-  d'avis  à  q.    tro  ame  fe  tame  le  nu  nuti.
C;;;ses dispositions envers q.;tro gbe na ame, kpasa  ame  do. cha  —  cha  81 se  changer    tro  nonome.
C;chanoine;m;;mawununola gâ si ho bùbumonu ade. chanson    î    ha,  hadzidzi. chansonnette    î  hadzidzivi.
C;chant;m;;ha, hadzidzi.
C;;;du;coq atokuku. entonner  un-    do  ha  da. composer  un-    kpa  ha. accompagner  un-   he  ha,  fo  asanku  de  ha  nu*
C;chantage;m;;amebabadu. chanter   dzi  ha;  fo  nu  (oiseau).
C;;;q.;dzi ha de ame nu, de ha ame. cesser  de-    tso  ha. le  coq.  chante   koklotsu  kuna  ato.
C;chanteur;m;;hadzila.
C;chantier;m;;dowofe, wudzefe. chantonner  vi-f-vt    dzi  ha  de  ve  me»
C;chantre;m;;hadzila (le mawuho me),
C;chanvre;m;;anazi.
C;chaos;m;;nutoto, nukaka, nyadri.
C;chapeau;m;;kuku. mettre  le-    do  kuku. enlever  le-    de  kuku.
C;;;à;haute forme atiaîoto.
C;chapelain;m;;mawununola, osoîo.
C;chapelet;m;;rosario. grains  de-  dzonukuwo. dire  le-    do  rosario  da. chapelle    î  Mawuhovi.
C;chapitre;m;;ta, akpa; — takpekpe. chaque    a  desiade,  sia  (ho  sia  ho.). à-  instant    edziedzi,  gesiagi.
C;char;m;;keke, tasiadam.
C;charbon;m;;aka. faire  du-    mê  aka,  to  aka.
C;charbonnier;m;;akamêla.
C;charcuterie;f;;halâdzraîe, halâ.
C;chardon;m;;nu, hudza, abosamgbe.
C;charge;f;;nutso, agba; — belele, dowona. porter  une-    tso  agba. cha  —  cha être  à-  q.    tsi  ako  na  ame,  tsi  ame  dzi. à  ma-    de  ako  nam.
C;chargement;m;;agbadodo.
C;charger;vt;;do agba de nu dzi, de agba nu me.
C;;;q. de chaines;de ga ame.
C;;;q. de coups;fo ame kpatakpata.
C;;;q. de faire qc.;de do asi na ame,
C;;;un fusil;sika tu, de du kple kpe tu me. se  charger  de   v    ho  de  ako,  lé  fo  de  nu  nuti.
C;chariot;m;;tasiadam, keke. charitable    a  domenyoto.
C;charité;f;;lolô, domenyonyô, amenuveve, amehavi- lolô. faire  la-    tso  nu  na  ame  dahewo.
C;charlatan;m;;akpaseto, kpodzidzewola, ameflula. charmant    a    nyui,  dzenu,  nyô.
C;charme;m;;dzo, afâ; — nyonyô, nudzedze. user  de-   sa  dzo,  ka  aîâ.
C;charmer;vt;;du dzo, lé adze; dzo dzi na ame, de  kunya  mo  na  ame. charnel    a    riutilâto,  nutilâdzroto.
C;charnière;f;;azâ, nubabla. charnu    a    dila,  bonyôbonyô.
C;charogne;f;;nukuku, lâkuku.
C;charpente;f;;hosutiwo.
C;charpenter;vt;;kpa ati.
C;charpentier;m;;atikpala, kapinta.
C;charretier;m;;kekekplola.
C;charrette;f;;keke.
C;charrier;vt;;lo nu kple keke, kplo nu kple keke.
C;charron;m;;kekewola.
C;charrue;f;;anyigbanlônu, yevukodzi.
C;chasse;f;;adegbe, ade, adedada. aller  à  la-    de  adegbe,  yi  adegbe,  da  ade. chien  de-  adevu. couteau  de-    yi,  krante.
C;chasser;vt;;de adegbe, da ade ; — nyâ ame, nyâ ame  dzo.
C;chasseur;m;;adela. chaste    a  dzadze.
C;chasteté;f;;dzadzenono, dzadzenyenye. cha  —  cha
C;chasuble;f;;missawu.
C;chat;m;;dadi, asê. le-  se  frotte  contre  q.    dadi  li  edokui  de  ame  nu. le-  fait  le  gros  dos   dadi  wo  glodzô,  (glebè)  dadi lugu. il  n'y  a  pas  un-    amadeke  meva  o. le-  se  hérisse    dadi  wo  kodzo. le-  est  mort,  les  souris  dansent  :    dadi  ku  eye afiwo  le  adzrolo  tsom. avoir  un-  dans  la  gorge    ame  fe  gbe  me  he.
C;châtaigne;f;;kutsetse dudua ade. châtain    a    hê,  dzê.
C;château;m;;mô, fiamô, ho nyuie.
C;châtier;vt;;he to na ame, fo ame.
C;châtiment;m;;tohehe, ameîofo.
C;chatouillement;m;;nininini, konukonui, nukokoe- dodo. chatouiller   do  konukonui  na  ame,  nini  ame,  —  nu fie  ame. châtrer    ta  ame,  ta  là.
C;;;une ruche;ta anyitsi, de anyitsi.
C;chatte;f;;dadino.
C;chaud;m;;dzodzo, dzohoho. chaud    a    dzodzui,  dzedzo. pleurer  à  -es  larmes    fa  avi  kakaka,  do  hehe. il  fait-    eho  dzo,  ndo  le  vvuwum. être  chaud  (animal)    yo  asi.
C;chaude-pisse;f;;adudo vee.
C;chaudière;f;;gazegâ.
C;chaudron;m;;gazevi.
C;chauffage;m;;dzododo.
C;chauffeur;m;;dzodola, lorikula, wukula.
C;chauffer;vt;;do dzo de nu me. se  chauffer    v    fu  (fu  dzo,  îu  ndo).
C;chaume;m;;be, bedze. couper  du-    wu  be.
C;chaumière;f;;beho.
C;chaussée;f;;mo tata, mo dodo,
C;chausse-pied;m;;afokpadonu.
C;chaussure;f;;afokpa. chauve    a    bebe,  kokoe  (ta). cha  —  ché être-    be,  kpa,  ame  fe  ta  be.
C;chaussette;f;;afowui.
C;chausser;vt;;do aîgkpa.
C;chausson;m;;afowui, afokpa. chauve-souris    î    drui,  aguto,  awue,  awowoe. chaux    î  akalo.
C;;;vive;akalo madamada. éteindre  la-   da  akalo. enduire  de-    si  akalo.
C;chavirement;m;;nyonyrô, gbototro. chavirer    vi    nyrô,  tro  gbo. le  bâteau  chavire    wu  la  nyrô.
C;chéchia;f;;kuku dzê.
C;chef;m;;ta, fia, amegâ, tato.
C;;;d'orchestre;atidala, kpekulawo îe amegâ.
C;chef-d'œuvre;m;;adanunuwowo.
C;chef-lieu;m;;du, fiadu.
C;chemin;m;;mo. faire  son-    dze  dzi  nyuie.
C;;;faisant;le mo dzi, mota.
C;;;battu;mo tata.
C;;;de la croix;atitsoga fe mo. se  frayer  un-    de  mo,  ta  mo. passer  par  un  autre-    to  mo  tuto. chemin  de  fer    m   gamo,  keteke,  anyigbawu. voyager  en-  :    do  wu  yi  afiade.
C;cheminée;f;;adzudzokplomo, adzoko, dzudzoti, dzo- yâme. cheminer    vi    zo  azoli.
C;chemise;f;;kamisa, awu tewui.
C;chenal;m;;tsimo.
C;chêne;m;;ati ade.
C;chenille;f;;nô.
C;chèque;m;;gagbalê. cher   a    ve,  hoasi,  honu;  —  loloto,  lolôa.
C;chercher;vt;;dzi nu, dzrô nu me. aller-     tso  nu  ve,  yi  tso  nu  ve. venir-  kplo  nu  ve.
C;chère;f;;nuvividudu. faire  bonne-    du  nume  vivi,  du  nu  nyuievo. chéri    a    lolôto,  lolôe,  lolôa. ché  —  che
C;chérir;vt;;lô ame fe nya gbo. chèreté    î    dorioli,  asihoho,  nuivegi.
C;chérubin;m;;dzifodolagâ, kerubim. chétif    a    nublanuito,  gbodzo,  belie,  le,  traie. chetiveté    î    gbodzogbodzo,  tralenono.
C;cheval;m;;so. fer  à-  sofokpa. sabot  du-  afokli. monter  à-    do  so. descendre  de-    di  le  so  dzi. aller  à-    do  so. queue  de-    sosi,  awudza.
C;chevalet;m;;îuîiamô; — agbati. mettre  q.  au-    fia  fu  ame  vevie.
C;chevalier;m;;sodola. chevaucher    vi    do  so. chevelu    tofu,  dzeke. chevelure    î    da,  datoto.
C;chevet;m;;tagbe, tade, tazionu, kodonu.
C;cheveu;m;;da. perdre  les  -x    de  da,  da  vo  le  ame  ta. se  peigner  les-    vu  da. couper  les-    ko  da,  fia  da,  lu  da,  lû  ta. friser  les-    fo  da,    bla  da  (femmes)  ;    tso  da (hommes). couper  les-  ras    îlo  ta. laisser  pousser  les-    do  da. se  prendre  aux-    wo  avù,  wo  dzrè. cheville   î   atikpo,  tsyo,  tso,  gameti,  atitso. enfoncer  une-    fo  ati  de  nu  me,  tu  atikpo.
C;;;du;pied afpkoe.
C;chèvre;f;;gbo, atokui.
C;chevreau;m;;atsuvi, gbôvi.
C;chevreuil;m;;zitsu.
C;chevron;m;;akpale, hosuti.
C;chevrotin;m;;atri, asisâ, gbôyi, gbôgbalê.
C;chevrotine;f;;kabiso, hagli. chevroter    vi    hlô  abe  gbô  ene.
C;chez;prép;;gbo, le nu gbo, le nu nu.
C;;;nous;le mia 'feme aller  -q.    yi  ame  gbo,  kpo  ame  da. chi  —  cho chic    a  nyuie.
C;chic;m;;nu nyuie, adanuwowo.
C;chicane;f;;nya, dzrè.
C;chicaner;vt;;ve dome na ame. chkhe    a    miamiâ,  nkuitsitg,  dgnuitg,  angkutg. être-    do  nuhi  enu,  si  nku,  ku  ano.
C;chien;m;;avu. lancer  le-  contre   kplo  avu  dé  ame»
C;;;de;chasse adèvu.
C;;;de;berger alêkplovu.
C;;;domestique;afenudzovu. le  chien  prend  la  queue  entre  les  jambes  :  avu tsoa  eïe  asike  doa  godui.
C;chiendent;m;;bè, adzaîu.
C;chiffon;m;;dovu, avokake.
C;chiffonner;vt;;gudu nu. être  chiffonné,  to.
C;chiffre;m;;hehlêdzesi. chiffrer   vi   bu  akonta,  de  akontadzesi  nu  nu.
C;chignon;m;;dagoe, daîoîo.
C;chique;f;;dzigâ, mamidosu, zizinzosu. chiquer    vi    du  atama.
C;chiromancie;f;;afâkaka.
C;chirurgien;m;;abiwola.
C;choc;m;;\vu\vu, nututu, wâwâ.
C;chocolat;m;;numevivinu, tsokoia.
C;chœur;m;;hadziha. enfant  de-  missasubovi. choir    vi    ge,  dze  anyi. choisi    a    tiatia,  tsiatsia.
C;choisir;vt;;tsia nu, tia nu.
C;choix;m;;nutsiatsia, nutiatia.
C;choléra;m;;dovô ade îomevi. chômer   vi    dzudzo  dgwowo,  du  nkekenyuie.
C;chope;f;;kgnkg.
C;chopine;f;;kgnkg. choquant    a    kpodenu  vôdi  nala.
C;choquer;vt;;kli, to, tu, fo nu.
C;;;les verres;kpe kgnkg.
C;;;q.;dia ame nu, da vo de ame nutL
C;;;choral;m hadziha, hadzidzi. cho  —  cir chose   î    nu,  nya.
C;chou;m;;amâgba ade. chouette   î   faviewuto,  wuïwuï,  adzehe,  hedoameku.
C;chou-palmiste;m;;aemâ, dedo.
C;choyer;vt;;do vivi de ame nu, wo vi na ame. chrême    î    ami  kokoe  :  krisma.
C;chrétien;m;;kristoto. chrétiénté    î    kristotowo  fe  ha.
C;christianisme;m;;kristotonyenye.
C;christianiser;vt;;wo ame wôazu kristoto. Christ    np  Kristo.
C;chronique;f;;nutinyagbalê, nyadzogbalê.
C;chroniqueur;m;;riutinya gbalênlôla.
C;chuchoter;vt;;do dalï, îi nu gblo, îo nu de gbe me.
C;chuchotement;m;;dalïdodo, tomenu. chute    î    anyidzedze,  gege,  dudu,  mumû  de  anyi.
C;;;d'eau;tsitsetse, kpegbânu. chut  !    int   zi  kpi,  do  to  !
C;ci;adv;;aîi, îifi la.
C;ciboire;m;;kopo kokoe.
C;cicatrice;f;;abitefe, abidzesi; — blinui.
C;cidre;m;;aha.
C;ciel;m;;cieux (pl) dzifo. gagner  le-    yi  dzifo,  kpo  hoho. le-  se  moutonne  dziîo  tso.
C;cierge;m;;vele. cigale    î    abo,  boe,  bo,  krilili,  tododoe.
C;cigare;m;;siga, atamati, tsaloto.
C;cigogne;f;;anogi (hevi).
C;ci-inclus;adv;;le nu me, le nu huti. ciller    vi    îo  adaba,  da  adaba.
C;cime;f;;totame, kokofe, nutame, dagbo»
C;ciment;m;;simiti, hotuno.
C;cimetière;m;;amedife, amekukubo.
C;cingler;vt;;îo nkume na ame cinq    a  atô. de-  sortes    atô  fomevi. cinquante    a  blaatô. cinquième   a  atôlia.
C;cirage;m;;aîokpatutumi.
C;circoncire;vt;;kpa; — tso awa na ame. cir  —  civ
C;circoncission;f;;awatsotso.
C;circoncis;m;;ametsoawa.
C;circonférence;f;;nu nogo, lolome, nutomo me, ko- goe.
C;circonscrire;vt;;do liîo na nu; — gblo nya le nya me. circonspect  a   (être-)  kpo  nyuie,  lé  be.
C;circonspection;f;;belele, nudododo, wowo dododo.
C;circonstance;f;;nya fe nutinu, noîe.
C;circonvenir;vt;;ble, îlu ame. circonvention    î    beble,  fuflu. circonvolution    î    momlo,  totro.
C;circuit;m;;hlâfofo, kogo.
C;circulaire;m;;agbalê si wotsoa tsana amewo dzL circulaire    a  nogô. circulation    î    tsatsa,  totro,  azolizozo. circuler    vi    tsa,  tsa  ame  dzi,  to  ame  dome.
C;circumnaviguer;vt;;zo kple wu îo hlâ nu. cire    î    anyine,  anyirio.
C;;;d'oreille;tomemï.
C;cirer;vt;;si ario na nu, tutu nu.
C;;;les souliers;tutu afokpa. cisailles    fpl    sakse  gâ,  kampe.
C;ciseau;m;;pe. façonner  avec  le-   kpa  nu  kple  pe. ciseaux    mpl    sakse,  tsakisi,  sitsiram.
C;ciseler;vt;;wlu nu me.
C;citadelle;f;;mô, du.
C;citadin;m;;dumeio.
C;citation;f;;samâsamâ, yoyo.
C;cité;f;;du gâ.
C;citer;vt;;yo ame, kafu ame, samâ ame.
C;citerne;f;;tsidzradoîe, tsido.
C;cithare;f;;kasanku, sita.
C;citoyen;m;;dumeto, duto, ablodeme.
C;citron;m;;anuti, doriuti, mûmôe, môe. citrouille    î    go,  gododo,  trekpe,  dzamatre.
C;civet;m;;fomizilâ toto.
C;civette;f;;dzogolo, kpede, aglâ.
C;civière;f;;agba, nutsonu, tsikpo.
C;civil;m;;ablodevi, dumeto. civ  —  cli civil    a    bùame,  dowu.
C;civilisation;f;;nkuwuwu.
C;civiliser;vt;;wu nku na ame, he ame, fia do kuiwowo  nyuie. civilité    î    nonome  nyuie. clair    a    dzadze,  dadzo,  kronkron,  kokoe,  dzefa. c'est-    edze  fa, il  fait-    riu  ke. l'eau  est-    tsi  me  ko. clairière    î    kokofe,  teîe  îuîlu  le  ave  eme.
C;clairon;m;;kpè. sonner  du-    ku  kpe. clairvoyance    î    belele,  ayedzedze. clamer    vi    do  gli,  do  lele. clameur    î    glidodo,  zitoto,  wuwui,  abobo,  lele.
C;clan;m;;habobo, fame. clandestin    a    gagla,  adzame. clandestinité    î    nuvowo  gaglame. clapper    vi    du  tse,  fu  ade,  îu  adege. claquer    vi    di  kplakplakpla.
C;;;des dents;glâ dzo nyânyânyâ. faire-  la  langue    du  tse,  si  ade.
C;clarifier;vt;;wo nu woako.
C;clarinette;f;;kpe, dze.
C;clarté;f;;keklê, koko, kokofâ, zozrô.
C;classe;f;;nusrôlawo fe akpa le suku, klase. faire  la-    fia  nu,  wo  suku.
C;classement;m;;mamâ.
C;classer;vt;;ma nu.
C;classification;f;;numamâ, akpa, ha.
C;classifier;vt;;do nu tefeteîe.
C;clavicule;f;;wozemefu. clé,  clef,    f  safui. fermer  à-    tu  nu  kple  safui,  de  ga  nu  me.
C;clémence;f;;domenyonyo. clément    a  domenyoto.'
C;clerc;m;;mawununoladula si wolû dzodomeda na, agbalênlôla.
C;clergé;m;;mawununolawo fe ha.
C;client;m;;asiflela, asisi.
C;clientèle;f;;asiflelawo îe ha, asisiwo. cli  —  coc cligner    vi    fo  adaba.
C;;;de Pœil;miâ nku de ame, te nku. clignoter    vi    fo  adaba.
C;climat;m;;yàme îe nonome. clin  d'œil    m  adabafofo. en  un-    le  adabafofo  deka  me,  kasiâ. cliqueter    vi    di  tsetsetse,  di  gliriugliriu.
C;cliquetis;m;;didi gliriuglinu. cloaque    î    kpoha,  mïdo.
C;cloche;f;;ga. sonner  la-    fo  ga.
C;clocher;m;;gaho, ganofe, gatowoa. clochette    î  gavi. cloison    î    hometsogli,  tsofe.
C;cloîtrer;vt;;de ame sadagaho. se  cloîtrer    v    yi  sadagaho  me,
C;clore;vt;;tu nu, wu nu.
C;;;la paupière;do alô. clos    a    tutu,  hehe.
C;clôture;f;;kpototo, adzralakpo.
C;clôturer;vt;;to kpo de nu nu.
C;clou;m;;gatagbadze, plego; — foîui vôe.
C;clouer;vt;;klâ nu.
C;;;q. au mur;klâ nu de gli nu.
C;club;m;;habobo.
C;clystère;m;;sasâ, bentua, sâgoe. donner  un-  à  q.    sa  na  ame. clysopompe  î  sasâgoe.
C;coaction;f;;dzizizi, kpederiu.
C;coadjuteur;m;;kpederiuto.
C;coaguler;vt;;bla, to. se  coaliser   v   wo  deka,  bla  nu  kple  ame. coalition    î    dekawowo,  nubabla.
C;coaltar;m;;ario yibo, kolta. coasser   vi    hlô  abe  akpokplo  ene. cocagne    î  nkekenyuie. mât  de-  nunanati. coche    î    tasiadam;  —  dzadza. faire  une-    dza  nu.
C;cocher;m;;tasiadamkplola.
C;cochon;m;;ha, prako, îêwola. coc  —  coï
C;;;de;lait havi. du-  halâ.
C;coco;m;;yevune, agone.
C;cocotier;m;;yevuneti, agode. cocotte   î   ze,  kutu,  kolo.
C;code;m;;sedegbalê.
C;coercition;f;;dzizizi. coercifif    a   dzizi,  dzizito.
C;cœur;m;;dzi, dzime. de  tout-    kple  dzidzo. avoir  du-    kpo  dzidefo. donner  du-  à  q.    de  dzi  îo  na  ame. avoir  qc.  sur  le-    nya  ade  le  ame  si. apprendre  qc.  par-    srô  nu  de  tame. cela  lui  alla  au-   ede  dzi  me  ne,
C;coffre;m;;adaka, drô. coffre-fort    m'  gadaka.
C;coffret;m;;adaka vi.
C;cognac;m;;aha.
C;cognée;f;;fia.
C;cogner;vt;;fo sesie, kli. cohabiter    vi    do  nyonu  gbo,  no  agbe  abe  atsu? kple  asi  ene. cohérent    a    nusi  wo  deka,
C;cohéritier;m;;domedekanyila, nudekadula.
C;cohorte;f;;asrafowo fe ha.
C;cohue;f;;amena, toto. coi    a    kpô,  fâ,  zidodui. se  tenir-    no  anyi  kpô,  zi  kpi,  zi  dodui.
C;coiffe;f;;nyonu fe kuku. se  coiffer    v    do  kuku.
C;coiffeur;m;;dalûla, gelûla.
C;coiffure;f;;tatsyonu, kuku.
C;cohue;f;;zitoto.
C;coin;m;;dzogoe. mettre  qc.  dans  le-    tso  nu  da  de  dzogoe  me. la  table  a  quatre  -s    dzogoe  ene  le  kplô  si.
C;;;de fer;anukofo, globoeîe.
C;coïncidence;f;;kpekpe.
C;coïncider;vt;;zo kplikplikpli kple nu bubu.
C;coït;m;;alodzidodo, dodo kple nyonu. col  —  col
C;col;m;;koblanu, komeblanu. colère    î    domedzui,  adâ,  dzibibi. entrer  en-  contre  q.    do  domedzui  de  ame  nu. être  en-    bi  dzi. colérique    a  adâwola.
C;colibri;m;;aditsi (hevi). colique    î    domeduame,  sisinyenye.
C;colis;m;;agba, nubabla. collaborer    vi    kpe  de  ame  nu. collaboration    î    kpekpederiu,  asidedenume. collation    î    nunana,  fiênududu  le  nublagi. colle    î    nutrenu,  glu.
C;coller;vt;;tre nu, nina nu. se  coller    v    tre  de  nu  nu. collecte    î    gadzodzo,  adzo.
C;collecter;vt;;ho adzo, dzo nu. collection    î    fuîofo,  foîo,  lolo.
C;collectionner;vt;;îo nu fu, lo nu, îo nu.
C;collège;m;;sukugâ. collégien  sukugâdela.
C;collègue;m;;hati, havi, holôvi.
C;collier;m;;komedzonu, wlo, glo, anyroko. é
C;collet;m;;koblanu. colline    î    kpo,  togbo,  togbe. collision    î  kpekpe.
C;colloque;m;;dzedodo. colluder    vi    wo  deka  kple  ame,  le  ame  nu. collusion    î  dekawowo. colombe    î  ahône.
C;;;de bois;volui, aîeîlolui.
C;colombier;m;;ahôneho.
C;colon;m;;dutsola.
C;colonel;m;;asraîowo îe amegâ, asaîohlï. colonie    î  dutanyigba.
C;coloniser;vt;;tso du.
C;colonnade;m;;soti, akasa. colonne    î    soti,  akasa. colonnette    î  sotivi. coloration    î    amâdede,  ahodede.
C;colorer;vt;;de amâ nu, de aho me.
C;colorier;vt;;de nu amâ me. col  —  com
C;coloquinte;m;;gusi, — ta, colossal    a    klitsu,  gladzâ,  lolo  nuto.
C;colosse;m;;nu klitsu, ame dzotsu.
C;colporter;vt;;dzra nu le aîewo me.
C;colporteur;m;;nudzrala le afewo me.
C;combat;m;;awa, awawçwo.
C;combattant;m;;awawola.
C;combattre;vt;;wo a\va.
C;combien;adv;;nenie.
C;;;cela coûte-il;ho nenie ?
C;;;de temps;aleke dzidzi ? gekagi ke ? combinaison    î  dekawowo.
C;combiner;vt;;wo deka, bu nu nu.
C;comble;m;;gbososo, hosutiwo, - nudzidede (achat),
C;combler;vt;;yo nu.
C;;;le louanges;kaîu ame wû.
C;combustible;m;;nake. combustion    î    dzototo,  dzobibi,  îiaîiâ. comédie    î    nya  dikokoe.
C;comestible;m;;amenyinuwo, nusi ame ate nu adu. comète  î      gletivi  toasike. comique    a  dikokoe.
C;comité;m;;amegâwo îe ha, komiti.
C;commandant;m;;dzidula, awakplola, asaîohlï, commande    î    dodo,  dodro,  dede,  nudodo.
C;commandement;m;;sé, sédede, gbèdede. les-  de  Dieu    Mawu  fe  se  ewo. les-  de  Péglise    kristoha  îe  sé  awo.
C;commander;vt;;de sé, du ame dzi, do. comme    cj    alesi,  sigbe  alesi.
C;;;il faut;alesi edze ene.
C;;;vous Pentendez;sigbe alesi nèlô ene. commémoraison    î    nkoyoyo,  gbedododa  ade.
C;commémorer;vt;;do nku dzi, bo nu di.
C;commençant;m;;gomedzela.
C;commencement;m;;gomedzedze, dzitoto. au-    le  gomedzedze  la  me.
C;commencer;vt;;dze nu gome, to nu gome, te kple nuwowo,  to  nu  dzi,  de  asi  nu  me.
C;commensal;m;;hati, havi. commensuration    î    dzidzedze,  susu. Vocabulaire Q4 com  —  com
C;comment;adv;;aleke, alesi.
C;;;allez-vous ?;aleke nèle ?
C;commentaire;m;;nyagomedede.
C;commenter;vt;;de nu gome, de nu me, fia nu gome
C;commerçant;m;;asitsala.
C;commerce;m;;asitsatsa, adzododo. faire  le-  de    do  nu  fadzo.
C;;;maritime;todzisitsatsa. commercial,    a  asitsalato.
C;commettre;vt;;wo nu.
C;;;un péché;wo nuvô, da vo de nu nuti.
C;;;qc. à q.;tso nya de asi na ame.
C;commination;f;;nodzidodo.
C;commis;m;;ame dodo; kpedenuto, klake. commisération    î    nublanuiikpokpo,  amenuveve.
C;commissaire;m;;ame dodo, tefenola.
C;;;de la république;mômeîia, dzidula.
C;commissionnaire;m;;agbatsola, dudola.
C;commissionner;vt;;de nu asi na ame ; do ame. commode  a    boko,  nyoamenu,  dzeamenu. commode    î    sigao,  awu-  (avo)  drôgâ. commodité    î    nu  boko,  nunyôname. commotion    î    dzobodzobo;  dzodzo,  wawa;  zitoto^ commun   a   wokâtâto;  nusi  so  gbo;  madinu,  dudoe. communauté    î    dumetonyenye;  —  ha,  habobo. commune    î    gbodo  ;  du.
C;communiant;m;;kommuniohola. communication    î    kaka,  toto  ;  zozo,  tsatsa  ;  ha- dede  ;  dodede. communier  vi   ho  kommunio  ;  de  kplô  nu.
C;communier;vt;;tso kommunio na ame. communion   î   kommunio  kokoe  ;  kplôriudede.
C;;;des saints;amekokoewo îe hamenono.
C;communiqué;m;;nya, nya dzodzo.
C;communiquer;vt;;ka nya ta na ame.
C;;;avec q.;bo ha kple ame ; zo kple ame. se  communiquer  (une  maladie)    de  do  de  ame  nu, gbâ  do  de  ame  nu.
C;commutation;f;;totro. compact    a    îoîu  ;  do  (ave)  hé. compagne    î    hati  nyonu. com  —  com
C;compagnie;f;;ha, habobo. tenir-  à  q*    bo  ha  kple  ame.
C;compagnon;m;;hati, havi, amenutinola, holômozola. comparaison    î    nudodo  de  nu  nuti,  sosokpo. comparaître   vi    do  ;  dze  ;  yi  wonudrof e.
C;comparer;vt;;so nu de nu nu, so nu kpo kple nu.
C;compartiment;m;;akpa.
C;compas;m;;tadoîe îianu, vvegoîianu. compassion    î    amenuveve  ;  dometotro  de  ame  nu, nublanuikpokpo,  konyiîaîa  kple  ame. compatir    vi    kpo  nublanui  na  ame,  ha  nu  kple ame. compatissant   a  nublanuikpola.
C;compatriote;m;;deto, aîevi, novi. compensation    î    teîedodo,  nudodo  nutefe  ;  nutefe- donu,  kpatakpata. donner  -en   do  nu  nu  teîe  na  ame.
C;compenser;vt;;do nu teîe.
C;compère;m;;hati, havi. compétence    î    nunya,  nutete. compétent    a    nyanu,  tenu,  sosoe. compétition    î    dikeke,  nu\vi\vli  kple  ame.
C;compiler;vt;;tu nu do ; — nlo agbalê, fo nu îu. complainte   î  konyiîaîa. complaire    vi    lô  de  nya  dzi. se  complair    v    dze  amedokui  nu,  kpo  dzidzo  de nu  nu. complaisance   î   modzeanyi,  nudzeamewowo. complaisant   a   dzeame,  nyô.
C;complément;m;;blibowowo, kpekpedenu. complet    a  blibo.
C;complètement;adv;;petepete, halihali, kenu, bliboe.
C;compléter;vt;;wo nu blibo, kpe nu de nu nu. complexion   î   nutilâ  alo  nkume  fe  nonome. complication    î    toto,  dadra.
C;complice;m;;kpedenuto (le nuvôdiwowo me), complies    îpl  îiêgbedododa.
C;compliment;m;;gbedoname, vividodo de ame nu amekaîukaîu. envoyer  ses  -s  à  q.    do  gbe  do  de  ame.
C;complimenter;vt;;do gbe na ame,' kaîu ame. 7* com  —  con
C;compliquer;vt;;toto nu, nyamâ nu.
C;complot;m;;nugbedodo de ame nu, nubabla de ame  nu. tramer  un-    do  nugbe  de  ame  nu,
C;comploter;vt;;so ta de nu vôdiwowo huti. componction   î    dzimetotro,  vevesese  le  dzime,  dzi- mevesese. se  comporter   v    lé  dokui,  wo  dokui.
C;composer;vt;;wo nu, do nu, kpa nu, kpa nya, kpa  ha. compositeur    hakpala,  nudola. composition    î    nuwowo,  nyadodo,  nukpakpa. compréhension    lolome,  —  gomesese.
C;comprendre;vt;;se nu gome. je  n'y  comprends  rien  :    nye  menya  ta  le  enu  o. compression    î  numiamiâ.
C;comprimer;vt;;miâ nu, haha nu, mimi nu.
C;compromettre;vt;;sukpa ame, do aîoku ame, do kuhi  na  ame. se  compromettre    v    do  riukpe  amedokui,  di  vôe, sukpa. comptabilité    î  akontabubu.
C;compte;m;;akontabubu. tenir-  de    le  nku  de  nu  nu,  wo  nu  de  nu  nu. rendre-  de  qc.  à  q.    bu  agba  na  ame. ne  pas  trouver  son-  :    do  asrâ  le  nu  me. ne  tenir  aucun-  de  q.    du  kapi  ame,  do  kapi  de ame,  de  ko  le  ame  riuti. demander-  à  q.    bu  agba  kple  ame,  bia  akonta ame. mettre  qc.  sur  le-  de  q.:    do  nya  ame  dzi.
C;compter;vt;;bu akonta, hlê nu.
C;;;sur q.;do nu de ame nu, do dzi de ame nu. ne  pas-  (omettre)   sa  nu,  sa  nu  di.
C;comptoir;m;;kplô, îiase, asitsaîe, asidofe. compulsion    î  dzizizi.
C;computer;vt;;bu akonta.
C;comte;m;;amegâ, bùbume. concave    a  dzevve.
C;concéder;vt;;lô de nu dzi, na nu.
C;concentration;f;;babla, habobo. con  —  con
C;concentrer;vt;;bla nu, kpe ta.
C;;;son attention sur;fo ta de nu me.
C;concept;m;;tamesusu.
C;conception;f;;tamesusu; — fufofo.
C;concernant;prép;;tso nu nuti.
C;concerner;vt;;di, ga, hiâ, nu ka ame.
C;concert;m;;sankufoîo kple hadzidzi. se  concerter    v    do  gbe  di,  do  nu  di. concession  î    nunana,  nudodo,  lolô  de  nu  dzi  ;  gbe- nana. concevable   a    nusi  gome  mesese  o.
C;concevoir;vt;;fo îu, tso ame îe susu de nu nu, bu tame.
C;concile;m;;papa kple episkopowo îe takpekpegâ.
C;conciliabule;m;;takpekpe.
C;conciliateur;m;;avulléla. conciliation    î    avuléle,  nyahoho  de  ame  ta.
C;concilier;vt;;lé avu, kpata ame. se  concilier    v    wo  deka,  do  nu  kple  ame. concision    î    kpuime,  kpuiwowo.
C;concitoyen;m;;du dekameto, novi.
C;conclave;m;;kardinalowo katâ fe takpekpe de papa yeye  fe  tiatia  ta.
C;conclure;vt;;susu de nu ta be ; wu nu, de nu fia.
C;;;qc. avec q*;do nui kple ame. conclusion    î    nuwuwu  ;  tamesusu.
C;concombre;m;;arianyi. concorde   î   nusoso,  dekawowo. concordance   î    dekawowo,  nusoso. concorder   vi   wo  deka,  so  nu  kple  nu. concourir   vi    wo  nu  de  ame  ti,  bla  nu  de  nu  dzi, ke  di  kple  ame.
C;concours;m;;dikeke, hahado.
C;concurrence;f;;asimonuhoho le ame si, dikeke, zi- îoîo.
C;concubinage;m;;aziâdzedze, asikedzedze, ahiâwowo. vivre  en-    wo,  dze  aziâ  ame. concubine   î   aziâ,  ahiâ,  asike,  awume,  atsusi.
C;concupiscence;f;;dzidzi, dzodzro vôdi, nkubiabîâ.
C;condamnation;f;;fobubu.
C;;;à;la mort kufiatsoiso. con  —  con condamner   q.  bu  îg  ame,  do  de  ame  ta.
C;;;q. à la mort;tso kuîia na ame.
C;condenser;vt;;bla nu, he nu. condenscendance    î    tanana,  dokuibobo. condescendre   vi   na  ta,  bobo  dokui.
C;condisciple;m;;sukuhavi.
C;condition;f;;nonome, nusi le vevie hafi nu bubu nava. condoléance    î    konyifafa  kple  ame,  babadodo. offrir  ses-  s  à  q.    do  baba  na  ame
C;conducteur;m;;kplola, tato.
C;conduire;vt;;kplo ame, ho ngo na ame. se-  lé    dokui,  wo,  fia  dokui.
C;conduit;m;;tsitronu, gati nonoe.
C;conduite;f;;dokuilélé, azolime, zozome, anyinono. bonne-    dokuilélé  nyuie.
C;confection;f;;nuwowo.
C;confectionner;vt;;wo nu; — de nu (objets en cuir).
C;confédération;f;;babla, dekawowo.
C;confédéré;m;;dzoduholô.
C;conférence;f;;takpekpe, îuîoîo.
C;conférer;vt;;do adanu, li ta ta nu.
C;confesser;vt;;wu nya me.
C;;;ses péchés;wu nuvôwo me, wu nuvô gome. se-  à  q.    wu  nuvôwo  me  na  ame.
C;confesseur;m;;nuvôwosela, nuvôgomewuwusela ; —  hosemewula.
C;confessionnal;m;;nuvôgomewufe, nuvôwomewufe.
C;confiance;f;;nudodo de ame nu, dzidodo. avoir-  en  q.    do  dzi  de  ame  nu. mettre  sa-  en  Dieu    do  dzi  de  Mawu  nu. confiant    a    donu,  dodzi.
C;confidence;f;;nyatakaka, nyatoto na ame.
C;confier;vt;;ka nya ta na ame, tso nya de asi na ame.
C;;;qc. à q.;tso nu de asi na ame. configuration    anyigba  fe  nonome. confiner    vi    do  liîo  na  nu,  de  afeka  kple  ame  ; kpe. se  confiner  v  nu  enye  lifo  na  nu  tso  nu  gbo.
C;confiner;vt;;lé ame de ho me. con  —  con confins    mpl    lifowo,  sefewo.
C;confirmation;f;;kakadedzi ; — nusêdodo. donner  la-  na  nusedodo  fe  sacramento  amewo.
C;confirmer;vt;;kpe, ka de nu dzi, do liusê ame, fu asi  nya  dzi,  do  kpe  nya  dzi.
C;confisquer;vt;;tso fe nu, tso fe ame, ho nu le ame  si.
C;confiscation;f;;fetsotso.
C;conflagration;f;;dzobibi.
C;confiseur;m;;abolovivifola.
C;conflit;m;;kpekpe, awawowo, avu, dzre.
C;confluent;m;;alodze (to) alo, alodzedze.
C;confondre;vt;;toto nu, blu nya, wu nya.
C;conformation;f;;même, nonome.
C;conformément;adv;;le nu nu.
C;conformer;vt;;mê nu, so nu de nu nu. se-  à  qc»    wo  de  nu  dzi.
C;conformité;f;;sosome, soso. confortable    a    nyôameriu,  dzeamenu.
C;conforter;vt;;do nusê.
C;confraternité;f;;habobo, noviwowo.
C;confrère;m;;novi, hati, havi, hadekato.
C;confrérie;f;;habobo. confus    a    toto,  nyadrinyadri. être  confus    ame  fe  tame  toto.
C;confusion;f;;wunyawunya, nukpedodo, toto.
C;congé;m;;mokeke. prendre-  de  q,    klâ  ame.
C;congédier;vt;;de ame da, do mo, de ame le do me.
C;congédiment;m;;dededa, dede le do me, mododo.
C;congélation;f;;babla, tsibabla.
C;congéler;vt;;bla, bla tsi. congénial    a    îometo,  sosoe.
C;conglomération;f;;kolili, tutudo.
C;conglomérer;vt;;tu nu do, li ko.
C;conglutiner;vt;;tre nu de nu dzi.
C;congratulation;f;;dzogbenyuiedzidzi na ame.
C;congrégation;f;;fuîoîo, takpekpe, habobo.
C;congrès;m;;takpekpe. congru    a  sosoe. con  —  con congruent    a  sosoe.
C;congruité;f;;nusoso.
C;conjecture;f;;susu.
C;conjecturer;vt;;susu de nu nu. con  joindre    vt    kpe  nu,  tsia  nu,  wo  deka.
C;conjoint;m;;srôriutsu.
C;conjonction;f;;nubabla, nyablanya, nyatsianya.
C;conjugaison;f;;nuwowonya fe lidodo. conjugal    a  aloleto.
C;conjuguer;vt;;do li nuwowonya. conjuration    î    ngliyoyo  ;  hoyoyo,  dzonyinyi,  dzo- dudu.
C;conjurateur;m;;hoyola, noliygla.
C;conjuré;m;;dzodula, dzonyila, nublala de ame nu.
C;conjurer;vt;;tà ame ; — lé aîg na ame, de kuku vevie.
C;;;contre q.;ka atam de ame dzi, bo keku de ame ta,  fo  nyikg  de  ame  dzi.
C;connaissance;f;;nyanya, nunya ; — fometgwo, amenyanyewo.
C;connaître;vt;;nya nu, dze si nu.
C;connaissement;m;;agbahogbalê. connexion    î    nubabla,  dekawgwo.
C;connivence;f;;(agir de-) wo deka kple ame. connu    a  nyanye. conquérant    a  dzidula. conquête    î    dzidudu,  duhgho.
C;conquérir;vt;;du nu dzi, hg anyigba.
C;consacrer;vt;;kg nu nu, yira nu, wo nu kokoe.
C;;;une hostie;tro akpgng wôazu Miafetg îe nutilâ. se  consacrer  à    tsg  dokui  na  . . . ,  de  dokui  asi-
C;consanguin;m;;wudekato. consanguins    mpl  fofogomengviwo. conscience    î    dzitsinya,  dzimegbe. examen  de-    dzitsinyatetekpg,  nuvôwodzidzi. examiner  sa-    te  dzitsinya  kpg,  dzi  ame  fe  nu- vôwo. conscient    a    nyanu,  tamekgkgtg. conscription    î    nkgngnlg  hena  gbadagbadudu. consécration    î    totrg  kgkge,  nu  nutikgkg,  ma- wuhoyayira. con  —  con
C;conseil;m;;adarïudodo, adanu. demander-    bia  adanu  ame. donner  un-    do  adanu  na  ame.
C;conseiller;vt;;do adanu na ame, hlô nu ame.
C;conseiler;m;;adariudola.
C;consentement;m;;nyadzilolô, nyalglô. consentir    vi    lô  de  nya  dzi,  ho  de  nya  dzi.
C;conséquence;f;;nuyomenu, vevienyenye. en-    le  nu  rïu;  —  l'esiata,  eyariutia.
C;conservation;f;;nudzadzrado, nudededi.
C;conservateur;m;;nudzralado.
C;conserver;vt;;dzra nu do, de nu da di. considérable    a    sogbo,  fu,  vevieto. considération    î    tamebubu,  bùbu,  susu. en-  de    tso  nu  riuti,  ha  de  nu  ta. agir  avec-  envers  q.    srô  ame  da.
C;considérer;vt;;bù tame le nu nu, kpo nu da, îo asi  de  nya  la  ha.
C;;;q.;kpo megbe na ame, srô ame da.
C;;;q;bù ame, do koko ame. considéré    a  bùbuto.
C;consigner;vt;;rilo nu di, de nu di.
C;consistance;f;;lili, nusesê, kelili, wudodo. consister    vi    no  anyi,  li  ke.
C;consistoire;m;;papa kple eîe adanudolawo fe takpekpe.
C;consolateur;m;;akofala.
C;consolation;f;;akofaîa, dzifafa.
C;consoler;vt;;îa ako na ame.
C;consolider;vt;;wo nu woasê, li nu. consommation   î    nuwuwu,  nudowowo,  —  nyinyi...
C;consommer;vt;;wu nu nu, wo nu do vo, du nu- drëdrê. consomption    î    kpetre,  tsitrenudo,  gbohi. consonance    î  gbesoso. consonne    î    hehlêdzesi  madimadi.
C;consort;m;;srôhutsu, hati. conspiration    î    nubabla  de  ame  nu,  nugbedodo de  ame  nu.
C;conspirateur;m;;nublala, nugbedola. con  —  con conspirer    vi    bla  nu  de  ame  nu,  do  nu  de  ame nu,  bo  keku  de  ame  hu.
C;conspuer;vt;;de (nyô) ta de ame nu.
C;constamment;adv;;gesiagi, dâyi, dâ. constance    î    dzidodo,  dzinono,  kutrekuku. constant    a    noanyi  —  ku  kutre.
C;constater;vt;;do nu anyi, kpo nu be. constellation    î  gletiviwo. consternation    î    tametoto,  nuhaha» se  consterner    v    dzo  hahâ. consterné    a  tametoto. constipation    î  domehehe.
C;constiper;vt;;he dome, être  constipé    v    he,  ame  fe  dome  he.
C;constituer;vt;;do nu anyi.
C;;;un gouvernement;do dzidudu anyi. constitution   î    anyidodo,  nonome,  dunya,  sé.
C;constructeur;m;;hotula nuwola. construction    î    hotutu,  nuwowo,  ho.
C;construire;vt;;tu ho ; — de nu dzi.
C;;;un mur;do gli.
C;consul;m;;fîatefenola le duta. consultation    î    adanudodo  ;  —  trôîedede  (du  fé- tiche) hoyoyo.
C;consulter;vt;;bia adanu ame, do nya ta.
C;;;le fétiche;de trôfe.
C;consulteur;m;;adaiiudoîa.
C;consumer;vt;;du1 nu, tsyrô nu.
C;;;ses biens;da ahe nu, gblê ga.
C;contact;m;;godoîe, asidedenunu.
C;contagion;f;;dodede, adzaîonu, do si dena de ame nu. contagieux    a  doto.
C;contagionner;vt;;de do de ame nu.
C;conte;m;;gli, nyatoto.
C;contemplation;f;;tamebubu, nunutibubu.
C;contempler;vt;;bu tame le nu nu.
C;contempteur;m;;vlodola.
C;contenance;f;;emenya ; — nkume, dokuifiafia.
C;contenir;vt;;ho, le nu me; — he ame de megbe. se  contenir    lé  dokui. con  —  con content    a    kpodzidzo,  dzidzoto. être-  de  qc,    nu  edze  ame  riu,  kpo  dzidzo  de  nu riu.
C;contentement;m;;riudzedze, modzeanyi,
C;contenter;vt;;fa ako na ame.
C;se-;v;;nu su ame nu.
C;contention;f;;dzrèwowo ; — veviedodo.
C;conter;vt;;gblo nya fia, to nu, hlê nu fia.
C;contestation;f;;dzrewowo.
C;contester;vt;;he nya, he dzre, wli nu, ke di, do adika.
C;conteur;m;;nyatola, gblola. être  contigu    v  kpe.
C;continence;f;;nudodo — dzadzenono. continent    a  dzadze.
C;continent;m;;anyigba.
C;contingence;f;;aklamâdidi. continuel    a    dâ,  madoaïote.
C;continuellement;adv;;tegbe, dâyi.
C;continuation;f;;dziyiyi.
C;continuer;vt;;yi nu dzi, to nu dzi.
C;contorsion;f;;totro, ahlôe. faire  des  -s    wo  ahlôe,  le  mo  sa,  do  agogo  de vvudome.
C;contour;m;;nutowo.
C;contourner;vt;;ta nu, de to de nu nu, tsa fo hlâ.
C;contracter;vt;;he nu fo îu, wu nu; — miâ nu.
C;;;une alliance;bla nu, du dzo, nyi dzo.
C;;;une amitié;dze holô ame.
C;contradiction;f;;dekïemidede, adikadodo, tsitretsi- tsi  de  nu  riu.
C;contraindre;vt;;zi ame dzi.
C;contrainte;f;;dzizizi.
C;contrairement;adv;;bubui.
C;contrarier;vt;;de deklemi, tsitre de ame fe nya riu,  ve  dome  na  ame,  dia  ame  riu.
C;contrariété,;f;;domeveve, amenudiadia. contrariétés    fpl    mohenu,  mohehe.
C;contraste;m;;tsitretsitsi de nu riu.
C;contract;m;;apa, nubabla. passer  un-    bla  nu,  nyi  dzo. 1C4 con  —  con
C;contravention;f;;sedzidada, gùdodo.
C;contre;prép;;de nu nu, kpe. par-    le  nu  nuti  voa.
C;contrebande;f;;degbâgbâ. faire  de  la-    gbâ  de.
C;contrebandier;m;;degbâto, degbâla.
C;contrecarrer;vt;;tsitre de nu nu.
C;contredire;vt;;de deklemi, do adika, yi ate.
C;contrée;f;;anyigba, denyigba.
C;contrefaçon;f;;sosrô. contrefait    a  sosrô.
C;contrefaire;vt;;sro nu, wo nu voadi nu.
C;contrefort;m;;glifoti.
C;contremaître;m;;doto, dowolawo fe tato.
C;contremander;vt;;gbe nu si wodo tsâ.
C;contresens;m;;nu fuflu, tamemabumabu, susu tovo.
C;contretemps;m;;numadzemadze, geyigi masomaso, mohenu. contrevenir  vi  da  vo  de  nu  dzi,  da  sé  dzi,  do  gù.
C;contribuable;m;;adzonala. contribuer   vi    kpe  de  nu  nu;  —  dzo  nu,  na  adzo,
C;contribution;f;;nudzodzo, kpedenu.
C;contristation;f;;konyiîafa, dzikudodo.
C;constrister;vt;;do dziku na anie, ve dome na ame, du  dzi  na  ame.
C;contrition;f;;vevesese le dzime, dzigbagbâ, dzi- meveve,  dzimevesese.
C;contrôle;m;;emekpokpo, numedzodzrokpo.
C;contrôler;vt;;kpç nu dzi, dzro nu me.
C;contrôleur;m;;nudzikpola, numedzrola.
C;controverse;f;;dikeke, nyahehe, deklemidede, vïi- wli.
C;controverser;vt;;wli, ke di, de deklemi.
C;controuver;vt;;ka awatso, vivi nu me.
C;contusionner;vt;;miâ nu, mimi, tege nu.
C;contusion;f;;miâmiâ.
C;convaincre;vt;;ka de nya dzi na ame.
C;;;q. d'un crime;lé nya de ame dzi.
C;convalescence;f;;hayahaya, kakademe, lâmesêkpo- kpo. con  —  coq entrer  en-  ka  de  eme,  do  me,  dze  te,  dze  afote. convenable    a    sosoe,  edze,  abe  alesi  edze  ene.
C;ce;n;;est pas- menyô o, medze o, mesg o. il  est-  que    edze  be  .  .  . convenance    î    nusoso,  dzedze,  wudodo. manquer  aux  -s     do  gu. convenir   vi    so,  nyo  na  nu,  nu  dze  ame;  lô  de  nu dzi.
C;;;de qc.;do nya di, do gbe di. comme  il  convient    sigbe    alesi  edze  ene. convention    î    nudododi,  gbedodo,  dzonyinyi. conversation   î    dzedodo,  asemkaka. converser   vi   do  dze,  ka  asem  kple  ame. conversion    î    dzimetotro,  lidodo.
C;convertir;vt;;tro dzime na ame, do li nu, tro nu. se  convertir    vt    tro  dzime,  do  îi  agbenono.
C;converti;m;;amesi tro dzime. convexe    a    îo  kpo. conviction    î  kakadedzi.
C;convier;vt;;kpe ame.
C;;;q. à;yo ame de nu nuti. convocation    î   yoyo,  sabasaba,  samâsamâ.
C;convoi;m;;kpokplodo, dododa»
C;convoiter;vt;;dzro nu vevie, bia nku, vive, klê nu. convoitise    î    nkubiabiâ,  nubiabiâ,  vo.
C;convoquer;vt;;yo amewo fo îu. convulsion    î    wuwu,  dzodzo.
C;coopération;f;;kpekpedenuto, asidedenuime. coopérer    vi    kpe  de  nu  nu,  wo  do  kple  ame.
C;coordonner;vt;;do nuwo teleteîe.
C;copeau;m;;atidzedze, atifefê, atinyanui.
C;copie;f;;agbalê, ta ta, kopi.
C;copier;vt;;gaiilo nu, gâta nu.
C;copiste;m;;nugbugbonlola. copieux    a    sggbo,  fû.
C;copra;m;;kokote, nekokote.
C;coq;m;;koklotsu.
C;coque;f;;azitsro ; go, tsro. coqueluche    î    kokodzaye,  konkonui.
C;coquetterie;f;;atsyodada, apedidi, aziânyahehe. coq  —  cor
C;coquille;f;;ho, hotsui, agaga, to.
C;coquillage;m;;holotsu, go, wotsui. coquet    a    diape,  heaziânya,  nyuie.
C;coquin;m;;ame dovo, amedzeha, amedra.
C;cor;m;;kpe. sonner  du-   ku  kpe.
C;corail;m;;sui, anitsriwa, adza.
C;corbeau;m;;akpaviâ ,kohâ, nowonowo.
C;corbeille;f;;kusi, abaka, kevi, abahe.
C;corbillard;m;;amekukutasiadam. corde   î  ka.
C;cordage;m;;ka, atagbuika.
C;cordeau;m;;ka. cordial      a   tso  dzime,  dzimeto*
C;cordon;m;;ka. cordonnerie    î  afokpatofe.
C;cordonnier;m;;aîokpatola. coriace    a    nyadrï,  drinya,  dade,  kpolo,  sasû. être-    dze  kpolo. corne    î    dzo,  lâdzo.
C;corneille;f;;akpaviâ, manowo.
C;corner;vt;;ku kpe, kaka nu, de gbe îâ. cornette    î    taku  ;  —  sistawo  fe  kuku. cornu    a    dzonu,  todzo. corporation     î  habobo.
C;corporal;m;;avo si dzi hostia kokoe nona le missa me.
C;corps;m;;nutilâ, — nu blibo; habobo, lame, corpulence    î    kpedidi,  lolo. corpulent    a    lolo,  bakpâ,  kakô. être-    di  kpe,  le  kakô,  lolo. correct    a    blibo,  nyui,  sogbe. correction   î  nudododo. correspondance    î    nusoso;  —  letanonlo. correspondre    vi    so  kple  nu,  wo  deka  kple  nu  ; —  nlo  leta.
C;corridor;m;;toîe.
C;corriger;vt;;do nu do.
C;corroborer;vt;;ka de nu dzi, îu asi nya dzi, do kpe  nu  (nya)  dzi.
C;corroder;vt;;du nu gblê. cor  —  cou
C;corrompre;vt;;gblê nu; dze nyê (aliment); — de zi  nu  dome. se  laisser-  ho  zânu,  du  blùnu.
C;;;un juge;na zânu kodzodila, tu nù na-.
C;corroyer;vt;;te kpe agbalê.
C;corroyeur;m;;agbalêkpetela. corruptible    a  zânuhola. corruptibilité    î  zânuhoho. corruption    î    gbegblê,  riunyô  ;  nyêdzedze  ;  —  zâ- nunana.
C;cortège;m;;yomenolawo, amekploladowo. corvée    î  apado. faire  la-    wo  apado. corvette    î  wu.
C;cosmétique;m;;wevCe vivi, belélé na nutiîâ fe uyonyo,  damemi.
C;cosse;f;;isro, go.
C;costume;m;;awudodo, avotata. côte   î    abù,  kpo,  abùdiîe.
C;;;(humaine);ahafu, agbaîuti, ablamefu.
C;;;(rivage);futa ; îutanyigba.
C;côté;m;;aha, go, ablame, — gbo. à-  de    aha  dzi,  aha  me,  le  nu  gbo. de  ce-    akpa  si  (va  akpa  si). de  Pautre-    godo  (yi  nu  godo). avoir  un  point  de-    ne  dzi  ve  ame,  ahaveame. aller  de-   yi  de  aga  dzi. mettre  qc.  de-   de  nu  de  aga,  nyê  kpo  nu,  îo  ni* asa.
C;coteau;m;;togbe, kpo.
C;coterie;f;;ha, habobo.
C;cotisation;f;;ganana, kpekpe de nu nu.
C;cotiser;vt;;dzo nu.
C;coton;m;;deti, detiîu. filer  du-  tre  deti.
C;cotonnade;f;;detivo.
C;cotonnier;m;;detiti.
C;cou;m;;ko. sauter  au-  de  q.    dzè  ko  dzi  na  ame. allonger  le    do  ko  da.
C;couche;f;;aba, anyimlofe, ndobati. cou  —  cou couches    îpl  vidzidzi. fausses-  fugege. femme  en-    vidzihomengla,  vidzila.
C;coucher;m;;anyimgmlg.
C;coucher;vt;;tso ame mlg anyi, de aba ante ; — tsi  afiade  do;  —  tso  nu  da  de  anyi,  via nu,  bg,  bi  nu.
C;;;par écrit;nlo nu di. se  coucher    v    mlg  anyi,  do  ho. se-  sur  le  dos    dze  nè. se-  sur  le  ventre    tsyo  akg  anyi. se-  sur  qc.    tsyo  nu  dzi.
C;couchette;f;;abavi, abati.
C;coude;m;;aboklugui, algglo. pousser  q.  du-    tu  algglo  ame.
C;coudée;f;;alo, abo alà (dzidzenu).
C;coudre;vt;;tg awu, tg nu de nu nu. fil  à-  nutoka.
C;;;finement;to nu kitsikitsi.
C;;;à grands coups;to nu tsakatsaka, gâgâgâ, le ata nu,  le  ka  nu.
C;couenne;f;;hayi. couler    vi    si,  kplo,  dudu,  tsa.
C;couler;vt;;tsyo nu; — ko nu.
C;couleur;f;;amâ, ang. perdre  la-  klo.
C;couleuvre;f;;da.
C;couloir;m;;toîe.
C;coup;m;;fofo, dzadza ; — abi ; — tudada, — nututu.  •
C;;;manqué;dagbodada.
C;;;de poing;kgtutu, kototg.
C;;;de pied;afototo, afgtutu. après-    le  nu  megbe. donner  un-  de  pied   tu  (tg)  afo  ame. se  battre  à  -s  de  poings   da  ko. tirer  un-  de  fusil    da  tu. coupable    a  difo. déclarer  q.-    bu  fg  ame.
C;coupe;f;;awutoto ; — dalûlû, atitotso, tsotso.
C;coupe;f;;kplu, akogoe, konko. cou  —  cou
C;coupé;m;;gamotasiadam îe akpa deka.
C;coupeau;m;;tame, kokoeîe. coupeaux    mpl    ati  dzedze,  wowoe.
C;couper;vt;;lâ, sê, kpa, dza, ya nu, sê nu da.
C;;;les cheveux;lû ça, fia da, ko da, ko ta, sê da.
C;;;du bois :;kpa ati.
C;;;un arbre;lâ ati fu anyi, dza ati, sè ati da.
C;;;une oreille;kpa to.
C;;;du vin;toto vé kple tsi.
C;;;un animal;ta lâ.
C;;;la gorge à q.;tso hlo.
C;;;la parole à q.;tso (ne) nya de ame nu.
C;;;avec la scie;tso nu da kple lahalaha. le  couteau  ne  coupe  pas   he  meie  dadam  o.
C;couperet;m;;yi, krante, yikpo.
C;couple;m;;asi kple atsu; — ame ve.
C;coupler;vt;;bla nuwo eveve. coupole    î    hotame  glôlô,  ho  tame  dzewe.
C;coupure;f;;lalâ, sêsë, sisi, kpakpa.
C;cour;f;;hehe, hohonu, agbome, aîeme, kpome. il  est  dans  la-    ele  kpo  nu. faire  la-  à  q.    da  ase  na  ame,  bia  ame  ta.
C;cour;f;;wonudrofe.
C;courage;m;;kalê, dzidodo, dzideîo, dzi. avoir  du-    kpo  dzideîo,  wo  kalê. perdre  le-    dzi  de  le  ame  îo. prendre  du-   lé  dzi  de  îo,  de  dzi  eîo. donner  du-  à  q.    de  dzi  efo  na  ame. faire  perdre  le-  à  q.    de  dzi  lé  îo  na  ame. courageux    a    kalêto,  dzodzoe,  glâ.
C;courageusement;adv;;kalêtoe.
C;courant;m;;tsisisi, azizâ; — geyigi. argent-    ga  dudua. le  cinq-    le  nkeke  atôlia  le  gleti  sia  me. il  y  a  un-  d'air    yâ  le  foîom. être  au-  de  qc.   nya  nu  kenken. mettre  q.  au-    fia  nu  tututu  ame. courbé    a    hahe,  gôglô,  haha.
C;courbe;f;;mo hahe, gôeîe.
C;courber;vt;;bi, bo nu, ha nu goba. se-    hlâ,  lugu,  glô,  via,  ha. Vocabulaire cou  —  cou
C;coureur;m;;dufula, dusila; — sg. courge    î    go,  gododo,  trekpe,  samasi. courir   vi   îu  du,  de  abla,  si,  si  du,  vvla.
C;;;à q.;îu du va ame gbo.
C;;;après q.;dze ame yome, ku de ame dzi.
C;;;après l'argent;dzi ga, ti ga yome,
C;;;sus à q.;no ame yome, ti ame yome.
C;;;à toutes jambes;îu du sesiê. couronne    î    îiakuku,  îiatsihe,  tsihe.
C;;;d'epines;nudzakuku, nutsihe. ceindre  la-    do  îiakuku. couronner  q.    do  îiakuku  na  ame,  do  tsihe  na  ame.
C;couronnement;m;;îiakukudodo.
C;courrier;m;;dola yoyo, — letadodo ; — dudola. faire  son-   nlo  leta. expédier  son-    do  leta  da. courroie    î    ka,  lâgbalêka.
C;courroucer;vt;;do dziku na ame. courroucé    a  domedzuidola.
C;courroux;m;;dziku, domedzui.
C;cours;m;;tofe, sisi, azigà, zozo ; — nusosrô.
C;;;d'eau;tosisi. en-  de  route    le  mo  dzi. cette  monnaie  n'a  pas-    womedua  ga  sia  o. argent  en-    ga  dudua. course    î    dusisi,  dudimekeke,  duîuîu,  du. court   a   kpui,  kpokplo,  kpobo,  tso. être-  (de  peu  de  durée)  tso. être  à-   do  nu  me. couper-  à  q.    do  mo  ame,  tso  nya  na  ame  kpuie. couper-    tso  nya  kpuie.
C;courtisan;m;;îiayometo, îianutinola.
C;courtiser;vt;;do vivi de ame nu. courtois    a  dowu. courtoisie    î    vvudodo,  amesosrôda. courve    î  gôeîe.
C;cousin;m;;mû, tulï.
C;cousin;m;;togâtodivi, fo, tse. cousine    î    togâtodivinyonu,  da,  tse,
C;coussin;m;;sudui, tazionu, sunde, kodonu, ate.
C;coussinet;m;;tsihe. coû  —  cou
C;coût;m;;asi, asihoho.
C;couteau;m;;he, kakla.
C;;;à deux tranchants;he nu evee. ouvrir  le-    fo  he  le  eme. fermer  le-    lé  he  de  eme,  né  he  de  eme. manche  de-    he  fe  asilefe,  heti. lame  de-  henu. dos  du-  hekpo. aiguiser  le-    nyire  he. tuer  q.  d'un  coup  de-    da  nu  ame,  îo  he  de  ame wu.
C;coutelas;m;;yi, krante.
C;coutelier;m;;hetula. coûter    vi  ho.
C;;;cher;ho asi, ve. combien  coûte  cela      ho  nenie  wôho  ? cela  coûte  deux  frs.    eho  Ira  eve. coûteux    a  hoasi. coutume    î    ko,  konu,  nuwona. observer  une-    nyi  ko. il  a-  de  faire  cela  ewone. ils  ont-  d'y  aller    wonoa  afimâ  yim.
C;couture;f;;nutoto, awutoto, — toîe, tsafe.
C;couturier;m;;nutçla, awutola.
C;couvée;f;;azidzidodo, viîofo, tohododo, fêlele.
C;couvent;m;;sadagaho.
C;couver;vt;;fo vi, do azi dzi, do toho, le îê.
C;couveuse;f;;koklovino.
C;couvercle;m;;nutunu, nutsyonu, nutuvi.
C;couvert;m;;avo, he, gaflo, gatsi kple konko ; sietsoîe. mettre  le-    do  kplô. ôter  le-    fo  nuwo  le  kplô  dzi. être  à-    kpo  sietsofe.
C;couverture;f;;kuntu, nudzitsyonu, nugbanu.
C;couvre-chef;m;;kuku, taku, tatsyonu.
C;couvrir;vt;;tsyô nu dzi, gba nu, kpla nu, do awu.
C;;;un toit;gba ho. se  couvrir    v    do  awu,  ta  avo,  kpla  nu, se-  la  figure  des  mains    tsyo  asi  mo. se-  la  tête    do  kuku,  tso  kuku  tsyo  ta. 8* cou  —  cré couvrez-vous    do  kuku. le  ciel  se  couvre    lïlïkpowo  hé  yâme  .
C;crachat;m;;adrufe, ahlôdede, ta
C;cracher;vt;;de ta, nyô ta (de ame nu).
C;;;dans les mains;nyô ta asi. craie    î    ge,  tsyoke.
C;craindre;vt;;vô nu. se  faire-  de  q.    do  vovô  na  ame, je  crains  que    mevô  be. crainte    î  vovô. de-  de    le  vovô  ta. craintif     a    vovônoto,  kleno,  sususu. être-  Voua.
C;crampe;f;;lalia, bo, yiyi îe gadede ame, katoto avoir  la-  ame  îe  drimeka  to,  ame  fe  ka  rilo,  yiyi de  ga  ame.
C;;;d'estomac;akomimli.
C;crampon;m;;nuleti, apâ, agblo, numiânu.
C;cramponner;vt;;lé nu de nu nu, miâ nu. se  cramponner    v    ku  de  nu  nu.
C;crâne;m;;takolui, takoloe.
C;crapaud;m;;bele, abeno.
C;crapule;f;;amegbegblê, ame vlo, — adzodudu.
C;craque;f;;ameblenya, nudikokoe. craquer    vi    fa,  di. craqueter    vi    di  kplakplakpla.
C;crasse;f;;di, difofo, fé. crasseux    a    fodi,  bliba.
C;cravache;f;;atam, soba, sofoka.
C;cravate;f;;komeblanu, kola.
C;crayon;m;;nunloti, pensil.
C;;;d'ardoise;kperiloti.
C;créance;f;;hose, — fè.
C;créancier;m;;fèto.
C;créateur;m;;wpla.
C;création;f;;wowo, hihemewowo.
C;créature;f;;nuwowo, nudodo. crèche    î    lânudunu,  lânududaka.
C;credence;f;;kplôvi.
C;crédit;m;;dzidodo, — hose, — agbana. faire  du-  à  q.    do  agbana  na  ame. cré  —  cri donner  à-    do  nu  agbana,  dzra  nu  agbana. acheter  à-    ho,  fie  nu  agbana.
C;créer;vt;;wo nu. crémation   î   dzodzedze,  dzototo. crème    î  notsingomi. crêpe    î    avo  bidibidi. se  crêper   v    tro  pesepesi.
C;crépir;vt;;do ba nu, tre ho, si akalo. crépiter    vi    îa,  woe,  di  abe  dzo  ene. crépu    a    tro,  kpada,  presepesi.
C;crépuscule;m;;anyigbatsyotsyo, dzite, zâdoke. crête    î    dagbo,  kokofe,  nutame.
C;;;du coq;atotsu, atoge. .crétin   m    bometsila,  —  ame  vlo.
C;creuser;vt;;si nu, de to, no nu, ku nu, de nu, ho  nu.
C;;;un trou;ku do.
C;;;une tombe;ku yodo. creux   a    wlo,  woto,  wolû  ;  —  gbolo,  îuflu.
C;creux;m;;do, tome, dodede, we, gogloîe.
C;;;de;la main asiwlome.
C;;;d'un arbre;atitome, atiwoto.
C;;;d'un;rocher kpeto.
C;;;de Faisselle;ahado, ahato.
C;crevasse;f;;dzedze, leîe, wowo.
C;crevasser;vt;;wo nu, dze nu, îé nu.
C;crever;vt;;gbâ nu, hlê nu.
C;;;les yeux à q.;gbâ nku na ame. crever   vi   wo,  dze,  fe,  dro,  de  dzoglo  ;  —  ku  (la). faire-  un  abcès    yo  nu. crevette    î   bolu,  agalâ,  bleyi.
C;cri;m;;gli, glidodo, afa, hohlô, lele.
C;;;de détresse;aîa (do afa).
C;;;de;guerre awagli.
C;;;de joie;aseyi, aseye, aseyetsotso, aseyitsotso.
C;crible;m;;asôe, atoe, nutsyonu.
C;cribler;vt;;tsyo nu, no nu.
C;criée;f;;awusiawu, ahunyadie, agbandzo dzadzra. vendre  à  la-    dzra  nu  awusiawu. crier    vi    do  gli,  tso  aseyi,  hlô,  do  lâgbé.
C;;;au secours;do abobo, do afa, fo asi nu. cri  —  cro
C;;;contre q.;ka mo na ame.
C;;;à la face de q.;do gli de ame ta.
C;;;à q.;yo ame.
C;;;ses marchandises;do boblo.
C;crime;m;;busu, ahohlô, gùnu, nu dovo. commettre  un-    bo  ahohlô.
C;criminel;m;;ahohlôbola, dohlôla,
C;crin;m;;fu, da. crinière   î    adza,  kodza. crique    î  adô.
C;crisper;vt;;tro nu pesepese.
C;cristal;m;;ahûhôe, kristal.
C;critique;f;;nufofo tso nu nuti, numedzodzro. critique    a    vevie,  afokunu.
C;critiquer;vt;;îo nu tso nu nuti ; te nu kpo. croasser    vi    hlô  abe  akpaviâ  ene. donner  un  croc  en  jambe  à  q.:    do  kpali  ame,  do asa  na  ame.
C;croc;m;;agblo.
C;crochet;m;;awukunu. crochu    a    goglô,  glosa,  goba,  haha.
C;crocodile;m;;lo, adzakpa. croire  (qc.)    vt    bu,  susu,  ho  nu  se.
C;;;à qc. (vi);ho nu dzi se.
C;;;en q.;ho ame dzi se. je  crois  en  Dieu    meho  Mawu  dzi  ese. se  croire    v    bu  dokui  be.
C;croisée;f;;îesrênu, îesrênuti.
C;croiser;vt;;tso, tso ga.
C;;;un chemin;tso mo (me). je  Pai  croisé  en  route  :    metso  mo  ne,  metsoe  le mo  dzi.
C;;;la mer;tso îu me.
C;;;q.;tso ame. se-   tso  nu  me.
C;;;les bras;kpla abo, kpla asi ako.
C;croiseur;m;;awawu. croissance   tsitsi,  miemie,  tsitsime.
C;croissant;m;;gleti kake, sosoe, — gleti dze ave dzi. croître    vi  tsi.
C;;;(sortir;de terre) mie. cro  —  cue
C;;;(cheveu, poil);to, do. se  laisser-  la  barbe  :    do  gè.
C;croix;f;;atitsoga, nuhaha, fukpekpe. chemin  de  la-    atitsoga  fe  mo. attacher  à  la-    he,  klâ  ame  de  atitsoga  nu. descendre  de  la-    de  ame  tso  atitsoga  riuti. sacrifice  de  la-    atitsoga  îe  vôsasâ. signe  de  la-  atitsogadzesi. faire  le  signe  de  la-   wo  atitsogadzesi. «croquer    vt    du  nu  hlarihlari.
C;crosse;f;;episkopo fe atikplo.
C;;;de;fusil tuzo.
C;crotte;f;;ba ; lâmi, di.
C;crotter;vt;;fo di nu, do ba nu, si ba na nu. il  est  crotté    eîo  ba  blibâ.
C;crottin;m;;somi. crouler   vi    rie  de  eme,  gbâ,  mû,  dze  eme.
C;croupe;f;;megbe, ago. croupir    vi  to.
C;croûte;f;;tsro, (yevu) bolo fiâfiâ.
C;croûton;m;;abolofàfiâ sue ade.
C;croyance;f;;hose ; dzidodo, dzihose.
C;croyant;m;;hoseto. cru    a    mûmû  —  mabimabi.
C;cruauté;f;;riutasesë, anyrâwowo.
C;cruche;f;;kplu, go, kplo.
C;cruchette;f;;\ i i cruchon    m)  kPluV1'
C;crucifiement;m;;* y , *~ À IU
C;crucifixion;f;;} kakla ^e atltso^a nu*
C;crucifier;vt;;klâ, he ame de atitsoga nu.
C;crucifix;m;;atitsoga.
C;crudité;f;;rilomiwowo, riutasesë.
C;crue;f;;tsitsi. dire  qc.  crûment    gblo  nya  fi. cruel    a    sêriuta,  anyrâto  —  (être-)  :  wo  anyrâ  le ame  nu.
C;cube;m;;dzogoenenu. cue  —  cur
C;cueillir;vt;;gbe nu, nyô nu, da, ha, ke, ne, kli nu le  nu  nu,  wo  nu.
C;cuiller;f;;gatsi, gati.
C;cuir;m;;lâgbalê, agbadze. cuirasse    î    akpohowu,  gawu.
C;cuirassé;m;;awawu. cuirasser    (vt)    do  ga  nu  nu. cuire   da  nu,  to,  mê  nu. trop  cuire    gbagba  nu,  tutu, cuisant    a    vevie,  sesïe,  nya  toedzi. cuisine    î    nudafe,  dzodoîe,  kukudyade. batterie  de-  nudanuwo.
C;cuisinier;m;;nudala, kuku. cuisse    î    ata,  atagboe  ;  —  la  îe  ata.
C;cuivre;m;;kobli, ga dzë, ayawoa. de-  koblinu.
C;cul;m;;ago, agonu, arïlonu, kpeta, megbe.
C;culbute;f;;goglomidede. faire  la-    de  koklomitudze,  de  goglomi,  da  akpa.
C;culbuter;vt;;gbâ nu, mû nu fu anyi, tro gbo dze anyi. culer    vi    yi  megbemegbee. culminer    vi    yi  tame  wï,  îo  nu  ta. culotte    î    atawuikpui  (si  sea  klonu).
C;culte;m;;subosubo, konyinyi.
C;;;des;idoles trôsubosubo.
C;cultivateur;m;;agbledela.
C;cultiver;vt;;nlo agble. culture    î    nkuWuwu,  agbledede. cumulation   î    kolili,  tutudo,  îuîofo.
C;cumuler;vt;;li ko, tu nu do, fo nu fu. cupide   a   bianku,  dzro,  riokula. cupidité    î    nkubiabiâ,  riubiabiâ,  dzodzro,  nokuku. cure    î    belélé,  doyoyo  ;  —  mawununolaho.
C;curateur;m;;vi îe nuwodzikpola.
C;curé;m;;dumawununola, dusoîo, îadagâ.
C;cure-dent;m;;adumedeti.
C;curer;vt;;klo nu, tutu nu, sia nu.
C;curie;vt;;habobo.
C;;;romaine;papa fe dzidudu. curieux   a  wonuku. cur  —  dar curiosité    î    nukuwpwo,  nunyanya  kolokolo  dzidzL
C;cuve;f;;tokpo.
C;cuvette;f;;agba, mofugba.
C;cycle;m;;keke, gaso.
C;cyclone;m;;ahomu, yasesê, yali,
C;cygne;m;;ablotsikpakpahe.
D;cymbale;f;;wu ade, ga.
D;d'abord;adv;;gbâla, gbâgbiagbâ. daigner   vi    lô,  dze  ame  nu  be.
D;d'ailleurs;adv;;le aîi bubu ; — voa, gake.
D;daim;m;;lu.
D;dais;m;;adzoya, katama, tsï. dalle    î    kpe  siwo  wodoa  afotofewo  le  ho  me. dalmatique    î    diakono  fe  awu  wlaya  le  missa  gâ me. dame    î    nyonu  ;  —  îeîe  ade. dame-jeanne    î  adzaîi. damer  le  pion  à  q.    du  ame  dzi.
D;damier;m;;fefenu. damnation    î    fobubi^,  gbegblê  mavo  gbedea.
D;damner;vt;;bu fo, bu vlo ame.
D;danger;m;;haha, kuhi, hiâhiâ, aîoku. qui  aime  le-,  y  périt    gli  ku  le  gbôho  nu. courir  un-    dze  aîoku  me. dangereux   a   aîokunu,  kunu,  dzino.
D;dans;prép;;me, le me. rentrer-  la  maison    yi  ho  me.
D;;;Fespace d'un an;le fe deka me. boire-  un  verre   no  nu  le  konko  me. danse    î    ge,  gedudu. danser   vi   du  ge,  gbâ  ge,  ka  ge.
D;danseur;m;;gedula.
D;danseuse;f;;gedulanyonu.
D;d'après;prép;;le nu nu.
D;dard;m;;akplo, wû, nu, aleli. 118  dar  —  déb
D;;;(des insectes;ate, ti.
D;;;(du porc-epic);ge, anyô, îu.
D;darder;vt;;da akplô, da wâ.
D;date;f;;geyigi, azâ, gleti fe nkeke, geyigi si wodo di.
D;dater;vt;;nlo gleti nkeke, do geyigi. à-  de  ce  jour    tso  nkeke  sia  dzi.
D;datte;f;;ayidi.
D;dattier;m;;agiditi.
D;dauber;vt;;to lâ.
D;dauphin;m;;fumeha, fumeloklovi, bosotuitui.
D;davantage;adv;;wu, sogbo wu, didi wu.
D;de;prép;;tso, tso nu gbo, le nu nu. de  là    tso  aîimâ. je  viens-  l'église    metso  Mawuhome. j'ai  reçu  qc.  -mon  frère  :    meho  nu  tso  novinyè gbo. parler-  q.    îo  nu  le  nu  (ame)  nu. être  fatigué-  marcher    azoli  te  dedi  ame  nu. c'est-  bois    wotso  ati  woe,  wowoe  kple  ati.
D;;;branche en branche;tso alo dzi heyi alo dzi. le  président-  la  France  :    Frâsewode  îe  dzidula.
D;d'ici;adv;;tso afii.
D;dé;m;;ho, hodanu, akodanu. jeu  de  -s    akodada,  hodada. jouer  aux  -s    da  ako,  da  ho. joueur  aux  -s    akodala,  hodala.
D;dé;m;;asikuku.
D;débâcle;f;;toto, bublu, dzogbevoe.
D;déballer;vt;;de nu le nu me.
D;débandade;f;;basabasa, madomado, sisi. à  la-    nyamânyamâ,  holoholo.
D;débander;vt;;de ka ; de nublanu le nu nu. se  débander    v    si,  dzo.
D;débarbouiller;vt;;îu mo na ame. se  débarbouiller    v    fu  mo.
D;débarcadère;m;;klini, lê.
D;débarquement;m;;godzedze, godidi, agbadede le wu  me.
D;débarquer;vt;;di go, dze go, ku nu wu me, de agba  ie  wu  me. déb  —  deb
D;débarras;m;;nudededa, agbadede, dede.
D;débarrasser;vt;;tso nu fu gbe, de nu da. se-  de  qc.    tso  nu  îu  gbe.
D;débat;m;;dzrè, dikeke, nyahehe, anukutsotso. vider  un-    le  avu,  tso  nya.
D;débattre;vt;;he nya, tso anuku de nu dzi. se  débattre    v    dze  aglâ,  wo  dzre,  \vâ. débauche   î    hadzedze  ;  —  nutsududu.
D;débauché;m;;hadzela, agbedranola, anyibadanola.
D;débaucher;vt;;gblê ame.
D;;;q. du travail;de ame le do me, do kuvia ame» se  débaucher   v    dze  ha,  no  agbe  bada.
D;débaucheur;m;;amegblêla. débile    a    gbodzo,  beno,  belie,
D;débilité;f;;gbodzogbodzo.
D;débiliter;vt;;wo lame gbodzo, ho lame ame si.
D;debit;m;;asi, aîo; — îiase, fe. ceci  est  de  bon-   asitanu  sia  kpe  aîo  (asi),  ho  asi. le  riz  n'est  pas  de  bon-  molua  to,  molua  ekpy.
D;débiter;vt;;dzra nu, kpe aîo, kpe asi ; — nyi îe le ame  si.
D;débiteur;m;;îenyila, îeto.
D;déblayer;vt;;îo nu le nu dzi.
D;;;le terrain;de mo.
D;déboire;m;;domeveve.
D;déboiser;vt;;îo ave. se  déboiter    v    gli,  hali. débonnaire    a  domenyoto.
D;débordement;m;;tsidodo, gogbagbâ ; — agbenono bada. vivre  dans  le-    no  agbe  bada. déborder    vi    gbâ  go,  do.
D;débouché;m;;dzoîe, godofe.
D;déboucher;vt;;vvu atukpa, de koke le abodiabo nu.
D;;;un chemin;de mo.
D;déboucher;vt;;tu nu, de ka nu hu. débourrer  (une  pipe)    klo  atamaze.
D;débourser;vt;;do ga na ame.
D;debout;adv;;te, tsitrenu, alinu, ka, dzo tsatso. être-   tsitre,  le  te,  îo  dzo  le  alinu. rester-    tsitre,  tsite,  no  tsitrenu. déb  —  déc
D;déboutonner;vt;;de (tu) awunugbui. débrider  .  vt    de  nùga.
D;débris;m;;sonu, ze kake, nugbagbâwo.
D;débrouiller;vt;;do nu, do nuwo tefeteîe, te kpo le  nu  nuti.
D;débroussailler;vt;;tso gbe, îo ave, ha kuti.
D;débusquer;vt;;nyâ nu (ame).
D;;;Pennemi;nyâ futowo.
D;début;m;;gomedzedze, dzitoto. dès  le-    tso  gomedzedze  me.
D;débuter;vt;;dze nu gome, to nu dzi.
D;déça;adv;;afiigodzi, akpa sia dzi. décade    î    ewo,  ame  ewo  ;  nkeke  ewo. décadence    î    nonomegbegblê,  tsotsyro,  nudede. tomber  en-    gblê,  dô. décamper    vi    wu  asada  ;  si,  dzo. décapitation    î    tatsotso,  ametatsotso.
D;décapiter;vt;;tso ta le ame nu. décéder    vi    ku,  tro  megbe.
D;déceler;vt;;îo nu, fia ame yome mo, de nu fia, de ha."
D;décembre;m;;desember, gleti mloeto (wuievelia). décence   î   dokuilélé,  zozome  nyuie,  wudodo. décent   a    ledokui,  do\vu,  nkuta. déception    î    beble,  fuflu,  nuhaha.
D;décerner;vt;;na, tso nu de asi, ho nu na ame.
D;;;un prix;ho nunana na ame.
D;décès;m;;ku, ameyinugbe.
D;décevoir;vt;;îlu ame, ble ame.
D;déchaîner;vt;;de ka, de ga le ame nu.
D;décharge;f;;agbadede ; — aprimdada.
D;déchargement;m;;agbadede le wu me.
D;décharger;vt;;ku agba le vvu me, de agba le nu dzi.
D;;;q. d'une obligation;de do le ko dzi na ame.
D;;;un coup de fusil;da tu. le  fusil  se  décharge    tu  bi  dzo. se-  d'une  affaire    de  asi  le  nya  nu. se  décharner    v    di  ku,  blo. se  déchausser    v    de  afokpa  di.
D;déchéance;f;;nusêdede le ame dzi, dededa. déc  —  déc
D;déchet;m;;nugbegblê, gege, dudu.
D;décheveler;vt;;vu da na ame.
D;déchiffrer;vt;;hlê nya si me meko o.
D;déchiqueter;vt;;ka, fli nu, gbâ nu kakekake.
D;déchirer;vt;;dze, tso, là, vuvu nu.
D;déchirure;f;;dzedze, dodro, wowo. déchoir    vi    gblê,  tsyrô,  dô.
D;décidément;adv;;kokôko.
D;décider;vt;;do nya anyi, do nu. se  décider    v    do  tame,  no  nya  dzi. décimal   a    ewo  to,  de  akpa  ewo.
D;décimer;vt;;mâ nu de akpa ewo. décision    î    anyidodo,  nyametsotso,  nyatoto.
D;déclamation;f;;nyagbogblo.
D;déclamer;vt;;gblo nya.
D;déclaration;f;;gbefâdede, dodo.
D;;;de guerre;awadodo, awadu.
D;déclarer;vt;;de gbe îâ.
D;;;la guerre;do awa du.
D;;;q. coupable;bu fo ame, do zemabi na ame.
D;;;q. innocent;do gé na ame. se  déclarer   v   to  (dolele  to)  maladie. se  -contre  q.    tsitre  de  ame  nu.
D;déclin;m;;wewowo.
D;déclinaison;f;;totro, lidodo.
D;décliner;vt;;de nu da, gbé nu ; — do li nya.
D;;;vers la vieillesse;ku amegâ,
D;;;son nom;yo nko.
D;déclivité;f;;aga, abu se  décolorer    v  klo. décombres    fpl    nu  gbagbâwo.
D;décomposer;vt;;mâ nu, dze ; — de nu gome, se  décomposer    vt  nyô.
D;décomposition;f;;nyunyô, vovo ; — gomedede.
D;déconseiller;vt;;hlô nu ame be woade asi le nu nuti.
D;déconsidération;f;;nkogbegblê. tomber  en-  nyô.
D;decor;m;;atsyô. décoratif    a  doatsyô. déc  —  déd décoration   î    atsyôdodo,  îewuinuwowo  ;  —  bubu- fianu.
D;décorer;vt;;do atsyô na nu.
D;décortiquer;vt;;flo, kpa, klê nu, de ku deti.
D;décorum;m;;dokuilele, wudodo.
D;découdre;vt;;tu nutoto. découler    vi    dzo,  ge,  dudu,  tsa,  si.
D;découper;vt;;tso nu, îli nu.
D;découpler;vt;;de nu, deka nu.
D;décourager;vt;;de dzi le ame îo.
D;découragement;m;;dzideleameîo.
D;découronner;vt;;de ku na ame, de ati ta.
D;découverte;f;;nufofo, nuyeye îoîo. aller  à  la-    îi  nu  kpo,  tsâ  nku.
D;découvrir;vt;;îo nu ve, wu nu nu.
D;;;un toit;klo hota, ko ho.
D;décréditer;vt;;gblê ame fe nko. décrépit    a    gbodzo,  hoho.
D;décret;m;;sedede, anyidodo. rendre  un-    do  nu  anyi,  de  se.
D;décréter;vt;;de se.
D;décrier;vt;;gblê ame nko, gblo amenya.
D;décrire;vt;;gblo ame hutinya, do.
D;;;la roule à q.;do dzesi mo na ame. décroissance   î   kakadekpoto,  dededa. décroître    vi    ka  de  kpoto. la  lune  décroit    gleti  le  kakam. la  tempête  décroît  ahomu  nu  le  tutum.
D;décrotter;vt;;klo, tutu nu. être  deçu  v  tsi  akpo  dzi.
D;dédaigner;vt;;do vlo ame. dédaigneux  a  dovlo,  vlui.
D;dédain;m;;vlododo.
D;dedans;adv;;me, eme, le nu me. en-    emegodzi,  de  me. en-  et  en  dehors    eme  kple  kogbe.
D;dédicace;f;;nunukoko, yayira. d'une  église    mawuho  yirazâgbe,  mawuhoyayira.
D;dédier;vt;;na nu ame abe bùbudzesi ene, yayira nu.
D;dédommagement;m;;nugblêîe, tefedodo. déd  —  déf
D;dédommager;vt;;tso nu de nu fe afodome, do teîe.
D;déduire;vt;;de nu Iso nu me ; — susu.
D;défaillance;f;;gbaîa, afetro. tomber  en-    gbafa  fo  ame,  afetro  tso  ame. défaillir    vi  gbodzo.
D;défaire;vt;;wu nu, tu ka le nu nu. se-  de  qc.    tso  nu  îu  gbe.
D;défaite;f;;gbegblê, awagbegblë. essuyer  une-    awa  gblê  ame,
D;défaut;m;;vodada, nusi mede blibo o.
D;défaveur;f;;amenumavemave. défectif    a  madeblibo. défectueux    a    madeblibo,  gblê.
D;défection;f;;megbedede.
D;défendre;vt;;wli nu ta, ho nya na ame, gbe nya. se  défendre    v    vvli  ame  dokui  ta.
D;défense;f;;nyagbegbe, tawiWli.
D;défenseur;m;;tawlila.
D;déférence;f;;amebubu, sosrôda. user  de-  envers  q.    srô  ame  da.
D;déférer;vt;;do nya ho, he nya de megbe.
D;défi;m;;nyadada de ame gbo, gedzidzi, gbetoame. mettre  q.  au-  de   ke  di  le  nukpe  ame.
D;défiance;f;;numadomado de ame nu. défiant    a    numadodeame  nuto.
D;défier;vt;;da nya de ame gbo. se  défier   medo  nu  de  ame  nu  o.
D;déficit;m;;agbadudu.
D;défigurer;vt;;gblê nu fe nonome.
D;défilé;m;;todzimo, hahafe. défiler    vi    to  nu  nu  yi. défini    a    pepepe,  tututu.
D;définir;vt;;de nu gome eme ko.
D;définition;f;;nugomedede eme nako. définitif    a  blibo,  dodoe.
D;défoncer;vt;;gbâ nu.
D;déformation;f;;nonomegbegblê.
D;déformer;vt;;gblê nu fe nonome, ha nu gôgô.
D;déformité;f;;ngnomegbegblê.
D;défrayer;vt;;he fe de ame ta.
D;;;la compagnie;do dzidzo na amewo. déî  —  dél
D;défricher;vt;;nlô anyigba, gudu anyigba.
D;défunt;m;;amekuku.
D;dégager;vt;;de nu da.
D;dégagement;m;;nudede.
D;dégarnir;vt;;de nuwo le nu me.
D;dégât;m;;gbegblê, nugugu. faire  du-    gblê  nu,  gu  nu.
D;dégeler;vt;;lolo (tsi babla lolo).
D;dégénération;f;;nonome gbegblê, dzodzomebubu.
D;dégénérer;vt;;bu dzodzome, tro nonome.
D;dégonfler;vt;;de yâ le nu me. dégoutter    vi    dza,  ge  tonutonu.
D;dégoût;m;;nunyô, nunyônu.
D;dégoûter;vt;;nyô nu na ame, ti ame. se-  de  qc.   nu  ti  ame. être  dégoûtant    v    nyo  nu,  ti  ame. dégradation    î    didi  ame  de  anyi.
D;dégrader;vt;;do vlo ame.
D;dégré;m;;kokome, dodo. dégrossir  du  bois    kpa  ati,  haîi  woava  srô  enu. déguenillé    a    vuvu,  nyâmâ.
D;déguisement;m;;alakpanuwowo, nonometotro.
D;déguiser;vt;;wo alakpanu, trô nonome. se  déguiser  v  wo  beligudu,  wo  zâgbeto,  do  amemo.
D;déguster;vt;;do nu kpo.
D;dehors;adv;;godo, gota, hihenu. en-  et  en  dedans  erne  kple  egodo,  eme  kple  kogbe. mettre  q.-  nyâ  ame.
D;déicide;m;;mawuwula.
D;déifier;vt;;subo nu abe Mawu ene, tso nu wo mawue.
D;déjà;adv;;hoho, vo, tsâ.
D;déjeuner;m;;ndinududu, ndibolo, zâtadede.
D;déjouer;vt;;he mo na nu.
D;delà;adv;;godo, go medzi. au  delà    adv  godo. délabré    a  hogbagbâ.
D;délabrer;vt;;gblê nu.
D;délai;m;;megbetsitsi, hehe de megbe.
D;;;pour se décider;azâdodo, nunubugi.
D;délaissement;m;;gbegblêdi. dél  —  dém
D;délaisser;vt;;gblê nu di.
D;délassement;m;;gbodeme, didideme. se  délasser    v    gbo  dzi  di,  de  me.
D;délateur;m;;sakpleto, amegomezola. délation    î    sakplesasa,  amegomezozo.
D;délayer;vt;;toto, blu nu de nu me.
D;;;du vin;toto \ "t kple tsi. délectable   a    vivi,  le  ade. délectation    î    agbedudu,  dzidzokpokpo.
D;délecter;vt;;do dzidzo na ame. se  délecter    v    dzo  dzi,  du  agbe. délégation   î  amedodo.
D;délégué;m;;ame dodo,
D;déléguer;vt;;do ame. délibération    î    tamebubu,  adanudodo. délibérer    vi    do  adanu,  bu  tame, délicat   a   boboe,  wudowudo. délicatesse    î    wudodo,  boboenono.
D;délice;m;;vivisese. faire  ses  s-  de    kpo  dzidzo  le  nu  nu. délicieux    a    vivi,  le  ade.
D;délier;vt;;de, tu nu, tu ka, de ka nu nu.
D;;;q. d'une obligation;de do le ame dzi. se  délier    v  lu.
D;délimiter;vt;;de liîo na nu, do liîo. délimitation    î  liîodede.
D;délinquant;m;;vodala.
D;délire;m;;tagbogbegblê.
D;délit;m;;vodada. être  pris  en  flagrant-    tsi  kpoti,  tsi  gbatsâ.
D;délivrance;f;;dede, hoho, dededa.
D;délivrer;vt;;de, ho ame, tso nu de asi na ame. délivres    fpl  ameno. déloger   vi+vt    do  li  ho;  —  nyâ  ame. déloyal    a    ameblela,  ayevôdola.
D;déluge;m;;tsidodogâ, tododo. démaigrir    vi    di  ku.
D;demain;adv;;etso, etso si gbona.
D;;;matin;etso ndi.
D;;;soir;etso fiêsi.
D;demande;f;;dzidzi, biabia, kukudede. Vocabulaire dém  —  dém faire  une-    de  kuku,  bia  nu,  dzi  nu.
D;demandeur;m;;amesamala, nubiala.
D;demander;vt;;bia, dzi nu, de kuku.
D;;;qc.;bia nu.
D;;;qc. à q.;bia nu tso ame si.
D;;;q.;bia ame ta, dzi ame.
D;;;pardon;bia tsotsoke, de kuku.
D;;;conseil;bia adanu.
D;;;de l'argent;bia ga le ame si.
D;;;vengeance;bia hlô.
D;;;à q.;bia ame se.
D;;;l'opinion de q.;bia ame gbe se.
D;;;son pain;bia nu.
D;;;à q. ce qu'il désire;bia gbe ame se.
D;;;la main d'une fille;bia nyonuvi ta. on  vous  demande    wole  tawô  biam. je  ne  demande  pas  mieux  :    melô,  ele  erne  nam.
D;démangeaison;f;;fiefie, dzodzro. démanger    vi    fie  nuti  na  ame,  dzro  ame. qc.  me  démange    nu  le  fieyem.
D;démarche;f;;azolizozo ; nonome. » avoir  une-  altière    zo  atsyozoli. démarrer    vi    ho,  dzo.
D;démêlé;m;;dzrè, nyawiwli.
D;démêler;vt;;he nya, de nu da, de vovo nuwo me_
D;déménagement;m;;dzodzo, wmvu. déménager    vi    vvuwu,  yi  aîi  bubu.
D;démence;f;;tsukuku, adawadzedze. se  démener    dagba,  dze  agbagba.
D;démenti;m;;riusesê de nu nuti.
D;démentir;vt;;sê nù de nu nuti.
D;démettre;vt;;de nu da ; doli (fu) to (afo to).
D;;;q. d'un emploi;de ame le do me. se  démettre   v   de  dokui  nu  me,  de  dokui  do  me. démeubler     vi    de  homenuwo  da.
D;demeure;f;;nofe, ho. établir  sa-    dze,  tso  afe. demeurer    vi    no,  le.
D;;;en ville;no du me.
D;;;en arrière;tsi megbe.
D;;;dans une maison;no ho me. dém  —  dén demi    a+m    afâ;  —  aîâsiniu deux  heures  et  demie    ga  eve  kple  afâ,  ga  eve ma  me.
D;demi-frère;m;;tovinutsu, îoîovi. demi-lune    î    gleti  kake.
D;demi-sœur;f;;tovinyônu, îoîovi.
D;démission;f;;ame dokui dede nume. donner  sa-    de  amedokui  do  me. demoiselle    î  nyonuvi.
D;démolir;vt;;tsyrô nu, mû nu îu anyi.
D;;;une maison;gbâ ho, mû ho îu anyi. démolition    î    tsotsyrô,    gbegblê,  kakâ,  gbagbâ, nerie.
D;démon;m;;abosam, gbogbo vôdi, gbetsivô.
D;démonter;vt;;de nu nu me. démontrable    a    nusi  woatenu  ado  kpo. démonstration     î  nuîiaîia.
D;démontrer;vt;;îia nu kote, de nu gome, wu nu me.
D;démoraliser;vt;;gblê nonome nyuie. dénégation    î    gbegbe,  nusesê.
D;dénicher;vt;;de ato.
D;denier;m;;ga, ho, nudzodzo ; agaga.
D;;;du culte;nudzodzo na Ha la.
D;dénier;vt;;se nu, mô nu, se nu de nu nuti.
D;;;qc. à q.;gbe nu na ame.
D;dénigrement;m;;amegomedudu, amenulïlï.
D;dénigrer;vt;;zo ame gome, lï ame nu.
D;dénombrement;m;;nuhehlêkpo.
D;dénombrer;vt;;hlô nuwo kpo. dénomination     î     ypyo,  nkotsotso.
D;dénommer;vt;;yo nko na ame.
D;dénoncer;vt;;tso ame nu, sa sakple. dénonciation    î  amenutsotso.
D;dénoter;vt;;îia dzesi.
D;dénoûment;m;;nya îe nuwuwu.
D;dénouer;vt;;de ka, tu nu. se  dénouer    v    nyi,  lolo,  wu. denrée    î    asitsanu,  asimenu. dense    a    titri,  do,  he. densité     î    dodo,  hehe. 9* dén  —  dép dent    î    adu  ;   tsyo  (animaux).
D;;;molaire;nyigli, tsyo.
D;;;de;sagesse wohee. cure-  adumedeti. brosse  à-  aduklpnu. mal  aux-  aduduame. avoir  mal  aux-    glâ  du  ame,  îu  du  ame, faire  ses-    to  adu. espace  entre  les-    aduto  me. grincer  des-    klê  adu,  du  adukli. tirer  une-    ho  adu,  de  adu. montrer  les-     klé  adu.
D;;;creuse;adu kuku. tartre  dentaire  adumi. dentelle    î    awu  nyuie  rionoe.
D;dentiste;m;;adutikewola. dénudation    î  amâdede. dénudé    a    fuflu,  foîloe.
D;dénuder;vt;;klo nu, de amamâ.
D;dénuer;vt;;de nu da le ame si.
D;dénuement;m;;îuîluinono, ziâ, ko. être  dans  le-  nya  hiâ.
D;déparer;vt;;gblê nonome.
D;départ;m;;hoho, tsotso, modzedze, yiyi, teteyi.
D;département;m;;anyigba fe akpa ; — dowofe.
D;départir;vt;;ma nu, dzidze nu. se-  de  qc.    de  asi  le  nu  nu.
D;dépasser;vt;;gbo ame nuti yi, to nu yi, gbo ame dzi,  îo  ame  ta,  du  ame  dzi  ;  —  kpasa ame  do.
D;;;les forces de q.;wu ako lia aine, glo ame.
D;dépecer;vt;;ma la, fli nu, tso nu me.
D;dépêche;f;;telegram.
D;dépêcher;vt;;do nu, do nu, de abla wo nu. dépêchez-vous    de  abla,  wo  kaba,  vvâ  de  nuti. se  dépêcher    de  abla,  fu  du,  wo  kaba,  fia,  \vâ.
D;dépeindre;vt;;ta nu, de nu îia, do dzesi nu.
D;dépendance;f;;kùkù de nu nu, — dutadzidufe. être  sous  la-  de  q.     no  ame  te, dépendances    îpl    honuhoe,  akpataflui. dép  —  dép
D;dépendre;vt;;de nu di, de nu nu nu. vi      ku  de  nu  nu,  ng  de  nu  nu,  ng  nu  te. cela  ne  dépend  pas  de  moi  :  metso  gbonye  o, mekam  o. dépens    mpl    gagbegblê,  gadudu. faire  qc.  aux-  d'un  autre  :    wo  nu  de  ako  na ame  bubu. dépense    î    gagbegblê,  hogbegblê,  gagugu. faire  face  à  la-    he  fe  de  nu  ta.
D;dépenser;vt;;na ga, gblê ga, zâ nu, zâ ga.
D;dépensier;m;;ahedala, ahedonula, gazâla. déperdition    î    gbegblê,  atrigbagbâ  nu.
D;dépérissement;m;;gbegblê, bubu, atrigbagbâ. dépérir    vi   gblê,  hlô,  lé  do,  gbâ  atri.
D;dépeupler;vt;;tsyrô duko.
D;dépiécer;vt;;ma, fli, dzâ nu.
D;dépister;vt;;do la, do afo na là.
D;dépit;m;;domeveve, dziku, adâ. concevoir  du-    do  domedzui,  wo  adâ.
D;déplacer;vt;;tso nu do afi bubu. se  déplacer   v   yi  afi  bubu. déplaire    vi    medze  ame  nu  o.
D;déplaisance;f;;riumadzemadze.
D;déplaisir;m;;riumadzemadze. déplaisant    a    numadzeto,  madzeamenu.
D;déplier;vt;;mlo nu, wu nu, he nu me, vlu nu me. déplorable    a    wo  nublanui,  nublanuito.
D;déplorer;vt;;fa konyi, nu ve ame de nu ta.
D;déployer;vt;;ke, ka nu, mlo nu, kaka nu, he nu me.
D;;;du zèle;dze agbagba.
D;;;les voiles;do abala.
D;déplumer;vt;;nyô nu, tu nu, bebe fu le koklo nu. se  déplumer   v   fuwo  nyô  le  hevi  nu,  doli  fu.
D;dépopulation;f;;dukotsotsyrô.
D;déporter;vt;;nyâ ame yi duta.
D;déposer;vt;;de nu di, tso nu de asi na ame, dra nu  di.
D;;;le fardeau;dro agba di, lé agba di.
D;;;q. de sa charge;de ame le do me. dép  —  dér déposition    î    amedede  le  do  me,  —  dasedidi. faire  sa-    di  dase  le  nu  nu.
D;déposséder;vt;;de nu le ame si, ho nu le ame si.
D;dépôt;m;;nudzradoîe ; nutsotso de asi na ame. mettre  qc.  en-  chez  q.    do  nu  ame  gbo,  da  nu  de ame  gbo.
D;;;de;marchandises agbadzradofe.
D;;;(soldats);asada, gbadagbawo îe ho.
D;dépouille;f;;lâgolo, lâgbalë, — aboyonu.
D;dépouillement;m;;adzodada; — asidede le nu hu.
D;dépouiller;vt;;de nu di.
D;;;un animal;ko lâ, tre golo.
D;;;Parbre de Pécorce;de tsro ati nu, tre (de) bo ati.
D;;;q. de qc.;ho nu le ame si. se-  de  son  habit    de  awu  di.
D;dépourvoir;vt;;de, de nu di. être  dépourvu    nii  ziâ  ame.
D;dépravation;f;;gbegblê, vovôdi. dépravé    a    vôdi,  bada,  busuto.
D;dépraver;vt;;gblê ame, gblê nonome nyuie. déprécation    î    kukudede,  afolélé.
D;déprécier;vt;;gblê nu, do vlo (nu), déprédation    î    adzodada  ;  —  agbadudu. dépression  î     dodede,  goglofe,  abudife,  Avêdzedze.
D;déprimer;vt;;te ame de anyi.
D;depuis;adv;;tso geyigi mâmeke. députation    î  amedodowo.
D;député;m;;amedodo.
D;députer;vt;;do ame, do ame do da.
D;déraciner;vt;;de ke, ho ati, de ke nu te.
D;dérangement;m;;fudede, kplamatsedodo, basa- basa,  gbegblê.
D;déranger;vt;;nyamâ ame, toto nu, de îu na ame. déraisonnable    a  numanyamanosito. déréglé    a    bada,  gbegblê,  dovo.
D;dérégler;vt;;toto nu, gblê nu. dérision    î  amekoko.
D;dériver;vt;;fia nu îe dzofe, tro nu tso nu gbo, tso  nu  me.
D;;;de;l'eau : de tsi. der  —  dés dernier   a    mamleto,  mloeto,  mleto.
D;dernièrement;adv;;nyitso, wë ko, eteîe medzi- dzi  o. à  la  dérobée    adv    le  adzame,  le  bebeme.
D;dérober;vt;;îi nu, wli nu le ame si, de nu ame dzi. dérogation    î    vodada  le  nu  nu,  nume  gbegblë. déroger    vi    da  vo  le  nu  nu,  tro  nu,  gblê  nu  me.
D;dérouler;vt;;vlu nu, mlo nu, mlo nu me.
D;déroute;f;;awasisi, awagbegblê. être  mis  en-    avva  gblê  ame,
D;dérouter;vt;;tra mo, kplo ame bu. se  dérouter    v    bu  mo,  tra  mo.
D;derrière;adv;;megbe, yôme, godo, le nu godo, le nu  ha. là-    aîimâ,  le  nu  megbe.
D;;;la maison;le ho megbe. par-  megbemegbee. il  est-  moi    ele  megbenyè. il  me  saisit  par-    eto  megbenyè  va  lém.
D;derrière;m;;megbe, ago, agonu, anlonu, gogo, gbi.
D;dès;prép;;tso. dès  lors    Pesiata,  eyanuti,  eyata. dès  Paube    tso  nukeke,  tso  fôrïoli  ke.
D;désabuser;vt;;wu riku na ame, de abi dzigbo na ame,  de  ke  le  ame  gome,
D;désaccord;m;;gbe masomaso, dikeke.
D;désaccorder;vt;;gblê nya le amewo dome, désagréable    a    nusi  mevivi  o,  riumadzeto.
D;désaffection;f;;malômalô, fulele.
D;désagrégation;f;;gbagbâ, gbegblê.
D;désagréger;vt;;gbâ nu. se  désagréger    v    nyi,  mû  dze  anyi. se  désaltérer    v    di  ko.
D;désappointer;vt;;flu ame.
D;désappointement;m;;amebeble.
D;désarmer;vt;;ho awawonuwo le ame si.
D;;;la colère de q.;fa ako na ame.
D;désarroi»;m;;bublu, toto.
D;désastre;m;;dzogbevôe, nyavôe. 132  dés  —  dés désastreux    a  dzogbevôeto.
D;désavantage;m;;gùgu, bubu.
D;désaveu;m;;gbegbé, nusesê.
D;désavouer;vt;;gbe nu, se nu, ka mo na ame.
D;;;q.;gblê ame di. descendance    î    dzodzome,  fome,  dzidzimetsotso.
D;descendant;m;;megbemegbevi. descendre    vi    di,  yi  anyi.
D;;;chez q.;dze ame gbo.
D;;;de cheval;di le so dzi. descente    î  anyididi. description    î    nunutinya  gbogblo.
D;désemplir;vt;;de nu le nu me.
D;désenchaîner;vt;;de ka, de ga ame.
D;désert;m;;gbedzi, alifo, gbedadafo.
D;déserter;vt;;gblê ame di.
D;;;(à la guerre);si awa.
D;déserteur;m;;awasila, sila. désertion    î    awasisi,  sisi. désespéré    a    ame  si  bu  nudodo. désespérer    vi    bu  dzidodo.
D;désespoir;m;;dzigbagbâ, dzidodobubu.
D;déshabiller;vt;;de awu le nuti na ame, de awu ame  nu. se  déshabiller    v    de  awu  di,  tsra  ame.
D;désherber;vt;;rilô gbe.
D;déshériter;vt;;gbe domenyinyi na ame. déshonnête     bleame,  vlo.
D;déshonneur;m;;m&bumabu, nukpe.
D;déshonorer;vt;;do vlo ame, sukpa ame. désignation    î    dzesidede,  yoyo.
D;désigner;vt;;fia dzesi.
D;désinfecter;vt;;yo nu.
D;désintéressement;m;;gomemakpomakpo. se  desintéresser    v    de  asi  da  le  nu  nu.
D;désir;m;;dzidzi, dzodzo, vo. désirable    a    nusi  wodzina  vevie.
D;désirer;vt;;dzi nu, biâ nku de nu nu. désireux    a    bianu,  bianku. désister   vi   de  asi  le  nu  nu.
D;désistement;m;;dokuidede le nu nu. dés  —  dés désobéir    vi    medo  to  o,  mese  ame  gbe  o. désobéissance    î  tomadomado. désobéissant    a    madoto,  tomadoto. désobligeance    ï  amemalômalô. désolation    î    tsotsyrô,  nyamânyamâ,  konyiîaîa.
D;désoler;vt;;ve dome na ame. se  désoler    v    ha  nu,  îa  konyi. désordonné    a    bada,  dzeha.
D;désordre;m;;wunyavCunya, basabasa.
D;désorganisation;f;;gbegblê.
D;désormais;adv;;tso fifi heyina.
D;despote;m;;riutasêdzidula, nutasêla.
D;despotisme;m;;riutasesê.
D;dessaisir;vt;;tso nu le ame si. se  dessaisir   v   klâ  dokui  da  le  nu  nu.
D;despotiquement;adv;;nutasêtoe. desséché    a    fufu,  yoyiro,  diku.
D;dessécher;vt;;yiro, îu nu, wo nu wô aîu. se  dessécher    v    lu  he,  yiro,  tso  (fleuve).
D;desseller;vt;;de sokpa da.
D;dessein;m;;tamedodo. à-    kple  dzodzro.
D;dessert;m;;numedenu.
D;desservir;vt;;îo nuwo le kplô dzi.
D;dessin;m;;tata.
D;dessiner;vt;;ta nu.
D;dessous;m;;anyinu, gome,
D;dessous;adv;;le nu te, le nu gome, dome. avoir  le-    tsi  nu  me,  do  asrâ. en-    le  nu  te.
D;dessus;adv;;le nu dzi, dzi, dziîo.
D;destin;m;;aklamâ, dzogbe, afâ, kpa. consulter  le-    dzidze,  kpa,  ka  afâ.
D;destination;f;;deîe, doîe.
D;destiner;vt;;do nu.
D;;;qc. à q.;do nu na ame.
D;destituer;vt;;de nu da.
D;;;q. de son emploi;de ame da le do me.
D;destitution;f;;dededa. destruction    î    tsotsyrô,  gbegblê.
D;désunion;f;;mamâ, dekamavomavo. dés  —  dét créer  la-    do  adigba.
D;désunir;vt;;gblê amewo dome,
D;détachement;m;;gbegbe, asidede le nu nu.
D;détacher;vt;;de ka nu nu, lu nu.
D;detail;m;;nya dekadeka.
D;détailler;vt;;ma, ka, îli nu dekadeka. détaler    vi    si,  dzo. se  déteindre    v  klo.
D;détenir;vt;;lé nu de asi. détention    î    gamenono,  nudzizizi.
D;détériorer;vt;;gblê nu, nyi nu.
D;déterminer;vt;;wu nu nu, do tame, do nu anyi.
D;;;d'avance;do nu anyi di.
D;déterrer;vt;;ku nu, de nu, ho nu. .  détestation    î    nunyô,  tsitsri. détestable    a    vô,  nyôhu,  vlo,  si  dze  be  woatsri.
D;détester;vt;;lé îu nu, tsri nu (ame). détonner  vi    gblê  ha  îe  gbedidi,  de  kpeye  ha  me, détonation    î    tu  alo  aprim  fe  didi.
D;détour;m;;totro, — adanudui, adariudodo.
D;;;du;chemin mo îe totro, mo fohlâ, (godô mo). détournement    tsoiso,  îiîi.
D;;;d'argent;agbadudu.
D;détourner;vt;;tro nu tso nu gbo; — de (tro) zâha. se  détourner  v   dzo,  tro  dzo  le  ame  gbo,  de  mo  da.
D;;;q. de son devoir;de ame da le do gbo, do kuvia  do  na  ame.
D;;;le sens;tro nya fe gome.
D;;;les yeux;de nku da, de mo da.
D;détraquer;vt;;gblê nu, toto nu.
D;détremper;vt;;de tsi nu, da nu.
D;;;de la chaux;da akalo. détresse    î    haha,  hiahiâ,  dzikatsoîo,  ziâ. cri  de-    asiîufuinu,  abobokpakpa. être  dans  la-    ziâ  (hiâ)  tu  ame,  haha.
D;détriment;m;;nuveviwpwo, gbegblê, bubu.
D;détroit;m;;fuhahefe.
D;détrônement;m;;îiazikpuihoho le ame si, îiadede le  ame  dzi. dét  —  dév
D;détrôner;vt;;de ame le îiazikpui dzi, de fia le ame dzi.
D;détruire;vt;;mû nu îu anyi, tsyrô nu. dette    î    îè,  fènyinyi,  —  fodidi, éteindre  la-    he  fè,  tu  fè  vo. recouvrer  la-    lï  îe.
D;deuil;m;;konyifâfâ, funyinyi, lutu. porter  le-   ha  nu  le  ame  nu,  le  lutu  me. sortir  du-    de  lutu  di. deux    a  eve.
D;;;à-;eve kple eve. tous  les-  wo  kple  eve,  siâ  (noviwo  kple  eve),
D;dévaliser;vt;;da adzo, tso nu adzui, ha nu ame si.
D;devancer;vt;;le ngogbe na ame, dze (gbo) ame. nuti,  tre,  tu.
D;devant;adv;;rigo, ngogbe, le nu ngo. prendre  les  -s      do  ngogbeîo. venir  au-  de  q.    do  go  ame,  kpe  ame. dévastation    î    tsotsyrô,  gbegblê.
D;dévaster;vt;;tsyrô nu, gblê nu.
D;développement;m;;tsitsi, nyuiedzedze, dzedze.
D;développer;vt;;wo nu woadze nyuie, tsi de dzi. devenir    vi    tro  zu,  dze,  zu.
D;déverser;vt;;bi, bo, via, ku nu, dze.
D;dévêtir;vt;;de awu di.
D;déviation;f;;totro, motatra, mobubu.
D;dévier;vt;;tra, dze de aga dzi, tra mo, tra le nu dzi.
D;dévider;vt;;îilo nu, mlo nu me.
D;dévidoir;m;;ata, agbako.
D;devin;m;;afakala, nukala, bokonua, bokono. devineresse    î    nyônu  afakala,  trôsi. deviner  '  vt   gblo  nu  di,  da,  de  adzo  gome, devinette    î  adzo. proposer  une-    to  adzo. résoudre  une-    de  adzo  gome,
D;dévisager;vt;;kpp ame dû. devise    î    abe,  lododo,  nyatsiatsia.
D;dévisser;vt;;tro nu le nu nuti.
D;dévoiler;vt;;klo nu, de nu le nu dzi, de nu fia.
D;dévoilement;m;;nudedefia. dev  —  die
D;devoir;m;;dowgna, do. c'est  mon-    enye  nye  do  ;  edzem,  nye  dowonae. faire  son-    wg  de  do  dzi,  wg  ame  îe  do.
D;devoir;vt;;nyi îè le ame si.
D;dévorer;vt;;du nu, mi nu. être  dévolu  à  kpo  gome  le  nu  me,  kpo  de  le  me. dévot    a    vômawu,  dzodzoe. dévotion     î     Mawusubodg,   luvvo   îe  dokuinana Mawu  le  gbedododa  me.
D;dévoûment;m;;dokuitsgtsg na. se  dévouer    v    iso  dokui  na  nu. dextérité    î    adanudzedze,  ayedzedze  le  dowgwg me.
D;diable;m;;abosam, légba. diabolique    a  abosamtg.
D;diacre;m;;diakono.
D;diadème;m;;îiakuku.
D;dialecte;m;;gbegbggblg.
D;dialogue;m;;asemkaka le ame eve dome, ame eve fe  dzedodo.
D;diamant;m;;kpe hoasi, lotamekpe.
D;diamètre;m;;îli le nu titina, titreme. diaphane    a    lâhê,  yiralê,  klê  to  nu  me. diarrheé    î    kpetalele,  mitsinyenye,  dgmedede.
D;dictateur;m;;dzidula. dictée   î    nyayoyg  na  ame  be  woanlo.
D;dicter;vt;;y g nya na ame be woanlg. diction    î  nyagbggblo.
D;dictionnaire;m;;nyawoggmedegbalê, gbesela. diète    î    nudududodg  ;  —  takpekpe. Dieu    m  Mawu. à-  ne  plaise    Mawu  na  gbe. agneau  de-    Mawu  fe  alévi. crainte  de-  Mawuvovô. Fils  de-  Mawuvi. foi  en-    Mawu  dzi  hgse. royaume  de-  Mawuîiaduîe. service  de-  Mawusubgsubg. Homme-Dieu    m    Mawu  zu  Amegbetg. faux  dieu    m    trô,  vodu. diî  —  din
D;diffamation;f;;ameriulïlï, amegomedudu, amenko gbegblê.
D;diffamateur;m;;amegomedula, amenulïla, amenko- gblêla.
D;diffamer;vt;;lï ame nu, fo ade di ame, du ame
D;différer;vt;;to vovo; — he nu de megbe, te nu de gome,  gblê  ame  nko.
D;différence;f;;vovo, vovototo.
D;différencier;vt;;de vovototo nuwo me. se  différencier    v    to  vo  tso  nu  gbo.
D;différend;m;;vovototo, — avu, dzrè. différent    a  vovovo. aga,  do  nyazâ.
D;différer;vt;;to vovo; — he nu de megbe, te nu de. difficile    a    sesê,  tri  (Ewegbe  tri,)
D;difficulté;f;;nu sesê, nya sesê. difforme    a    nyônu,  manyo.
D;difformité;f;;manyomanyo, nonome gbegblê. diffus    a  kaka.
D;diffusion;f;;nukaka.
D;digérer;vt;;fâ (nu) le do me, fafâ.
D;digestion;f;;îafa le do me. digne    a    nyui,  dze  na  bùbu.
D;dignité;f;;bùbu, gânyenye, wudodo.
D;digue;f;;anyikpo le îu alo tosisi nu.
D;dilacérer;vt;;vuvu nutilâ na ame, vuvu, dzi.
D;dilapidation;f;;ahedada nu, agbadudu.
D;dilapider;vt;;da ahe, du agba.
D;dilatation;f;;kekeme, numehehe, kekededzi. dilatable    a    dedë,  dranyi.
D;dilater;vt;;kaka, keke nu de dzi.
D;dilection;f;;lolô.
D;diligence;f;;veviedonu, adivewowo, nuteîewowo, kpakpladzinono. diligent    a    dovevie  (le  nu  worn),  veviedolanu.
D;dimanche;m;;kwasidagbe.
D;;;des Ramaux;adefôwoho kwasidagbe.
D;dimension;f;;lolome. diminuer    vi    tro  zu  sue,  wo  wë.
D;;;vt;de nu le nu nu, kika nu ka.
D;diminution;f;;wëwowo, nudede.
D;dinde;f;;dokuno. din  —  dis
D;dindon;m;;doku, dokutsu.
D;dîner;m;;ndo me nududu, ndonu. inviter  q.  à-    yo  ame  ve  kplô  nuti. diner    vi    du  ndome  nu.
D;diocèse;m;;episkopo îe dzidufe. diplomatie    î    dziduduriu  fe  adanudodo.
D;diplôme;m;;-dasegbalê, dasedigbalê.
D;dire;vt;;gblo nu, be, to, tsi, ka, lu. on  dit    wogbloa  be. on  dirait  que.  .  .    ewo  abe  de.  .  .  ene.
D;;;qc. à q.;gblo nya na ame.
D;;;toute sa pensée;gblo nya îa. que  veut-  cela    egome  de  ? direct    a    tututu,  zieka,  tê.
D;directeur;m;;nunola, dzikpola, nua. direction    î   ngobenono  nunono;  —  lofo. diction    î    nufiafia,  tadofe.
D;dirigeable;m;;yamewu.
D;diriger;vt;;fia mo, kplo, fia, do ta.
D;discerner;vt;;de vovo nuwo me. disciple    a  nusrôla. discipline    î    nufiafia,  amehehe  ;  —  atam.
D;discipliner;vt;;he ame.
D;discontinuer;vt;;dzudzo nuwowo. disconvenir    vi    sê  nu  le  nu  riuti.
D;discorde;f;;dzrê, nyavviwli, avùwowo. discourir    vi    gblo  nya.
D;discours;m;;nufofo, nyagbogblo. préparer  un-      do  nya. faire  un-    gblo  nya. discourtois    a  madowu. discrei  (a)  être-    wo  dodpdo,  dzâdzâdzâ,  dowu,  lé nya  de  dome,
D;discrédit;m;;nkogbegblè.
D;discréditer;vt;;fo ga de ame ta, do nukpe ame, ta ame,  sukpa  ame.
D;discrétion;f;;tamebubu, vvudodo, nyalélé de dome. à-    sigbe  alesi  wolô  ene.
D;discussion;f;;dikeke, nufofo le nu nu.
D;discuter;vt;;ke di, fo nu le nu nu, lé nya kpo.
D;disette;f;;donoli, hiâhiâ, ziâziâ, nuvegi. dis  —  dis
D;disgrâce;f;;amenumavemave, amenumadzemadze.
D;disjoindre;vt;;ma nu da, de nu le nu nu.
D;disloquer;vt;;to, ka nu, kaka nu. disparaître   vi   bu,  bu  vï,  do  zidui,  —  tsi  hodome. faire-  qc.    fi    nu  glâ. disparité    î    vovototo,  masomaso. disparition    î    bubu,  dzodzo,  zidodo.
D;dispensaire;m;;atikedzrafe. dispensation    î    numamâ  na  ame,  dodo,
D;dispense;f;;mokeke, monana, gbenana. dispension    î    dede  le  me.
D;dispenser;vt;;ma nu na ame, de nu ko na ame; —  ke  mo. dispersion    î  nukaka.
D;disperser;vt;;kaka nu, wu nu, ka nu, hlê nu. se-    ka,  klâ.
D;disposer;vt;;do nu anyi, dzra nu do.
D;disposition;f;;dodo, ememamâ ; — dzi, dzigbo. à  ma-    le  nye  riusê  me. disproportion   î  masomaso.
D;dispute;f;;dikeke, nyahehe. disputer    vi    ke  di,  he  nya,  he  nuka,  tso  anuku. se-  qc.    wli  nu.
D;disqualifier;vt;;wo nu wôazu manyomanyo.
D;dissemblance;f;;vovototo, madimadi.
D;disséminer;vt;;wu nu, kaka nu.
D;dissension;f;;nyavviwli, gbemanodeka. disserter    vi    îo  nu  tso  nu  nuti. dissidence    î    mamâ,  dzrè.
D;dissimilitude;f;;vovototo.
D;dissimulation;f;;alakpanuwowo. user  de-   wo  alakpanu.
D;dissipation;f;;tamebubususu, tamemanoafideka; — ahedada.
D;dissipateur;m;;nugula.
D;dissiper;vt;;da ahe, gu nu. se  dissiper    v    susu  tame  bubu.
D;dissolution;f;;nyinyi, mamâ. * dissonance    î  gbemasomaso
D;dissoudre;vt;;de nu da. se  dissoudre    v  nyi. dis  —  dix
D;dissuader;vt;;hlô nu ame, gbe nu. distance    î    didife,  adzoge. distinct    a    vovo,  tohe. distinction    î  vovototo. distingué    a    nyuieto,  nkuta.
D;distinguer;vt;;de vovo nuwo me. distraction    î    tamemanoafideka,  tamekaka.
D;distraire;vt;;na ame îe tamesusu nadzo le nu dzi. être  distrait    v     ame  fe  tame  kaka,  ame  fe  tame mano  aîideka.
D;distribuer;vt;;ma nu na ame. distribution    î    numamâ  na  ame.
D;district;m;;anyigba fe akpa deka.
D;dito;adv;;eyake, emake. divers    a  vovovo.
D;diversité;f;;vovototo, bubu fomevi. divertissant    a    nukokuito,  donukokui. distributif    a    manu,  si  mâa  nu. divertissement    dzidzokpokpo,  agbedudu,  plasiwo- wo. se  divertir   v   du  agbe,  kpo  dzidzo,  de  modzaka.
D;divertir;vt;;do modzeanyi na ame, de modzaka na ame,  do  nukokui  na  ame. divin    a    mawuto,  kokoe. divination    î    aîakaka,  nukaka. divinisation    î  mawuzuzu. se  diviniser   v   tro  zu  mawu. divinité    î  Mawunyenye.
D;diviser;vt;;ma nu me, do nu vovovo, tso nu.
D;division;f;;mâ, numamâ.
D;divorce;m;;srôgbegbe. se  divorcer   v    gbe  srô.
D;divulguer;vt;;kaka nya, de gbe îâ, gbâ nya de amewo  dome, divulgation    î    nukaka,  gbefâdede. dix    a  ewo. dix-huit    a  wuienyi. dix-neuf    a    wuiasike,  wuienyide. dix-sept    a  wuiadrê. dizaine    î    woame  ewo. dixième    a  ewolia. doc  —  don docile  a+m    doto,  senu  ;  —  tonusela,  amegbesela.
D;docilité;f;;tododo, tonusese.
D;docteur;m;;atikewola, doyola ; — nufialagâ, nu- nyala.
D;doctrine;f;;nufiafia.
D;document;m;;dasedigbalê, dodokpogbalê, nyadede- fiagbalê.
D;dogme;m;;nufiafia le Mawu nuti.
D;doigt;m;;asi, asibide, alovi.
D;petit-doigt;m;;asi kotoe, asi kotoeto. 1)  pouce,  2)  index,  3)  doigt  du  milieu,  4)  annu- laire, 5)  auriculaire  :  1)  adegblêfetsu  ; 2)  mofiala,  nyagblosi,  nufiasi  ;  3)  asifia, dometo  ;  4)  fiayometo  ;  5)  asibide  kotuia, kotoeto.
D;dol,;m;;amebeble, ayevôdodo. user  de-    ble  ame,  do  ayevôe.
D;doléance;f;;hiahiâ, a konyifaîa.
D;dollar;m;;Amerika ga : frâ atô, dola.
D;domaine;m;;nu, asimenu, nukpokpo ; — anyigba.
D;dôme;m;;mawuho gâ ; hotame glôlô (dzewe).
D;domesticité;f;;subolawo, subovinyenye.
D;domestique;m;;subola. domestique   a  afeméto.
D;domestiquer;vt;;mlâ la.
D;domicile;m;;afe, amenofe, anyinofe,
D;domination;f;;dzidudu.
D;dominer;vt;;du (nu) ame dzi.
D;domino;m;;fefe ade.
D;dommage;m;;nugbegblê, bubu.
D;domptement;m;;lâmamlâ.
D;dompter;vt;;mlâ la. se-    lé  dokui.
D;dompteur;m;;lâmlâla.
D;don;m;;nunana, nukeke ; nunyanya. il  a  des  -s    tame  le  si. faire  un-  à  q.    tso  nunana  na  ame,  na  nu  ame.
D;donateur;m;;nunala. donc    cj    gô  ;  hâ;  aie;  eyata,  esiata.
D;donjon;m;;gahome.
D;donner;vt;;na. Vocabulaire don  —  dos donner  qc.  à  q.    na  nu  ame,  tso  nu  na  ame  ;  tso nu  de  asi  na  ame.
D;;;de;Pargent na ga ame. t donne-moi  ce  bâton    tso  ati  sia  nam.
D;;;une permission à q.;na mo ame.
D;;;en échange;tso nu dado li.
D;;;sa vie pour q.;sa vo dokui de ame ta.
D;;;à têter un enfant :;na no devi.
D;;;du courage à q.;de dzi fo na ame.
D;;;des enfants à q.;dzi viwo na ame.
D;;;de Pombre;do vovôli.
D;;;contre;kli, to, tu, fo nu, yru.
D;;;droit;de mo na ame.
D;;;la faute à q.;bu fo ame.
D;;;une mauvaise réputation à q.;gblê ame fe nko.
D;;;son assentiment;lô de nya dzi.
D;;;des louanges;kafu ame.
D;;;la main à q.;na asi ame.
D;;;contre un arbre;kli ati.
D;;;dans le sens de q.;wo deka kple ame.
D;;;de Pépée;dza yi ame.
D;;;sur les doigts à q.;fo asibide na ame. se-  de  la  peine   dze  agbagba. se-  du  bon  temps    du  agbe. s'en-    du  agbe.
D;dont;pr;;amesi, si.
D;dorénavant;adv;;tso egbe fe nkeke.
D;dorer;vt;;fa sika de nu nu.
D;dorloter;vt;;wo vivi na ame. dormir    vi    do,  do  alô. aller-    yi  doho,  mlô  anyi.
D;;;à la maison;do ho me.
D;;;à la belle étoile;do hehenu. passer  une  nuit  sans-   do  nu. dormez-bien    do  nyuie,  do  agbe  nyuie. mon  bras  dort   yiyi  de  gam.
D;dortoir;m;;anyimlofe.
D;dos;m;;me, megbe, tume.
D;;;(appui);medefe. se  coucher  sur  le-    dze  ne,  mlo  nedze. appuyer  le-  contre    de  me  nu. dot  —  dre courber  le  dos    do  dogôe,  lugu. nager  sur  le-    fu  riedztsi,  fu  nenetsi. tourner  le-  à  q.    tro  megbe  de  ame,  gbe  ame. porter  un  enfant  sur  le-   kpa  vi. dot    î    srôdenu,  sanu,  kedonu.
D;doter;vt;;wo srônu, wo sanu.
D;douane;f;;adzohofe, dênu.
D;douanier;m;;adzohola, dênunola. double    a    tefe  eve,  ameve,  akpa  eveto.
D;doubler;v;;wo nu wôazu eve, wo fo kpli.
D;doublure;f;;avo dede awu îe dome,
D;doucement;adv;;blewu, dododo. douceur    î    domenyonyo,  tufafa,  tudzeanyi. doué    a  tamekokoto. douleur   î   veve,  vevesese,  îu. éprouver  de  la-  se  veve. douloureux  a  kpefu,  veve.
D;doute;m;;adikadodo, dikeke. sans  aucun-    nyatefe,  ele  eme  vavâ. douteux   a    dikeke  le  eme. douve    î  atigoti. doux   a    vivi,  nane,  îatu,  fafe. être-    fa  tu,  fa  dzime.
D;;;au toucher;boboe, bidibidi.
D;;;au goût;vivi, lé ade.
D;;;à l'ouie;dze to, vivi. douzaine    a   woame  wuieve. douze    a  wuieve.
D;doyen;m;;amehoho.
D;dragée;f;;kpetike.'
D;dragon;m;;da gâ.
D;drame;m;;fefe.
D;drap;m;;avo, awu, do.
D;;;de;lit abadzivo. être  dans  de  mauvais-  s,   le  haha  me.
D;drapeau;m;;aflaga. hisser  le-    si  aflaga. descendre  le-    didi  aflaga. être  dans  de  mauvais-  s,    le  haha  me.
D;drapérie;f;;avo, awu.
D;dresser;vt;;fo nu, fo nu de tsitre; — nyi ame. 10* dro  —  duv
D;;;des animaux;mlâ là. se  dresser    v    tsi  tre. dresser  l'oreille    do  to  nyuie. drogue   î  atike,  amâtsi. droguerie    î    atikewofe,  amâtsiwofe.
D;droguiste;m;;atikewola, amâtsiwola.
D;droit;m;;nu dzodzoe, dzodzo ; — nusê ; — adzo. selon  le-   le  se  la  nu,  le  nyadzodzoe  nu. s'aroger  un-  ho  nu  îu  ako,  de  ho  ame  nu,  de  to  de ame  nu. payer  des  -s    na  adzo. à  bon-    kple  dzodzoe. avoir  le-  de   kpo  mo  (nusê)  be . . .
D;;;d'aînesse;ngogbevinyenye. droit    a    dzodzoe,  sosoe,  nyui. tout-  tê,  kô. droite  nudusi. à-    le  nudusi  me. droiture    î    nuteîewowo,  dzodzo. drôle    a    dikokoe,  îlui.
D;dromadaire;m;;kposo kpodeke. dru    a    kpô,  kusû,  kotô. dû    a    nusi  edze.
D;duc;m;;amegâ, tato, dzidula ade.
D;duel;m;;ame eve îe avvawowo.
D;dupe;m;;bometsila, abuneto.
D;duper;vt;;ba, ble, îlu, taîu ame. duperie    ameîlunu,  beble. duplicité   î   dzimevètonyenye,  adeveetonyenye. dur    a    sesê,  trikpâ,  kplatsâ. durable    a    dô,  lô,  noanyidzidzie. être-  dodô. durabilité    î    vvudgdo,  anyinono  dzidzie.
D;durcir;vt;;wo nu woasênu, sênu. durée    î    anyinono,  azâhoho. durer   vi   no  anyi  dzidzie  ;  ho  azâ  de  ngo. cela  dure  dix  jours  eho  (ede)  nkeke  ewo. dureté    î    sesê,  dzimesesê,  nutasesê,  kelili.
D;;;de;caractère nlomiwowo.
D;duvet;m;;heîu boboe, yevukpakpaheîu. dyn  —  éca
D;dynastie;f;;fia fe kome, fia fe fome.
D;dynamite;f;;du sesê ade.
E;dysentérie;f;;sisinyenyê, sisi, wunyenyê. avoir  la-    sisi  le  ame,  nyê  wu.
E;eau;f;;tsi.
E;;;sale;tsi blit
E;;;baptismale;Mawutsi.
E;;;bénite;tsi kgkge.
E;;;douce;tsi nyiïie, tsi vivi.
E;;;saumâtre;dzetsi, tsi vudui.
E;;;stagnante;tsi tsokpo. brasser  de  V-    blu  tsi. faire  -(navire)      (wu)  le  dudum. goutte  d'-    tsifoti,  tsigege  tonton. recueillir  V-  de  pluie    tro  tsi,  tsyo  tsi.
E;eau-de-vie;f;;ahasesê.
E;s'ébahir;v;;ame îe mo wo y à.
E;ébauche;f;;tata.
E;ébaucher;vt;;ta nu, kpa nu, lâ nu
E;ébène;f;;atiyi, dzeti yibo, wuyi.
E;éblouir;vt;;du nkume na ame, klë de nku na ame.
E;éblouissement;m;;beble, motatra, nkume dudu.
E;éboulement;m;;mumû dze anyi, anyidzedze.
E;ébrancher;vt;;tso alodze di, lâ alodze da.
E;ébranlement;m;;dzodzo, wawâ.
E;ébranler;vt;;\va nu, nyamâ, dzobo nu. ébréché  (être-)  ka. le  couteau  est-   he  la  fe  nu  ka. ébriété  .  f  ahamumû.
E;ébruiter;vt;;do nya, de gu nu, kaka nya de amewo dome.
E;s'ébruiter;v;;do amewo fe to me, de du.
E;ébullition;f;;tsi fe fiefie. être  en-    fie,  to,  nu  le  totom.
E;écaille;f;;tsro, akpatsa. (s*)  écailler  vt  de  tsro,  te  wu,  flo  tsro  le  lâ  nuti.
E;écale;f;;tsro. 146  éca  —  éch écarlate    a    dzê,  biâ  dzê.
E;écarquiller;vt;;dra nu, ke nu me.
E;écart;m;;agayiyi, totro. à  F-    de  aga,  aga  dzi,  le  adzoge. se  tenir  à  Y-    de  dokui  de  aga.
E;écarter;vt;;ka nu me, dra nu, de nu da.
E;;;les jambes;ke ata me. s'écarter    dze  aga,  îo  asa. être  ecchymosé    do  vvusrâ,  tso  Wusra.
E;;;ecclésiastique;a hameto. histoire-    Hame  îe  nutinya.
E;ecclésiastique;m;;mawununola.
E;échafaud;m;;agba ; — amewugba.
E;échafaudage;m;;agba.
E;échaias;m;;ati. échange    î    lidodo,  dudo;  adzo. article  d'-    nudonu,  adzonu. commerce  par-   nudodo,  adzododo. recevoir  qc.  en-  de   ho  nu  de  nu  nu.
E;échanger;vt;;do li nu, do nu, dudo nu, do adzo.
E;échantillon;m;;kpodenu. asiîiâ, sampli. échappée   î    gahonene,  sisi.
E;échappement;m;;sisi, dzodzo. échapper   vi    si,  dzo,  bu  de  ame. laisser-  un  soupir    de  hû.
E;;;des mains des ennemis;si le îutowo si me.
E;;;à;un danger si de edokui, ge le afoku si me. ce  mot  lui  est  échappé    nya  la  ge  le  enu. le  bâton  lui  échappai    atia  ge  le  'si. cela  m'échappe    nya  la  bu  dem,  koklo  tsoe. échapper  à  la  mort   tsi  agbê. s'échapper  de  prison   ne  gaho  si,  si  le  môme,
E;écharpe;f;;awudziblanu. échasse   î   katakladugbea.  t
E;échauder;vt;;îiâ nu, bo nu,
E;échauffer;vt;;fu dzo, wo nu dzodzui.
E;échéance;f;;azâ. fixer  1'-  de  qc.   do  azâ,  do  nkeke.
E;échec;m;;bubu , anyidzedze, dzimadumadu ; — îefe  ade.
E;échelle;f;;atrakpui, atsrue, lia. éch  —  éco monter  à  l'échelle    îlg  atrakpui  yi  dzi. descendre  de  Y-    flo  atrakpui  di  de  anyi.
E;échellon;m;;atrakpui fodofe.
E;écheveler;vt;;vu, vuvu da,
E;échevin;m;;anyidila, dumegâ.
E;échine;f;;beglê, megbeîu.
E;écho;m;;gbegbugbodi, gbedidi. un-  résonne    yi  ho  gbe. échoir    vi    zu  ameto.
E;échoppe;f;;agbado. échouer   vi    do  kpo,  tsi  akpodzi,  si  ke,  tsi  nu  me.
E;;;(bâteau);vvu lo kpe, vtfu ha. faire-    gblê  nya  na  ame.
E;éclabousser;vt;;di ba de ame dzi.
E;éclair;m;;dzikedzo, kedzo, so, agblâ. il  fait  des.  s    dzi  ke  dzo. il  y  a  des-  de  chaleur   heheme  ke  dzo.
E;éclairage;m;;dzosisi, keklê.
E;éclaircir;vt;;si dzo, ko; — de nu gome. le  temps  s'eclaircft    hiheme  le  kokom.
E;éclairer;vt;;si dzo, na keklê ame ; — de nu gome,
E;éclat;m;;didi; — keklê; — ati nyanui. faire  voler  en-    fe  nu. rire  aux-    ko  nu  haha. éclater    vi    wo,  dze,  di,  dro
E;;;de rire;wu nukoko.
E;;;en sanglots;fie avi.
E;éclipse;f;;viviti.
E;;;de soleil;ge doviviti.
E;;;de lune;gleti dowusrâ, ge le gleti. il  y  a-  de  lune    gleti  yi  srô  lolôe  gbo. éclore    vi    ke,  klê  tso  nu  me. la  fleur  est  éclose    seîoîo  ke. faire-    îo  azi,  îo  vi,  do  tolio.
E;écluse;f;;tsimohenu.
E;école;f;;suku, nusrôfe. à  V-    le  suku,  le  nusrofe. aller  à  Y-    de  suku,  yi  suku. faire  Y-  buissonnière    gblê  suku  di,  tsi  gbodo- me  dokpo  suku  yiyi. éco  —  écu
E;écolier;m;;sukuvi, sukudela
E;éconduire;vt;;nyâ ame do go.
E;économe;m;;nudzikpola. économie   î    afedzikpokpo,  honuvido;  —  nuhidodo.
E;économiser;vt;;kpo aïe dzi,, do nuhee enu.
E;écorcer;vt;;de tsro nu nu, de akpa nu nu. écorce    î    tsro,  atitsro,  akpatsa,  tsrokpa,  akpa.
E;écorcher;vt;;ko la, godo, tre golo, kuko nu, ti- tre nu.
E;écorchure;f;;kuko, dzedze, bodede.
E;écorcheur;m;;lâkola.
E;écosser;vt;;wlo (dzro) nu me, klê nu, de tsro nu nu.
E;écoulement;m;;dzidzi, dudu.
E;;;de marchandises;asitsanu fe afokpekpe.
E;écouler;vt;;dzi, dudu, si (tsi, \vu).
E;;;ses marchandises;asitsanu kpe aîo, (kpe asi), dze  asi  dzi.
E;s'écouler;v;;tsa,, si, mie.
E;écourter;vt;;kpa nu ta, tso.
E;écouter;vt;;do to.
E;;;à toutes les portes :;zo amewo dome,
E;écraser;vt;;gbâ nu, miâ nu.
E;écrémer;vt;;kpa nu le nu ngo, kpa nyinotsingo 'mi. écrevisse   î   agalâ,  agadza.
E;s'écrier;v;;do gli, do afa.
E;écrin;m;;adakavi nyuie.
E;écrire;vt;;nlo nu.
E;;;une lettre à q.;nlo leta do de ame.
E;écrit;m;;nunonlo. par-    le  nunonlo  me.
E;écriture;f;;nunonlo, asinu, asinunonlo. P-  sainte    nunonlo  kokoe,  biblia.
E;écrivara;m;;nunlola, agbalêwola.
E;écrouer;vt;;de ame gaho me.
E;écroulement;m;;nenedeme ; mumûdze anyi. s'écrouler    dze,  mû,  rie  de  eme.
E;écu;m;;dzesi ; gà.
E;écueil;m;;aga, tomekpe. écuelle    î    agba,  klusivi,  besi. écu  —  éft 14£
E;écume;f;;fu, flu îutukpg, fluko. écumer    vi    tso  fu,  te  fu,  wo  fu,  tso  îlu  ko,  dà.
E;;;(enlever l'écume);ha, alo kpa futukpo le nu ngo-
E;écurer;vt;;tutu, sia nu, kpala nu me.
E;;;la vaisselle;kpala agbawo me.
E;écureuil;m;;ado, kadzidoe.
E;écurie;f;;lâho, lâkpo.
E;écusson;m;;dzesi.
E;écuyer;m;;awawonutsola, sodola.
E;s'édenter;v;;bu adu, adu tu le nu me na ame.
E;édicter;vt;;de se, do se.
E;édification;f;;kpodenu nyuie nana,
E;édifice;m;;ho gâ, hotutu gâ.
E;édifier;vt;;tu ho, na kpodenu nyuie ame.
E;édit;m;;sé, sedede.
E;éditer;vt;;rilo agbalë; ta agbalê.
E;éditeur;m;;agbalë tala.
E;édredon;m;;nugbanu, abadzivo.
E;éducateur;m;;ame hela.
E;éducation;f;;ame hehe.
E;éduquer;vt;;: he ame.
E;effacer;vt;;tutu nu; tefli de nu me, kuko nu le agbalê  me.
E;effaroucher;vt;;do nodzi na ame. effectif   a   wodo,  sesê,  blibo. effectifs    mpl    nunoamesiwo,  amewo.
E;effectuer;vt;;wo nu.
E;effet;m;;wowo, dowowo, nu, nusê.
E;effeuiller;vt;;de amakpavvo le ati nu, flo angba le  ati  nu. Parbre  est  effeuillé    ati  la  lu  he. efficace    a    wodo,  sesiê,  wonu. prière  efficace    gbedododa  si  nana  amenuvenu tohe  de.
E;effigie;f;;tata, nonometata.
E;s'effiler;v;;to de me, dè ka.
E;effleurer;vt;;de asi nu liu, de fe nu.
E;efflorescence;f;;seïofo.
E;effluve;f;;sisi.
E;effondrement;m;;mumû, nene de me.
E;s'effondrer;v;;ne de eme, gbâ, mû. éîî  —  égr
E;s'efforcer;v;;dze agbagba, wo adive, de atri, tsa asi  anyi.
E;effort;m;;agbagbadzedze, adivéwowo, veviedodo- nu,  atridede. s'épuiser  en  vains  -s  :    wo  nu  dzro,  ha  wo  nu, dze  agbagba  îuîlu. effraction    î    nene  de  me,  kpodzedze. effrayant    a  dzino.
E;effrayer;vt;;do vovô na ame. s'effrayer    dzi  vo,  di  vo,  di  vo,  vô.
E;effroi;m;;vovô, nodzi, vo didi,, vo dzidzi.
E;effronterie;f;;amemabumabu, nyadada de ame gbo. effroyable    a    dzino,  wo  vovô.
E;effusion;f;;nukoko kokodi.
E;;;de;tendresse vividodo. égal    a    sosoe,  so  kple  ame,  dekawoe, cela  m'est-    nyemekia  o,  nye  mèka  nane  o. c'est  mon-    eso  kplim.
E;égaler;vt;;so nu.
E;égaliser;vt;;dzo nu, so nu kpo.
E;égalité;f;;soso, dzodzo.
E;égard;m;;amebùbu. à  1'-  de    de  nu  ta. par-  pour    de  ame  ta,  ha  de  ame  (nu)  ta. avoir  des-  s  pour  q.    do  vivi  de  ame  nu. être  sans-  s  pour  q.    da  de  ame  nu,  de  nu  di  le ame  nu.
E;égarement;m;;motatra, mobubu.
E;;;d'esprit;adawadizedze, tametoto.
E;égarer;vt;;kplo ame bu, flu ame, kplo ame yi de motatra  dzi.
E;s'égarer;v;;bu mo, tra mo, trè mo, tre. s'  -dans  la  forêt  :    tra  le  ave  me. s'  -dans  la  brousse  :    tsi  gbe.
E;égayer;vt;;do modzeanyi na ame.
E;église;f;;Mawuho.
E;egoïsme;m;;dokuilolô.
E;égoïste;m;;dokuilôla.
E;égorger;vt;;tso hlo.
E;égout;m;;tsimo, towu ; — bedzanu.
E;égratigner;vt;;de fe, da fetsu ame, ku kpanya. égr  —  élo égratignure    î    îebi,  fedede.
E;égrener;vt;;de kutsetse le nu nu.
E;;;son chapelet;do Rosario da.
E;égruger;vt;;gbâ bli.
E;éjaculation;f;;gbekpuidododa.
E;éjection;f;;nu îufu gbe.
E;élaguer;vt;;lâ alodzewo da.
E;élan;m;;dzodzo, hehe.
E;élancer;vt;;go, fu.
E;s'élancer;v;;lû, lulû, go de nu nu.
E;élargir;vt;;lolo nu de dzi, keke nu de dzi.
E;élargissement;m;;lolo de dzi; — kekeme, nume- hehe. élastique    a    daade,  boyiboyi,  dridâ.
E;électeur;m;;ametiala, ametsiala. élection    î   tsiatsia,  tiatia. électricité    î  elektrisiti. élégance    î    nyonyo,  atsyôdodo. élégant    a    nyuie,  doatsyô.
E;élément;m;;gomedzenu, nu gbâ to. élémentaire    a  gomedzeto. école-    gomedzelawo  îe  suiku.
E;éléphant;m;;atiglinyi. défense  d'-  nyidu. queue  dJ-  nyisike.
E;éléphantiasis;m;;zubo, zubododo.
E;élévage;m;;nyinyi.
E;élévation;f;;kokodedzi, anyikpo.
E;élève;m;;sukuvi,, nusrôla.
E;éléver;vt;;ho, ko nu de dzi; — nyi ame, he ame,
E;;;la voix;ko gbe de dzi.
E;s'éléver;v;;tsitre de nu nu; — ho, ko, tso. s'-  au-dessus  de    îo  ame  (nu)  ta.
E;éliminer;vt;;de nu de aga.
E;élire;vt;;tia nu.
E;élite;f;;ame tiatiawo, ame nyuietowo. élocution    î  gbegbogblo.
E;éloge;m;;kafukaîu. faire  F-  de  q.    kafu  ame,  do  ame  de  dzi.
E;éloignement;m;;dzidzime, dzidzife; — nudededa.
E;éloigner;vt;;de nu da, he le ame gbo. élo  —  èmb éloigner  de  force    kplo  ame  yi  aîibubu  sesêtoe.
E;s'éloigner;v;;dzo, te dzi, dzo ame gbo.
E;éloquence;f;;adedzodzo, nunyafofo. éloquent    a  adedzodzoeto.
E;élu;m;;ame tiatia, ame kokoe.
E;élucider;vt;;de nu gome.
E;éluder;vt;;te da le adanu me. émancipation    î    dede,  dokuisinono.
E;émanciper;vt;;wo ame wôazu dokuisinola.
E;emballage;m;;nubabla, babla.
E;emballer;vt;;bla agba, do agba.
E;embarcadère;m;;klini. embarcation    î    vtfu,  batala.
E;embarquement;m;;Wudodo.
E;embarquer;vt;;de nu Wu me.
E;s'embarquer;v;;do \vu, de Wu.
E;embarras;m;;nuhaha, ziaziâ, mohehe, mimido. mettre  dans  Y-    haha  ame  do.
E;;;pécuniaire;kododo.
E;embarrasser;vt;;he mo na ame, haha ame do. (être)  embarrassé    v    haha,  ge  de  haha  me.
E;embauchage;m;;amedodro.
E;embaucher;vt;;da ame, dro ame, bo apa ame, to agbate  ame.
E;embaumer;vt;;si atike We\ve na ame.
E;embellir;vt;;do atsyô na nu.
E;embellissement;m;;atsyôdodo.
E;d'emblée;adv;;zi deka.
E;emblème;m;;dzesi, nonome.
E;emboîter;vt;;de nu go me, tso nu de adaka me.
E;embonpoint;m;;kpedidi, lâmekpokpo, kaklâ, lolo. prendre  de  1'-   da  ami. avoir  de  1'-  klâ.
E;embouchure;f;;nù; tosisi fe nù.
E;embranchement;m;;alo, alodzedze.
E;embrasement;m;;dzobibi.
E;embraser;vt;;do dzo, dra dzo, de dzo me.
E;embrassement;m;;asikpakpla ko.
E;embrasser;vt;;kpla asi ko na ame, dze ko dzi na ame.
E;;;(entourer);fo hlâ nu, kpe nu do, tu nu. emb  —  emp embrasser  les  genoux  de  q.    lé  aîo  na  ame.
E;;;le parti- de q.;de ame dzi, ho de akpa dzi.
E;;;le christianisme;tro zu kristoto.
E;embrouiller;vt;;toto, nyamâ.
E;embrouillement;m;;toto, nyamânyamâ.
E;embryon;m;;îu, îugboe; — dzedze, miemie. embûche    î    hadede;  mohenu. dresser  des-    de  ha.
E;embuscade;f;;ha, hadede, hatsotso. être  en-  tso  ha,  de  ha. émeraude    î    kpe  hoasi. émerger   vi   do  le  tsi  me.
E;émerveiller;vt;;ku nu na ame, wo nuku na ame.
E;s'émerveiller;v;;ame îe mo wo yâ.
E;émettre;vt;;do nu da, de nu fia, di nu.
E;;;une opinion;de ame îe susii fia» émeute    î    zi,  zitoto.
E;émeuter;vt;;de zi ame dome,
E;émietter;vt;;gudu nu, ka nu.
E;;;du pain dans l'eau;îâ abolo de tsime.
E;emigrant;m;;dutayila. émigration    î    wuwu  yi  aîi  bubu,  aîibubuyiyi. émigrer   vi    yi  aîi  bubu,  wu  yi  aîi  bubu. éminence    î    gânyenye;  —  kokoîe. éminent    a    gâ,  honko;  —  koko.
E;émissaire;m;;ame dodo.
E;emménager;vt;;wu yi home.
E;emmener;vt;;kplo ame yi, tso nu yi.
E;emoi;m;;ziîoîo. émission   î    dodo,  gbefadede,
E;émolument;m;;fetu, adzo.
E;émonder;vt;;là alodzewo di. émotion    î    ziîoîo,  wawa. émoussé    a  tsikpo.
E;émousser;vt;;tsi nu kpo.
E;émouvoir;vt;;wa nu.
E;empailler;vt;;de golo nu, lo gbe de nu nuti.
E;empaqueter;vt;;bla nu.
E;s'emparer;v;;lé nu, ho nu kple sesê.
E;empêchement;m;;mohenu, nuhehe, nusikanu.
E;empêcher;vt;;he nu, tsi tre de nu nu, klo nu. emp  —  enc être  empêché  de          v    kuhi  ku  ame,  nu  he  mo na  ame.
E;empereur;m;;fiagâ.
E;empiler;vt;;li ko nu.
E;empire;m;;îiadufe. I-  des  morts  tsiêfe. empirer    vi    gblê  nu  de  dzi. la  maladie  a  empiré    do  kle  tse,  do  dze  agbo de  dzi.
E;emplacement;m;;noîe. tefe.
E;emplâtre;m;;atike sisi akalo sisi.
E;emploi;m;;dowona, nutidowowo, zâzâ.
E;employé;m;;dowola.
E;employer;vt;;wo nu riuti do, do, dro ame, zâ mu
E;;;tous les moyens;dze agbagba.
E;employeur;m;;donala, doto.
E;empocher;vt;;lo nu de kotoku me.
E;empoigner;vt;;lé nu, tso nu de asi me.
E;empoisonnement;m;;dzodudu ame, adidede nu me*
E;empoisonner;vt;;de adi nu me, du dzo ame.
E;empoisonneur;m;;dzoduameto.
E;emportement;m;;dziku, domedzui.
E;emporter;vt;;tso nu yi, de nu da.
E;;;de haute lutte;ho nu kple sesê. V-  sur  q.  kpe  ame  dzi,  du  ame  dzi.
E;s'emporter;v;;dze agbo, do domedzui. empreinte    î    nutata,  dzesi,  nudede  de  nu  dzi.
E;;;des pas;aîodoîe, afotefe.
E;empressement;m;;veviedodonu, abladede.
E;s'empresser;v;;de abla, wa, do vevie nu.
E;emprisonnement;m;;gamedede, lélé.
E;emprisonner;vt;;lé ame, de ame gaho me.
E;emprunt;m;;gadodo, wotsui dodo, nugege, nudodo.
E;emprunter;vt;;do ga, do wotsui, ge nu.
E;emprunteur;m;;nugela, nudola, gadola.
E;émule;m;;nuwlila, asitsutp. émulation    î  dikeke. en    adv+pr.    ie,  eya  ;  —  aîi,  afima.
E;;;Pan ...;le îe . . . me.
E;en-bas;adv;;anyi, Tanyigba.
E;encadrer;vt;;de nu ati me. enc  —  enc
E;encadrement;m;;nutofofo.
E;encager;vt;;de hevi hadza me,
E;encan;m;;awusiawu, agbandzodzadzra. vendre  à  V-    dzra  nu  agbandzro,  dzra  nu  awu- siawu.
E;enceindre;vt;;de to de nu nu, îo hlâ, to kpo de nu  nu.
E;enceinte;f;;kpototo. rendre  enceinte    do  fu  nyonu.
E;encens;m;;lifi, kotoklobo.
E;encenser;vt;;da dzo, mê lifi.
E;encensement;m;;liîimêmê.
E;encensoir;m;;dzodanu.
E;enchainer;vt;;de ga, bla ame kple kosokoso ; — kplo  nu  do.
E;enchaînement;m;;gadede ; — kpokplodo.
E;enchantement;m;;dzodudu, adzelele.
E;enchanter;vt;;le adze, du dzo, de kunya, dze ame nu  nuto.
E;enchanteur;m;;dzoduameto, dzodula.
E;enchâsser;vt;;fo nu to. enchère    î    awusiawu,  agbandzodzadzra. vendre  aux-    dzra  nu  agbandzro.
E;enchérir;vt;;lia nuwo îe asi, da asi de nu dzi.
E;enchérissement;m;;asidada da nu dzi. enclin    a    le  nu  dzrom.
E;enclos;m;;kpo, kpototo.
E;;;en;bois adzralakpo.
E;enclore;vt;;to, to kpo.
E;;;un jardin;to abo.
E;enclume;f;;zukpe.
E;encombrement;m;;mohehe.
E;encombrer;vt;;he mo, do agba ma nu. encorné    a  todzo.
E;encore;adv;;hâ, ga . . . fais-le-  une  fois  gawoe.
E;encouragement;m;;dzidefo.
E;encourager;vt;;lé dzi de fo na ame.
E;encourir;vt;;ge de nu me.
E;encre;f;;inki, nunlotsi.
E;encrier;m;;inkegoe. enc  —  enf encyclique    î    papa  îe  leta.
E;s'endetter;v;;de fe, de doku îe me, îe le àme nu.
E;endommager;vt;;gblê nu, gbâ nu.
E;endommagement;m;;nugbegblê, nugbagba.
E;endormir;vt;;na ame nado alô.
E;;;la douleur;îa veve nu.
E;endosser;vt;;do awu, nlo nko de nu dzi.
E;endroit;m;;teîe, nofe. par-    aîi  adewo.
E;enduire;vt;;si ano. endurance    î    dzigbodi,  anyinono.
E;endurcir;vt;;wo nu wôasesê. endurci    a    se  dzime.
E;endurcissement;m;;dzimesesê.
E;endurer;vt;;ku kutre, gbo dzi di. énergie    î    kutrekuku,  gbpgbomeriusê. énergique    a  nusêla. énervation    î  gbodzogbodzo.
E;énerver;vt;;wo lame gbodzo. enfance    î  devime. dès  la  plus  tendre-   tso  devime  ke.
E;enfant;m;;devi.
E;;;trouvé;ameîgfo.
E;;;gâté;tenuwola, vidula, devi gbegblê ; — tesivi.
E;;;prodigue;vinutsu bubû.
E;;;de;choeur missasubovi.
E;;;de deux lits;foîovi, dadavi.
E;enfantement;m;;vidzidzi. douleur  de  Y-    fududu,  îuduame,  kulele.
E;enfanter;vt;;dzi vi.
E;enfantillage;m;;devinuwowo. faire  des-  s    wo  devinu. enfantin    a  devinu.
E;enfer;m;;dzome. aller  en-    yi  dzome.
E;enfermer;vt;;lé ame de ho me, do wo de nu nu.
E;s'enfermer;v;;tu dokui de ho me.
E;enfiler;vt;;to nu de nu nu, de ka abi me.
E;;;des perles;to dzonu.
E;enfin;adv;;mloeaba, vovoe.
E;enflamner;vt;;do dzo, dra dzo, le dzi de îo na ame. enî  —  enn  157
E;s'enflammer;v;;bi dzo, dze dzo.
E;;;de colère;do domedzui, bi dzi. enflé    a    loto,  vuloto.
E;enfler;vt;;te, ho, dzi dru.
E;enflure;f;;nutete, nuteame, nuîoîo
E;enfoncer;vt;;îo nu de nu me, klâ, tu, nyê nu. enfoncer    vi  yi  tg.
E;;;qc. en terre;îo nu de to.
E;s'enfoncer;v;;yi to, nyrô.
E;enfouir;vt;;de nu do me, de nu to.
E;enfreindre;vt;;da nu dzi.
E;s'enfuir;v;;dzo, si.
E;enfumer;vt;;yo, yu, yiyi nu.
E;engagement;m;;dodro; dowona, avtfakpekpe.
E;engager;vt;;tso, kpe ame, wo be. . . s'engager  à   v   tso  dokui  de  nu  me.
E;engeance;f;;viwo, îomevi, lânyinyi.
E;engendrer;vt;;dzi vi ; — wo nu, to nu.
E;engin;m;;mô, azâ, kpâ, ayè.
E;engloutir;vt;;mi nu.
E;s'engloutir;v;;ku vuvo, dze ti yi to.
E;engrais;m;;lâwo îe nududu ; lâmï, koli.
E;engraisser;vt;;klâ, da ami.
E;engraver;vt;;lilo nu de ga dzi.
E;s'enhardir;v;;do dzi.
E;en-haut;adv;;dzi, le dzi.
E;énigme;f;;adzododo, glitoto.
E;enivrer;vt;;mû ame.
E;s'enivrer;v;;mû aha.
E;enjamber;vt;;da ata, gbo nu dzi. faire  de  grandes  enjambées  :    de  aîo  fiâfiâfiâ.  —
E;enjoindre;vt;;de se na ame, ku nya de tome na ame.
E;enjouement;m;;dzidzokpoko, plasiwowo.
E;enlacer;vt;;kpla, hatsa nu de nu nu, de ka nu.
E;enlèvement;m;;dededa, nukoko, tètèyi.
E;enlever;vt;;tso nu yi, de nu da, ko nu da, ho nu le  ame  si,  klo  nu.
E;;;un pot du feu;lô ze.
E;s'enliser;v;;yi to de ke me.
E;ennemi;m;;futo, fuléla, keto, kèléla. Vocabulaire II enn  —  ent
E;ennui;m;;modzaka, nkumekaka, dgmeveve.
E;enquête;f;;nyaggme kùkù.
E;ennuyer;vt;;na be ame f e mo dzaka, de fu na ame.
E;s'ennuyer;v;;nu ti ame.
E;énoncer;vt;;gblo nya, de gbe îâ. énonciation    î  nyagbogblo.
E;s'enraciner;v;;li ke, de ke, to ke.
E;enrager;vt;;do dziku na ame. enragé   a    dzikuto,  dzeadâ,  woadâ.
E;enregistrer;vt;;nlo nu de agbalê me, de dzesi nu.
E;enrouement;m;;gbe me haha.
E;s'enrhumer;v;;wodi tso ame, kpe îo ame.
E;enrichir;vt;;na kesinonu ame, do kesinoto ame.
E;enrichissement;m;;wotsuikpokpo.
E;enrouler;vt;;bla nu, hatsa nu de nu nu, fa, he, nlo  nu.
E;enrouiller;vt;;lé gebiâ, dzè akada.
E;ensacher;vt;;de nu kotoku me.
E;ensabler;v;;ku ke tsyo nu, di de ke me.
E;enseigne;f;;dzesi, aîlaga ; — âîlagatsola.
E;enseignement;m;;nuîiaîia.
E;enseigner;vt;;fia nu ame.
E;ensemble;adv;;zî deka, îoîu, sia, kple (abo k p 1 e eve).
E;ensevelir;vt;;di ame.
E;ensevelissement;m;;amedidi.
E;ensorceler;vt;;du dzo ame, lé adze ame, de kunya ; sa  gbe  do  ame. ensorcellement    dzodudu  ame,  adzelélé  ame.
E;s'ensuivre;v;;dzo, dze nu yome. ensuite    cj    emegbe,  kpe  de  sia  riuti.
E;entacher;vt;;îo di nu.
E;entailler;vt;;be nu, dzâ nu, kpa nu, si nu.
E;entamer;vt;;dze nu gome, wu nu, ka nu nu, de nya  nu.
E;entasser;vt;;li ko, îo nu îu, bo nu.
E;entendement;m;;tamesusu, gomesese.
E;entendre;vt;;se nu, se gbe, do to, lô de nu dzL
E;;;la Messe;do to missa kokoe.
E;s'entendre;v;;îo nu deka, se amenoeawo îe gbe. entente    î    gomesese,  dekawowo,  IqIô  de  nu  dzi. ent  —  ent
E;enter;vt;;si abgta na ame.
E;enterrement;m;;amedidi.
E;;;d'adulte;ame gâhodidi.
E;;;d'enfant;devisuêdidi.
E;enterrer;vt;;di ame; kuko nu, ku nu, de nu do me-
E;entêtement;m;;tamesesê, viriuwowo.
E;s'entêter;v;;se tame, wg vinu, wo kpgdoe enthousiasme  me  dzodzedze  de  lame  dzidzgkpgkpo.
E;enthousiasmer;vt;;de dzo lame na ame, glâ. entier   a  blibo.
E;entièrement;adv;;bliboe, halihali.
E;entonner;vt;;do ha da.
E;entonnoir;m;;îude, fune. se  donner  une  entorse    ne  aîo,  tu  aîo.
E;entortiller;vt;;toto nu, hatsa nu.
E;entourage;m;;nuto.
E;entourer;vt;;îo hlâ nu, kpe nu do, de to de nu. entrailles     îpl    dgkawo,  dgmenuwo,  dgviwo. dans  les-  de  la  terre    le  anyigba  îe  tù  me.
E;entrain;m;;wawa.
E;entrainer;vt;;he nu dzranyidzranyi, kplg ame yi kple  sesê. entrave    î  mghenu.
E;entraver;vt;;he mg, sika nu. entre    cj    dome,  le  nu  dome. Pun  d'-  eux   wo  dometo  deka.
E;;;les maisons;le hg dome, s'entre-  aider  v  do  îi  na  ame  kpe  de  amengewo  nu.
E;entrecouper;vt;;tso nu kpolikpoli. entrée   î   kpgnu,  mgnu  ;  —  gege  de  me.
E;entrelacer;vt;;bla, hatsa, lô nu de nu me, de ka nu  me.
E;entremêler;vt;;tgtg, tsaka, baka.
E;s'entr'ouvrir;v;;wu nu aîâ kple aîâ, wu Wë.
E;entrepôt;m;;agbadzradoîe, nuwodzradoîe.
E;entreprendre;vt;;wg nu, dze nu ggme.
E;;;un voyage;dze mg dzi.
E;entrepreneur;m;;dgdzikpgla, dgtg. entrer   vi   yi  de  me,  ge  de  me. entrez  !   de  me,  ge  de  me.
E;;;en charge;dze do ggme. 11* ent  —  épa
E;;;en colère;do domedzui.
E;;;au service;subg ame.
E;;;de force;tra de nu me, dze kpo, gbâ nui yi de  me»
E;;;par la fenêtre;to fesre yi me.
E;;;dans une société;do ha me.
E;entretenir;vt;;wo deka, dzra nu do, kpo nu dzi; — nyi  ame.
E;;;q.;do dzè kple ame.
E;;;q. d'espérances;do nyaîlezâ na ame.
E;s'entretenir;v;;do dze, ka asem.
E;entretien;m;;asemkaka, dzedodo ; — nyinyi.
E;entre-temps;m;;le geyigi ma rne.
E;entrevue;f;;takpekpe, kpekpe.
E;énumération;f;;nuhehlë.
E;énumérer;vt;;hlê nu.
E;envahir;vt;;dze nu dzi, do avva si me.
E;enveloppe;f;;nutsyonu, nublanu, nunutinu; kotoku.
E;envelopper;vt;;tsyo, hatsa, nlo nu de nu nu.
E;;;dans du papier;fa agbalê de nu nuti.
E;envénimer;vt;;de adi.
E;envers;prép;;le nu nu, na. à  Penvi    adv    le  dikedike  me.
E;envie;f;;nokuku, nukeklê, nuwavvâ ; — dzegui, dzogogui. digne  d'-    nuvvâtoe,  nusi  dze  woa\va  nui. porter-  à  q.   vva  nu  ame,  ku  no  le  ame  nu. avoir-  de,    dzro  be.
E;envier;vt;;ku no, vva nu ame. envieux    a    kuno,  Wanu,  nuvvala.
E;environ;adv;;ano, abe. environs    mpl    nutowo  me,  duta,  gbota.
E;environner;vt;;îo hlâ, de to de nu nu.
E;envisager;vt;;kpo nu dû, kpo mo na ame.
E;envoi;m;;nudodo, nudododa.
E;s'envoler;v;;dzo yi, si dzo.
E;envoyé;m;;ame dodo,
E;envoyer;vt;;do nu, do nu do da ame.
E;;;promener q.;do mo ame. épais    a    titri,  lolo,  to  (liquide),
E;épaisseur;f;;titrime. épa  —  épi
E;s'épaissir;v;;bla, to, wo kpiti.
E;épancher;vt;;ko nu di, kg nu de anyi.
E;épanchement;m;;kokodanyi, kokodi.
E;épanouir;vt;;mlo, wu, lie.
E;s'épanouir;v;;îo se, ke. épargne    î  nuhidodo.
E;épargner;vt;;do nuhi, do ga di, dzra nu do di.
E;s'épargner;v;;le be na dokui.
E;éparpiller;vt;;ka nu hlê, kaka nu.
E;éparprllement;m;;kakahlê. épars    a   kaka,  hehlê. épaule    î  abota. hausser  les-    te  abo,  do  aboîui. épaulette    î  abotanu. épave   î   nu  susoe. épée   î   yi,  sabla. passer  au  fil  de  V-   wu  ame  kple  yi.
E;épeler;vt;;hlê agbalênonlodizesiwo deka deka.
E;éperon;m;;koraulkonuidoga.
E;éperonner;vt;;do konukonui na so.
E;épervier;m;;yïtsui, awako.
E;épi;m;;ayaya, bliti. monter  en-   kpa  vi.
E;;;de maïs;lûti, bliti. épice   î  nudovivinadetsi. épicerie    î    fiase  sime  wodzraa  nusiwo  wodea  nu wovivina  le. épidémie    î    dovô,  adzaîonu,  hamedolele.
E;épier;vt;;tsa nku, îi nu kpo, no nudzo.
E;épilepsie;f;;kpenui, kponui.
E;épilogue;m;;megbenya, nuwunya.
E;épinard;m;;amâ ade.
E;épine;f;;hu, nudza. épineux    a   woriu,  tonu. épingle    î    abi  tanogoe,  akotia,  pini.
E;épingler;vt;;tsi nu de nu nu kple pini. Epiphanie    î    nunyala  etôawo  îe  azâgbe. épiscopal    a  episkopoto.
E;épiscopat;m;;episkoponyenye, hamedzikpolado. épisode    î  nyadzodzo. épitaphe    î    yodzinya,  yododizinya. épi  —  erg épître    î    epistola,  agbalê,  leta. éponge    î    îumekutsa,  akutsa.
E;éponger;vt;;tutu nu kple akutsa. époque    î   geyigi,  noli,  azâ. à  cette-    le  gemagi  me  la. épouse    î  srônyonu.
E;épouser;vt;;de srô, de asi, kpe asi, kpe srô.
E;épousseter;vt;;tutu nu, kplo nu nu.
E;épouvantail;m;;avvakolenu, atiso . épouvante   î   nodzi,  dzidzi.
E;épouvanter;vt;;do vovô na ame, dzi no na ame.
E;époux;m;;srônutsu. s'éprendre  de  q*    dzi  eku  de  ame  nu,  ame  îe  nu  le dzi  na  ame. épreuve   î  tetekpo. mettre  q.  à  Y-    te  ame  kpo.
E;éprouver;vt;;de nu kpo, te nu, se nu, dzesi nu.
E;;;de la douleur;se veve.
E;épuisement;m;;dodo, boblo, gbodzogbodzo.
E;épuiser;vt;;îu nu. cela  m'a  épuisé    etim,  eglom.
E;s'épuiser;v;;dze agbagba, tso klolui. épuration   î   koklo,  nutikoklo.
E;épurer;vt;;klo nu, sia nu.
E;équarisseur;m;;lâkola.
E;équateur;m;;anyigbamemâîlui.
E;équilibre;m;;agbagbadodo. perdre  Y-   tro  nu  de  ahada  dzi,  mumû  de  akpa.
E;équilibrer;vt;;do agbagba nu, so nu.
E;équipage;m;;keke, tasiadam. équipe    î    ha,  dowoha.
E;équipement;m;;dzadzrado.
E;équiper;vt;;dzra ame do hena . . .
E;;;pour la guerre;na avvawonu ame. équitable   a  dzodzoe.
E;équité;f;;soso, nudzodzoewowo, dzodzoenyenye. équivalent  a   nusi  so  kple  nu  bubu.
E;érafler;vt;;si (kuku) nu. ère    î    geyigi,  rioli,  azâ. érection    î   nututu,  nuwowo,  nutudetsitre.
E;ergot;m;;aîokli. éri  —  esc
E;ériger;vt;;tu nu, lu nu de tsitre, wo nu.
E;ermitage;m;;sadagaho, adzogenola îe ho.
E;ermite;m;;adzogenola, amemadeha. errer    vi    tsa;  da  vo  tra,  flu  dokui,  tre  mo  fo  hlâ. erreur   î    dadaîu,  vodada,  dada  nu  dzi. induire  en-    îlu  ,  ble  ame. erroné   a   daîu,  davo,  dada, érudit    a    nyanu,  nunyala,  nyâgbalê. érudition    î    nunya,  agbâleme  nunyâ. éruption   î  nutsitsetse,  nutsotsuli,  akpa,  go  dodo  kple nusê.
E;escabeau;m;;atikpo, zikpui.
E;escadron;m;;asrafo sodolawo îe ha.
E;escalader;vt;;lia nu, îlo nu.
E;;;un mur;lia gli. escalier   atrakpui,  atsyodi,  atsre. monter  Y-    îlo  atrakpui  yî  dzi. descendre  T-   îlo  atrakpui  di  de  anyi. marche  d'-   atrakpui  îodoîe.
E;escapade;f;;henu, lânu. faire  des  -s    wo  lânu.
E;escarbot;m;;adogo, adongo.
E;escargot;m;;abobo.
E;escarmouche;f;;awakpekpe.
E;escarpement;m;;abu.
E;eschare;m;;gaîa, wodi. escarpé   a   diabu  ;  tro  gbo,  tro. (à  bon)  escient  kple  tamesusu,  de  anyi. je  Pai  fait  à  bon-   mebu  woe,  mewoe  de  anyi. esclandre    kpodenu  vôdi  nana,  nukikli.
E;esclavage;m;;kluvinyenye.
E;esclave;m;;kluvi ; kosi, ame fefle. traite  des-  s    amesitsatsa,  amedzadzra,,  amedzo- dodo. marchand  d'-  s  amesitsala.
E;escorte;f;;amekploladowo, nutinplawo.
E;escorter;vt;;kplo ame do. escrime    î    kametete,  avuwowo. escrimer    vi    te  kame,  wo  avu.
E;escroc;m;;ameblela, amedra, ameflula.
E;escroquerie;f;;nudrawowo, amefuflu. esc  —  ess
E;escroquer;vt;;ho nu le ame si to beble me. espace    dome  ;  nofe,  gbadzafe  ;  —  noli. dans  V-  d'une  semaine    le  kwasida  deka  me.
E;espacement;m;;mo le nuwo dome,
E;espacer;vt;;de dome,
E;espadon;m;;nyânyâke, awâyigâ. espadrille    î  afokpa.
E;espèce;f;;fomevi, togbe, nonome dzedze; — ga du- dua. d'aucune-   deke  togbe  o. les-  s  eucharistiques  akpono  kple  vê  fe  dzedzewo.
E;espérance;f;;mokpokpo, nudodo, dzidodo. espérer   kpo  mo,  do  dzi  de  ame  nu.
E;espiègle;m;;ame dovo, amedzeha, vuvlui.
E;espion;m;;amegomezola nkutsala, adzamenola.
E;espionnage;m;;nkutsatsa, amegomezozo.
E;espionner;vt;;tsa nku, srâ gbe dzi, no nudzo na ame,  dzi  ame  di.
E;espoir;m;;dzidodo, mokpokpo.
E;esprit;m;;gbogbo, luiwo, ngli, nukpekpe, tamesusu; —  nonome  ;  —  aha. les  -s  célestes  dzifodolawo. les  mauvais  -s    gbogbo  vôdi,  abosam,  gbetsivôe, noli. trait  d'-    nya  dikokoe,  ayuenuj  ahatsekaka. faire  de  P-   gblo  nya  dikokoe,  ka  ahatse. agiter  les  -s    to  zi  ame. le  Saint-Esprit   Gbogbo  kokoe.
E;esprit-de-vin;m;;dzodrami. esquisse    î    nutata  dewodewo  gbâ  gbo.
E;esquisser;vt;;ta nu dewodewo gbâ gba
E;esquiver;vt;;kpa sa da na ame; si le bebeme.
E;essai;m;;dodokpo, kpodenu, nyadodo. faire  des-  s   te  nu  kpo.
E;essaim;m;;anyiha. essaimer    vi    anyiwo  bo,  de  go,  wu.
E;essayer;vt;;te nu kpo, do nu kpo.
E;;;un fusil;do tu.
E;essence;f;;nyenye, nu vevie; — auto fe ami. essentiel    a    vevïe,  blibo.
E;essieu;m;;kekemega. ess  —  éta
E;essor;m;;dziyiyi.
E;s'essoufler;v;;gbogbotsihe tsi fo na ame. essuie-  main    m    tsiletee,  tee,  papahû,  tsiletse.
E;s'essuyer;v;;tuitu nu, kuko nu.
E;;;avec une éponge;lé akutsa.
E;est;m;;gedzeîe, getsoîe. vent  de  P-  gedzeîeyâ.
E;estagnon;m;;ganu.
E;estampille;f;;dzesidenuga.
E;estaminet;m;;amedzrodzefe. estimable    a    bubuto,  nusi  edzena  bubu.
E;estime;f;;bubu, sosrôda.
E;estimer;vt;;bu nu, srô ame da.
E;;;(prix);do asi nu, bu ho tso nu nuti.
E;estomac;m;;dome, dogbo, agbovu, v£u ; — ko„ dérangement  d>-  atsidodo. avoir  mal  à  P-    dome  du  ame. être  estropié    v    zu  hondro,  nuwoameto.
E;estrade;f;;afodofe.
E;estuaire;m;;tosisinu. et    cj    kple  ;  —  eye.
E;étable;f;;lâho, lâkpo. mener  à  P-  kplo  la  de  ho  me.
E;établi;m;;kplô.
E;;;de;menuisier atikpakplô.
E;établissement;m;;dodo, nudoanyi.
E;étage;m;;dziîoho, sâ, sasa.
E;établir;vt;;do nu anyi.
E;étagère;f;;nudzradoîe, ati.
E;étain;m;;gagi, sanyâ.
E;étaler;vt;;de nu îia, fia nu.
E;;;des marchandises;do asi nu.
E;étalage;m;;dedefia.
E;étalon;m;;sotsu. étançher  la  soif    di  ko.
E;étang;m;;ta, tsi tegblê.
E;étape;f;;drodofe, asitsafe, didemefe.
E;état;m;;nonome; — dzidudû; — do. devoir  d'-    dowona  tohe. en  bon-  dédie. être  en-  de    te  nu. Eta  —  éto Etats-Unis    mpl  Amerika.
E;étayer;vt;;glâ nu, de ati nu te.
E;été;m;;dzomenoli, dzodzï.
E;éteignoir;m;;dzotsinu, veletsinu.
E;éteindre;vt;;tsi nu, gblê nu.
E;;;la lampe;tsi akadi, tro akadi de anyi.
E;;;la chaux;da akalo.
E;;;la soif;di ko.
E;étendard;m;;aflaga.
E;étendre;vt;;ka nus, kaka nu de nu dzi, mlo nu.
E;;;(agrandir);keke nu de dzi, lolo nu de dzi.
E;;;du vin;to tsi aha. s'étendre    kaka,  dra  de  nu  dzi,  ke,  keke  ta. la  ville  s'-  le  long  du  fleuve  :    du  zo  tosisi  nu.
E;;;sur qc.;mlo anyi de nu dzi, ke de nu dzi. étendu     a  gblâla.
E;étendue;f;;kekeme, takeke. éternel    a    mavo,  dodoe.
E;éternité;f;;mavomavo, amâme agbedodoe. éternuer    vi    nyê,  da  notimetu. éternûment  nyenyê. (lorsqu'on  éternue  on  dit)    mege  le  avuwo  'si  me, mege  le  futowo  si  me. (aux  adultes)  :    medo  le  wo  si. (aux  enfants)  :    noti  fê  wô.
E;ether;m;;yâ. etincelant  ko. étinceler    vi    da  dzo,  si  dzo,  klê,  didi.
E;étincelle;f;;dzohee, dzonoe, maie,
E;étiquette;f;;agbalêvi; — Wudodo.
E;s'étirer;v;;de dokui, dre dokui.
E;étoffe;f;;avo; — nutete, nunyanya. étoile  gletivi.
E;;;du;soir fiakumanofiatefe. des  -s  filantes  tombent    gleti  le  asi  dem,  gleti le  atsu  dem.
E;étole;f;;stola.
E;étonnement;m;;nuku, moyàwowo, nudadade ame. regarder  avec-    kpo  nu  moyâtoe.
E;s'étonner;v;;ame fe mo wo yâ, ku nù, ka yâ. éto  —  enn
E;étonner;vt;;wo rno yâ na ame, ka de mo na ame, ku  nu  na  ame. étouffer   vi    yi  abo,  gbogbotsihe  tsi  ame  îo.
E;étouffer;vt;;tsi nu, mimi ame woaku, he gbogbo de  ame  îo. étourdi    a  lânyagblola.
E;étourdir;vt;;do fenyitike na ame; fru.
E;éîourdissement;m;;motatra; nuzi. c'est  étrange    enye  nukumu,  dzro.
E;étranger;m;;amedzro, dububumeto, afibubuto, ho. pays-  amedzrowode. aller  à  1'-    yi  ho  me  yi  duta.
E;étrangler;vt;;do asi ve na arne, miâ ve na ame, gbâ  atsokoe.
E;étranglement;m;;vehlomiamiâ. être    vi    le,  li,  nye,  die,  no  anyi,
E;;;après q.;ti ame yome.
E;;;avec q.;de ha kple ame.
E;;;dans la cinquième année;ho îe atô.
E;;;pour q.;ho na ame.
E;;;sous q.;no ame te. ce  n'est  qu'un .  ♦ .    menye  naneke  wu...  o. ce  livre  est  à  moi    agbalê  sia  enye  tonye. qu'est  ce  qu'il  y  a    nuka  dzo,  nyake  dzo  ? n'est-ce  pas  ?   menye  nenem  o  hâ  ?  mêle  nenema o  hâ  ?
E;étreindre;vt;;kpla nu, hatsa nu, miâ nu.
E;étreinte;f;;dzizizi^ kpakpla, nubabla,
E;étrenne;f;;nunana (vevieto le nuyizâgbe.
E;étrier;m;;sokpanufoga, sqkpafodofe.
E;étriller;vt;;vu da na so; kplo so nuti. étroit  ,  a    hahe,  bï,  bui  ;  miâ.
E;étroitement;adv;;goguie.
E;étroitesse;f;;hahe, hahefe.
E;étude;f;;nusosrô, uumedzodzro. étude  nusrôho.
E;étudiant;m;;nusrôla, sukudela.
E;étudier;vt;;srô nu. dzro nu me, kpla nunya.
E;étui;m;;adakavi, govi, aku. Eucharistie'  f    Altaro  îe  sakramento.
E;ennuch;m;;ametata. Eur  —  évo Europe    î    Ablotsi,  yevuwode.
E;européen;m;;yevu, yovo, yovu. européen    a  ablotsito.
E;évacuer;vt;;de nu da; — dzo. evacuation    î    dzodzo  le  nu  me.
E;s'évader;v;;si, dzo, si le ame gbo, te da.
E;évaluer;vt;;bu, hlê nu, nyi asi nu nu, do asi.
E;évaluation;f;;bubu, asinyinyi, asidede.
E;évangéliser;vt;;gblo nyanyuie. évangélisation    î  nyanyuiegbogblo.
E;évangéliste;m;;nyanyuiegblola.
E;évangile;m;;nyanyuie, dudodonyuie, evangelio.
E;s'évanouir;v;;gbaîa îo ame, afetrô tso ame ; — bu  vï,  do  zi.
E;évanouissement;m;;zidodo; — afetro, gbafa. évaporation    î  miemie.
E;s'évaporer;v;;tsi mie, tsi de yâ, tsi tu adzudzo. évasion    î   sisi,  dzodzo.
E;évêché;m;;episkopo îe dziduîe.
E;éveil;m;;nyonyô; — nudzonono, nuteganono asimiamiâ. éveillé    a    v\ra\va,  zâzâ;  —  no  riudzo,  no  nutega.
E;éveiller,;vt;;nyô ame, îô ame.
E;s'éveiller;v;;nyô.
E;événement;m;;nyadzodzo, nudzodzo.
E;éventail;m;;apapa, sosi. mettre  qc.  à  l'évent    sia  nu  de  yà  me.
E;éventer;vt;;gbo yâ kple apapa, tso sosi gbo yâ na  ame.
E;éventrer;vt;;de do nu, wù do nu. éventuel  a    dewohï,  nuwuto,  dewo.
E;éventualité;f;;nutete, nu si dzi womeka do o.
E;évêque;m;;episkopo, bishopu.
E;éviction;f;;nyanyâ. évidence   î    dzedze  îâ,  nunyanye  kote. évident    a  dzeîa.
E;évincer;vt;;nyâ ame.
E;éviter;vt;;tsri nu, gbe nu, fo asa na ame, kpasa da  yi  de  aga  dzi,  kli  nu,  klo  nu. évocation    î    noliyoyo,  hoyoyp.
E;évoquer;vt;;yo noli. évo  —  exé  169 évolution    î    zuzu,  dzedze. exact    a    tututu,  pepepe. exactitude   î   nuwowo  pepepe. exaction    î    amebabadu,  kasadidi.
E;exagérer;vt;;kpa nya de dzi, kpa nya de nya dzi, de  vivi  nya  me. exaltation    î    kokodedzi,  dzidzokpokpo.
E;exalter;vt;;ko nu de dzi.
E;examen;m;;dodokpo
E;examiner;vt;;do ame kpo, do nu kpo.
E;exanthème;m;;akpa.
E;exaspérer;vt;;ve dome na ame, do dziku na ame. exaspération    î  adâdzedze.
E;exaucer;vt;;do to ame.
E;excaver;vt;;de nu to me, de do de nu nu, si nu.
E;excéder;vt;;wu nu. excellence    î  nyonyo. excellent    a    nyuie,  blibo.
E;exceller;vt;;fia amedokui, wu ame bubuwo. excepté    cj    negbe,  negbe  ko. exception    î    dede  le  me,  nusi  mêle  me  o.
E;excès;m;;nusi wu nu bubu, nusi îo ta» excitation    î    ziîofo,  zitoto.
E;exciter;vt;;to zi ame, de zi amewo me ; — glâ ame.
E;;;une querelle;îo avu do, mlâ nya, fo avu do.
E;;;au rire;do nukokui na ame.
E;;;à la colère;do dziku na ame. excessif  (être)    wu  nu.
E;exclure;vt;;de nu le nu me.
E;exclusivement;adv;;sonu, dede ko. excommunication    î    dede  le  ha  me.
E;excommunier;vt;;de ame da le ha me.
E;excrément;m;;mï, afodzi, kpoha. excursion    î    tsadidi,  tsadife. excuse    î    taîlatsedodo,  kukudede. vaine-  adanudui.
E;s^excuser;v;;'do taîlatse, de kuku.
E;;;sur qc.;do adanudui.
E;exécrer;vt;;îo fi de, tsri nu vevie, do dinui.
E;exécration;f;;fiîode, dinuidodo, fiîoîo de ame. exe  —  exp
E;exécuter;vt;;wù ame, wu hlô'me; — wg nu. exécution    î    amewùwu;  —  nuwowo.
E;exemplaire;m;;kpodeiiu.
E;exécuteur;m;;amewula.
E;exemple;m;;kpgdenu, kpgdzidze. donner  un-  à  q.    fia  kpgdenu  ame. par-    le  kpodenu  me. exempt    a    nusi  wode  le  me.
E;exemption;f;;dede le me, hoho.
E;exercer;vt;;sro nu, te nuwowo kpo di.
E;;;une fonction;wg dg, du (du îia).
E;exercice;m;;nusgsrô, nuwgwg. faire  Y-    bo  asada.
E;exhalaison;f;;afu, dzudzg.
E;exhaler;vt;;gbg yâ de gota, de ya, gbo.
E;exhausser;vt;;ko nu de dzi. exhaustion    î    gbgdzogbodzo,  boblo.
E;exhiber;vt;;de nu fia, tso nu fia.
E;exhibition;f;;nudedefia, nutsgtsofia.
E;exhorter;vt;;hlô nu ame.
E;exhortation;f;;nuhohlô.
E;exigence;f;;nubiabia.
E;exiger;vt;;bia nu, dzi nu gede. exigeant    a    bianu,  dzinu. exigu    a    hahe,  kpui.
E;exil;m;;amenyanyâ, amenyâdegbe.
E;exiler;vt;;nyâ ame de gbe.
E;existence;f;;anyinono, agbengno. exister    vi    le,  li,  ng  anyi. exorbitant    a    wunu,  sggbg  akpa.
E;exorciser;vt;;nya abosam do go le ame me.
E;exorcisme;m;;abosam n van y à do go le ame me.
E;exorciste;m;;hoygla, gbggbgvôdinyâla.
E;expansion;f;;keke de nu, numehehe. expansible    a    dede,  dranyi.
E;expectance;f;;mgkpgkpg.
E;expectation;f;;nudodo. expédient    a    sgsg,  dzedze.
E;expédient;m;;mgnukpgkpo
E;expédier;vt;;dg nu, do nu, do mg ame. exp  —  ext expédition    î    mgdzedze;  —  dodo;  awahoho,  nu- dodg.
E;expéditeur;m;;nudgladoda. expérience    î    nutefekpgkpg,  nunyanya.
E;expériment;m;;dodokpg, nutetekpg.
E;expérimenter;vt;;te, do nu kpo7 kpg nutefe. expert    a  nyanu.
E;expert;m;;nunyala. expiation    î    akofadowowo,  fehehe,  vevesese.
E;expier;vt;;wg akofado, he îe de nu ta. expirer    vi    ku,  wu  nu. expiration    î    ku,  gbggbg,  fufudodo. explication    î    ggniedede,  emedede.
E;expliquer;vt;;fia nu ggme.
E;exploit;m;;kalêwgwg,
E;exploiter;vt;;de vi le nu dzi.
E;;;q.;ba ame. exploitation    î  nutidgwgwg.
E;exploration;f;;numedzodzro.
E;explorateur;m;;nufilakpg, nkutsala.
E;explorer;vt;;dzro nu me, sra nu.
E;exploser;vt;;gbâ, wô. explosion    î    gbagbâ,  wowo. exportation    î    nudodo  de  anyigba  bubu  dzi.
E;exporter;vt;;do nu de anyigba bubu dzi.
E;exposer;vt;;de nu fia, (ggme). exposition    î    dedeîia,  ggmedede. exprès    a    kgte;  —  kple  dzodzro.
E;express;m;;anyigbawu d'abla. expression    î  gbggblg.
E;exprimer;vt;;gblg nya; — nyê nu.
E;exproprier;vt;;hg nu le ame si.
E;expropriation;f;;nuhghg le ame si kple sesë.
E;expulser;vt;;nyâ ame do go.
E;expulsion;f;;nyanyâ. exquis    a    tiatia,  nyuietg. extension    î    nukeke,  numehehe.
E;exténuer;vt;;de nusê le nu me, hg lamesê ame si.
E;extérieur;m;;gotatg, nusi le gota. extermination    î  tsygtsyrô.
E;exterminer;vt;;tsyrô nu. ext  —  îac externe    a    gotato,  gbodometo. extinction    î  tsyotsyrô.
E;extirper;vt;;tsyrô nu, wlu mu> me.
E;extorquer;vt;;di akasa, ba nu du. extra    a  tohe.
E;extraction;f;;niidede; — dzodzome, dzidzime.
E;extraire;vt;;de nu le nu me (dzi). extraordinaire    a    tohe,  nuto,  kpem,  manyatanu.
F;extraordinairement;adv;;menyô o wu nu. elle  est  -belle    edze  tugbe  menyo  o. extravagant    a    wunu,  îota. extrême    a    mamleto,  îota,  vovonuto. extrême-onction    î    amikokoesisi  ;  (si  amikokoe  na ame). extrémité    î    nutinu,  nulso,  mloeanu  ;  —  liolionu (limite), exubérant    a    sogbo  nuto. exultation    î  aseyitsotso. exulter   vi   tso  aseyi. îable    î  glitoto. fabrication    î  nuwowo.
F;fabriquer;vt;;wo nu.
F;fabuliste;m;;glitola. façade    î    nkume,  rigo;  —  ngogbegli.
F;face;f;;nkume, ma, nufome. en-  de    le  ame  îe  nkume,  le  ngodze. se  marier  en-  de  l'Eglise   de  srô  le  mawununola îe  nkume. facétieux    a    dikokoe,  dikokui.
F;fâcher;vt;;ve dome na ame, do domedzui na ame dia  ame  nu,  ku  dzi  na  ame. se  fâcher   v   do  domedzui,  bi  dzi,  dze  ago. fâcheux    a    nublanuito,  vô,  numadzeto. facile    a    boboe,  vivi.
F;faciliter;vt;;wo nu boboe.
F;facilité;f;;boboenono; — ayedzedze le dowowo me. îac  —  îai
F;facilement;adv;;boboe; mesena » . . o. façon    nonome,  fomevi,  mo,  togbe,  nugbui;  nugbe. de  cette-    le  mo  sia  dzi. de  n'importe  quelle-   le  mo  sia  mo  nu.
F;façonnement;m;;numemê; nonomedodo na nu. sans  façons    îâ,  komadomadoe,  numakpetoe. façonner   wo  nu,  mê  nu,  do  nonome  na  nu.
F;;;avec le ciseau;kpa nu kple pe.
F;facteur;m;;letatsola, nuwola. factice    a    adanulo,  adanu ....
F;faction;f;;gbadagbawo îe nùdzodzo — komamâ. former  des-  s    mà  koko.
F;factorerie;f;;fiase, asiflefe.
F;facture;f;;fegbalê, asigbalê.
F;faculté;f;;riutete; — sukujgâ. fade    a    lusu,  ya,  vovo,  gegi.
F;fadeur;f;;atsamasimasi.
F;fagot;m;;nakebabla. faible    a    masênu,  beli,  beno.
F;faiblesse;f;;lamêtutu, gbodzogbodzo. faillir    vi    da,  da  vo.
F;;;à q.;gblê ame di. j'ai  failli  mourir    mege  le  ku  si,  mede  kuku  ge kloe.
F;faillite;f;;agbadudu. faire-    du  agba,  dze  anyi.
F;faim;f;;dowuame. avoir-    do  wu  ame. mourir  de-    ku  do  ku.
F;fainéant;m;;kuviato, fomewola. fainéanter    vi    wo  kuvia,  wo  îome,  dze  srêdi.
F;faire;vt;;wo nu.
F;;;qc. à q.;wo nu vevi ame.
F;;;ses délices de qc.;kpo dzidzo de nu ta.
F;;;le dîner;da ndonududu.
F;;;un discours;gblo nya.
F;;;une faute;da nu dzi, dia fu anyi.
F;;;une faute de français;da frâse dzi.
F;;;gloire de qc.;îo adegbe, he amenya.
F;;;la guerre;wo awa kple duko.
F;;;son possible;dze agbagba. Vocabulaire fai  —  îam faire  naufrage  nyirô.
F;;;le portrait de q.;ta, de ame.
F;;;un jardin;to abo.
F;;;du feu;do dzo.
F;;;des enfants;dzi vi.
F;;;ses dents;to adu.
F;;;sa barbe;lu ge.
F;;;le lit;do aba.
F;;;ses nécessités;yi afodzi. laisser-   de  mo  na  ame. en-  autant    wo  neneml ne  pas  s'en-   de  nu  di. je  n'ai  rien  à-  avec  cela    nyemiade  nu  nya  la me  o,  mekam  o  de. cela  ne  fait  rien    eya  mewo  naneke  o. il  ne  fait  que  lire    ele  nu  hlêm  koe. il  ne  fait  que  d'arriver   fifi  ba  hafi  wôwa. c'est  bien  fait   efiâ  ame,  efiâ  wô. cela  se  fait  ainsi  partout   nenemâ  wowone  le  afi- siafi. comment  se  fait-il  que    aleke  wo  be . . . je  me  suis  fait  à  cela  emâm. il  fait  chaud    eho  dzo. se  faire  fort  de    do  dzi  be . . . se  faire   v   va  veme,  dzo.
F;fait;m;;nyadzodzo.
F;faîte;m;;azo, hotakpeîe, hotame, mime,
F;faix;m;;agba.
F;falaise;f;;aga, kpe gâ. falloir    vi    le  na  ame  be. il  faut  que    ele  nam  be. il  s'en  faut  de  peu    esuso  vie  ne . . .
F;falsification;f;;nugometotro.
F;falsifier;vt;;tro nu gome, blu, ka awatso. mal  famé   a    nko  vô  de  du. fameux    a    honko,  nyonyo. famélique    a  amedowui.
F;familiariser;vt;;mlâ nu, nia ame. se  familiariser    v    bo  ha  kple  ame,  nya  nu  nyuie.
F;familiarité;f;;hadede. familier    a    aîemeto;  —  subola. îam  —  îau famille   î   fome,  kome,  hlô,  aîeko.
F;famine;f;;dowuame. année  de-    kudife,  donoli. fanal    a    akadi  gâ. fanatique   a   amesi  wli  konyinyi  ta  akpa. se  faner   v   lu  he,  yiro,  dudu,  hlê,  fu.
F;fanfare;f;;kpekuha.
F;fanfaron;m;;adegbefola, alomenyagblola.
F;fanfaronade;f;;adegbefofo, alomenyagbogblo.
F;fange;f;;ba, di. fangeux    a    woba,  fodi,  bada,  badaba.
F;fantaisie;f;;susu.
F;fantassin;m;;afozola.
F;fantôme;m;;noli, nukpekpe.
F;farce;f;;nu dikokoe, ahatsekaka, nuvloewowo. faire  des-  s    wo  nu  dikokui,  wo  ayuenu.
F;farceur;m;;nudikokoewola, ayuewola, ayueto.
F;fard;m;;ami Wevvê, povvo.
F;fardeau;m;;agba, nutso. se  farder   v    si  ami  Wewêe.
F;farine;f;;wo.
F;;;de manioc;gari, galL
F;;;fine;wo fufu, wo mêmee. farineux   a  futufutu. farouche   a    woadâ,  nyanyrâ.
F;fascicule;m;;babla, agbalgvi.
F;fascination;f;;dzodudu ame, kunyadodo na ame.
F;fasciner;vt;;lé adze, du dzo, gblê tame na ame.
F;faste;m;;atsyôdada.
F;fat;m;;nufluiwola. fastidieux    a    tiame,  te  dedi  ame  nu. fatal    a    vô,  riumadzeto,  dzogbevôeto..
F;fatalité;f;;dzogbevôe.
F;fatigue;f;;agbagba, do sesê, dediteamenu. être  fatigué    v    dedi  te  ame  nu
F;fatiguer;vt;;ti ame, de fu na ame. se  fatiguer    v    de  fu  na  amedokui,  dze  dzefôe- dzefôe.
F;faubourg;m;;du gbodui.
F;faucher;vt;;ya, si, wu gbe.
F;faucheur;m;;gbeyala, gbesila. 12* îau  —  îél faucille   î   gbeyahe,  gbesihe.
F;faucon;m;;ayitsu, awako. se  faufiler    v    yi  de  nu  me  dzâ.
F;fausser;vt;;glô nu, tro nya gome, minya nu.
F;fausseté;f;;alakpa, didriwowo.
F;faussaire;m;;nyagometrola, nutrola.
F;faute;f;;vodada, fodidi, anyidzedze.
F;;;de;français frâsegbedzidada. tomber  en-    da  nu  dzi. faire  une-  en  parlent    da  îu  anyi  le  nuîoîo  me. faire  une-   da  nu  dzi,  da  îu  anyi. rejeter  la-  sur  q.   do  nu  ame  dzi,  de  nya  de  ame dzi. plein  de-  s    yo  kple  vodada.
F;fauteuil;m;;kuviablego.
F;fauteur;m;;nuwola. fauve  (bête-)    là  woadâ.
F;faux;f;;ne, gbesihe. faux    a    alakpato,  adeeveto. à-  awatsotoe.
F;;;dieu;trô.
F;;;témoignage;awatsodase.
F;faux-fuyant;m;;adanudui.
F;faveur;f;;domenyuie, nunyoname. faire  une-  à  q.   wo  domenyuie  na  ame. favorable   a   nyuie,  sosoe.
F;favori;m;;lolôto, ame vevi. favoris    mpl   logloka,  kpôge,  atsege.
F;favoriser;vt;;wo domenyuie na ame, lô ame wu. fécond    a    wonu,  wânu.
F;fécondité;f;;wawa, nukuwowo. fédéral    a    wodeka,  blanu.
F;fédération;f;;dekawowo. se  fédérer    v    wo  deka,  bla  nu.
F;fee;f;;nyonu dzosala, bibi.
F;feindre;vt;;wo alakpamu. feint    a  adeeveto.
F;feinte;f;;alakpanuwowo.
F;fêler;vt;;de dzoglo, dze, ne. fêlure   î   nene,  abideîe.
F;félicitation;f;;dzôgbenyuiedzidzi, kaîukafu. fel  —  fer
F;félicité;f;;yayiratonyenye, dzidzokpokpo.
F;félicher;vt;;kafu ame, dzi dzogbenyuie na ame.
F;femelle;f;;lâno, asi. féminin    a    nyonuto,  abe  nyonu  ene.
F;féminin;m;;asifome.
F;femme;f;;nyonu, asi, srônyonu.
F;fémur;m;;atafu. se  fendiller   v  wo.
F;fendre;vt;;fe, fli, klê nu.
F;;;en deux;îe nane de eve, fe nu me de eve. se  fendre   v  klê. fendeur  de  bois,    m    atifela,  atitsola.
F;fenêtre;f;;fesre.
F;fente;f;;dzedze, fefe, nonoefe.
F;fer;m;;ga, ga yibo. battre  le-    hlâ  zu  de  ga  dzi. barre  de-    adaba;  kpoti. fil  de-  gaka. mettre  aux-  s    de  ga,  de  ame  gaho  me.
F;;;à;repasser m awudzidoga.
F;fer-blanc;m;;gagi, ga fafle.
F;férié;f;;azâ. férié  (jour-)  azâgbe. ferme   a   sesê,  kiukutre. rester-    no  nu  dzi,  ku  kûtre  le  nu  nu.
F;ferme;f;;anyigba gege, agble, bo.
F;fermentation;f;;wa\vâ, tsitsi, hoho.
F;fermer;vt;;tu nu do nu.
F;;;la porte;tu vfo.
F;;;à clef;tu nu kple safui.
F;;;les yeux;miâ ilku.
F;fermeté;f;;kûtrekuku, sesê, kelili.
F;fermier;m;;agbledela, anyigbagela.
F;fermoir;m;;pe. féroce    a    woadâ,  nyanyrâ,  masa.
F;férocité;f;;anyrawowo, agbodzedze.
F;ferraille;f;;ga hoho, ga gbegblê.
F;ferrer;vt;;do ga na nu.
F;;;un cheval;do afoga na so. fertile    a    wonu,  \vânu. être-  wâ. fer  —  îîa fertilité    î   nuwgwg,  dzidzi. îérule    î   ati,  atâm. fervent   a   vevie,  kple  dzo.
F;ferveur;f;;dzo, veviedodo, luvVo îe veviedodo. prier  avec-    do  gbe  da  kple  tamesusu  nyuie.
F;fesse;f;;agonu, kpeme, kpeta. donner  sur  les-  s    îo  kpeme  na  ame.
F;festin;m;;kplôdodo, nuviviwodudu, aglotutu.
F;feston;m;;seîoîobabla.
F;fête;f;;azâgbe, nkekenyuie, — nkozâgbe. Fête-Dieu    f    Altaro  îe  Sakramento  îe  azâgbe,
F;fêter;vt;;du nkekenyuie.
F;fétiche;m;;legba, trô, dzo. adorer  le-    subo  trô.
F;féticheur;m;;trônu, dzosala, dzoto, bokono, trôsi.
F;fétichisme;m;;trônuwowo, trôsubosubo.
F;fétichiste;m;;trôsubpla. fétidité    î    wevte  lilili,  weWê  kû.
F;îeu;m;;dzo. faire  du-    do  dzo. prendre-    lé  dzo. allumer  du-    si  dzo,  bi  dzo. mettre  du-  à    to  dzo  nu. périr  par  le-   ku  de  dzo  me. éteindre  le-    tsi  dzo. entretenir  le-    te  dzo  dô,  nyi  dzo. retirer  du-    lô  nu  le  dzo  dzi. attiser  le-   îlo  dzo  do. mettre  qc.  sur  le-    do  nu  dzo  dzi. la  maison  prend-    dzo  dze  ho;  ho  lé  dzo1. le-  de  Fenfer    dzo  mavo  gbedea.
F;feuille;f;;angba, amagba; — agbalë.
F;feuilleter;vt;;kpo agbalë me.
F;feuilleton;m;;agbalêvi.
F;fève;f;;ayi, kpokpo.
F;février;m;;february, gleti evelia. fi  de  lui  :  int    hô  ne. fi  donc  !    tsiâ  !  kapi.
F;fiacre;m;;tasiadam. fiançailles    îpl  nugbedodo. (se)  fiancer   v   do  ame  nugbe  na  ame. fib  —  îil
F;fibre;f;;atimeka.
F;fiancé;m;;nugbetosrô, agotsola, nukpetosrô.
F;fiancée;f;;nugbeto, agotso, nukpeto, asivi. fibrille   î  akutsa.
F;ficeler;vt;;bla nu kple ka. ficelle    î  kavi.
F;fiche;f;;gati, agbalê.
F;ficher;v;;tu nu nu me, îo nu de nu me.
F;fiction;f;;nyakpakpa. fidèle   a   anukodeto,  anukware.
F;fidélité;f;;anukodedidi, anukwaredidi.
F;fiel;m;;veve. fiente    î    lâwo  îe  mï. fier   a    dzra,  he  aminu,  da.
F;fièrement;adv;;dada, gbagbla, dzadzra. se  fier    v    do  dzi. se  -à  q.    do  dzi  de  ame  nu.
F;fierté;f;;dada, aminu.
F;fièvre;f;;asrâ, atidui, kpokpo, vuvo. avoir  la-   asrâ  le  ame,  dze  kpokpo,  atidui  le  ame.
F;;;scarlatine;nudzâ. fiévreux    a  leasrâ.
F;fifi;m;;ame lolôto.
F;fifre;m;;kpe, dze. se  figer    v  bla. figue    î    kutsetse    vivi  ade.
F;figure;f;;non orne ; — nkume, mo. figuré   a   le  ahamasisi.
F;figurer;vt;;ta nu, nie nu. se  figurer   v   bu,  susu.
F;fil;m;;ka, kavi.
F;;;de;fer gaka.
F;;;d'araignée;yiyidô.
F;filasse;f;;tsro, ati fe akpa.
F;filature;f;;katrefe.
F;filaire;m;;ato. file    î   akasa,  agbaka,  lika, à  la-   le  akasa  nu.
F;filer;vt;;tre ka.
F;;;du coton;tre deti. filerie,    f,  katrefe. fil  —  fia
F;filet;m;;kavi; — do, abu, asabu — la toto.
F;;;de lumière;keklê, totoe, (ge totoe). jeter  le-    da  asabu,  kplo  do.
F;fileur;m;;katrela. filial   a   vito,  devito.
F;filiation;f;;dzodzome.
F;fille;f;;detugbui; — vinyonu. jeune-  nyonuvi.
F;;;publique;nyonuvi matrewola, gbolo, hoteli, ha- mpo.
F;filou;m;;amedra, ameflula.
F;filouterie;f;;nudrawowo.
F;fils;m;;vinutsu.
F;filtre;m;;tsitsyonu, asôe.
F;filtrer;vt;;tsyo tsi, fu nu.
F;fin;f;;nuwuwu, nutso. en-  de  compte  mloeaba. mener  à  bonne-   da  ahe  nu,  gu  nu,  de  go  dédie. le  mois  touche  à  sa-    gleti  le  kuku  ge. fin    a    nyo,  vivi,  bidibidi. final  a  mamleto,  nuwuto.
F;finance;f;;gakpokpo, ganya.
F;finesse;f;;wowolê ; npno bidibidi ; — nyonyo^ anyasâ.
F;finir;vt;;wu nu nu, tso nu.
F;;;son travail;wu do nu. j'ai  fini    mewoe  wu  nu.
F;fiole;f;;atukpavi.
F;firmament;m;;Hlï, dzingolï, dziîolilï.
F;fissure;f;;nukoko, nenefe.
F;fixer;vt;;le nu de nu nu, tsi nu de nu nu, nyê nu.
F;;;un jour;do nkeke, do nkeke di, do azâ.
F;fixité;f;;nusesê, lili, kelilû
F;flacon;m;;atukpavi, gobise.
F;flagellation;f;;atamfoîo.
F;flageller;vt;;îo kple atam. Jésus  fut  flagellé    woîo  Yèsu  kple  atam.
F;flageolet;m;;kpevi.
F;flair;m;;yâsese, wewësese.
F;flairer;vt;;se nu, se nu fe yâ, se nu f e wewê. fia  —  flo flambeau    akakati,  akati. retraite  aux-  x    akakatitsadidi,  akatigbololo.
F;flamber;vt;;mê nu, (me koklo). fSbbeoryerVi  vi  }  «  *  *  ™^
F;flamme;f;;dzo îe ade.
F;flan;m;;akpono vivi, tatali.
F;flanc;m;;ablame, aha; — aga, abu. flâner    vi    dze  srêdi,  ditsa  fo  hlâ  domawomawo.
F;flâneur;m;;amedzesrêdi.
F;flanquer;vt;;da nu.
F;flaque;f;;tsihaha, Wuihaha.
F;flatter;vt;;vivi nu me na ame, ble ame nu, du ape.
F;flatterie;f;;numevivi, numevivinya, ape xludu.
F;flatteur;m;;numevivila, adevivito, vemevivila, ape- dula.
F;fléau;m;;blifoti; — fukpekpe.
F;flèche;f;;alo, atsro, antitro. tirer  une-    da  anutro,  da  alo.
F;fléchir;vt;;bi nu, bo nu; — Wâ ame fe dzi.
F;;;les;genoux dze klo. se  flétrir  v  yro,  lûhe.
F;fleur;f;;séfoîo, sékeke, se. la-  s'épanouit    séîoîo  ke. la-  se  fâne    seîoîo  lûlû,  wuwu.
F;fleur;f;;dzi, fo. à-  d'eau    le  tsi  dzi. fleurir    vi    fo  sé;  —  tu  hlo  (deti). (des  céréales)    gba  ahadza.
F;fleuve;m;;to, tosisi. bras  d'un-    alodze,  to  fe  alo. lit  d'un-    togo,  togome. poisson  de-  tomelâ. embouchure  d'un-  tokpefe. flexible    a    nusi  bina  kaba,  wuhewuhe,  nusi  atenu abo.
F;flexion;f;;haha, bibi, bobo,
F;flexibilité;f;;dede, wuhewuhenono.
F;flibustier;m;;ame dovo.
F;flibusterie;f;;amefuflu.
F;flocon;m;;noe, koë. îlo  —  îon
F;flot;m;;dodo, tsidodo, sisi. flotte    î  vvuha. flotter    vi    zo  tsi  dzi;  —  sa  agba;  —  dzo. fluctuer    vi    wa,  wuwu. fluide    a  +  m    wotsi,  —  nuwotsi.
F;flûte;f;;dze, kete. f lûter    vi    ku  dze.
F;flux;m;;dodo, îtjdodo, tsidodo.
F;;;mensuel;gletikpok'po, gbelêie, alonene, dzînu- kpokpo,  to  asi  ahyi,  ne  asi.
F;fluxion;f;;tete, nuîoîo.
F;fœtus;m;;fil.
F;foi;f;;hose, dasedidij ànukwaredidi. ajouter-  à  qc.    ho  nu  se,  ho  nu  dzi  se. avoir  la-     ho  se.
F;foie;m;;tu, aklâ, atsutsoe.
F;foin;m;;gbe îufu.
F;foire;f;;îesi.
F;fois;f;;teîe. une-    gbadegbe,  gbedeka. une-  pour  toutes     gbidigbidi,  godogodo. deux-    zi  eve. une  autre-  gebubugi. trois-  trois    etô  teîe  etô. pas  une-    gbede  o,  geadekegi  o. à  foison    adv    sogbo  fû. foisonner    vi    so  gbo,  le  fû,  vu.
F;folie;f;;adavvadzedze, tsukuku, bometsitsi. avoir  la-    ku  ada\va.
F;folle;f;;nyonu tsukuno.
F;fomenter;vt;;nyi nu, wo nu, do nu.
F;;;des querelles;de dzre amewo dome, drô avu. foncer  un  puits    ku  vudo.
F;fonction;f;;do7 dowona.
F;fonctionnaire;m;;dzidudowola, mômeto.
F;fonctionner;vt;;wo, du.
F;fond;m;;gome, dome, to, tome.
F;;;de cale;wu gome. du-  de  mon  cœur    tso  nye  dzime  ke. à-  tsitotsito. fondemental    a     vevieto,  gometo. îon  —  for
F;fondateur;m;;gomedola, anyidola.
F;fondation;f;;anyidodo. fondement    gome,  anyino,  gomedodo. poser  les-  s  d'une  maison  do  ho  gome  anyi.
F;fonder;vt;;do nu, do nu gome, do gome anyi.
F;;;une ville;tso du.
F;;;son espoir sur q.;do nu de ame nu.
F;fonderie;f;;gakoîe, anodaîe.
F;fondeur;m;;gakola, nukola.
F;fondre;vt;;lolo nu, nyi nu; ko ga, da ano. le  sel  fond  dans  Peau  :    dzè  nye  de  tsi  me.
F;;;sur q.;dze ame dzi, lu de ame dzi.
F;fonds;m;;nukpokpo, agbemenu, megbenu-no-ame-si.
F;fontaine;f;;tsidzofê, vudo.
F;fonte;m;;gakoko, anodadal
F;force;f;;nusê, sesê, dzizizi. de  vive-  sesêtoe. reprendre  ses-  s    ka  de  me,  gbo  agbe.
F;forcer;vt;;gbâ nu, klê nu, ho nu kple sesê; zi ame  dzi.
F;;;Pentrée d'une maison;ne de ho me. forer    no  nu. forêt  ave.
F;;;vierge;ave ho, ave tsitsi, ave tsu. éclaircir    une-    fo  ave. forfaire  vi    da  vo,  bu.
F;forfait;m;;vodada, nuvôdiwowo, gudodo.
F;forge;f;;nutuîe, yoho, gbedeho.
F;forger;vt;;tu nu, kpa nui.
F;forgeron;m;;gbede, nutula, gblï.
F;formation;f;;dzodzo, dzofe, dzidzi, hehe. formel    a  dzidze. forme  nonome. pour  la-    de  bùbu  ta. changer  la-  de  qc.    tro  nu  fe  nonome. former    wo  nu,  mê  nu,  do  nonome  na  nu.
F;;;q.;he ame, fia nu ame. formidable    a  dzino.
F;fornication;f;;matrewgwo. forniquer    vi    wo  matre,  dze  ha.
F;fort;m;;mô. for  —  fou fort    a  sesê. être-    sê  nu,  tri,  tri  akg.
F;forteresse;f;;mô, abâ.
F;fortification;f;;môtutu, abâtutu.
F;fortifier;vt;;tu mô, do nusê ame.
F;forfune;f;;kesingnu, algme, nukpokpo, dzogbe. avoir  de  la-    kpo  nu,  kpo  kesingnu.
F;fosse;f;;do, lu, yg.
F;fossé;m;;do, kpodo, We. faire  un-    de,  ku  do.
F;fossoyeur;m;;ygdela.
F;fou;m;;adawatg, tsukung, bometsila. foudre    î    so,  dzikedzo,  kedzo,  hebieso. être  frappé  par  la-   so  da  ame.
F;foudroyer;vt;;so da nu.
F;fouet;m;;atam.
F;fouetter;vt;;îo ame kple atam.
F;fougère;f;;litsagbalê.
F;fougue;f;;agbodzedze, nyanyira. avec-    kple  agbodzedze.
F;fouine;f;;gbôe. fouir   vi   ku,  ho,  ku  nu  le  do  me.
F;fouiller;vt;;wlu, gudu, dzobo, dzro nu me, nu  me.
F;foule;f;;ameha.
F;fouler;vt;;do aîp nu dzi, to nu. se  fouler  le  pied    gli,  to  afg. se-  la  main    to,  no  asi.
F;four;m;;kpo.
F;fourberie;f;;amebeble, amefuîlu.
F;fourche;f;;gaflogâ, gbegbleve.
F;fourchette;f;;gaflo, gbegbleve. fourchu    a  gbegbleve.
F;fourgon;m;;tasiadam, keke.
F;fourmi;f;;anyidi, adede, adidi.
F;;;blanche;baba,
F;fourmilière;f;;adidigo, babakg, kpekge. fourmiller   vi    wa,  sggbo  fû  ;  —  nu  fie  ame.
F;fournaise;f;;kpogâ, gakokpo.
F;fourneau;m;;nudakpo.
F;fournir;vt;;do nu, do nu de ame. fou  —  îra îournir  qc.  à  q.   do  nu  na  ame,  na  nu  ame,
F;;;q de qc.;tso nu de asi na ame. se-  chez  q.    ho  nu  tso  ame  gbo  ;  tso  aîiade.
F;fournisseur;m;;nudzrala. fourniture    î    dzadzrado,  nuitutudo.
F;;;s scolaires;sukudenuwo, sukunuwo.
F;fourrage;m;;afu, afunyinyi, lânyinu. fourrager    vi    tso  afu,  nyi  afu.
F;fourreau;m;;aku, go, gui.
F;fourrer;vt;;tso nu de nu me.
F;fourré;m;;avedodo.
F;fourrure;f;;lâgbalê, lâyi, ayi.
F;fourvoyer;vt;;kplo ame bu, da mo dzi, da nu dzi.
F;foyer;m;;mlêkpui; mlê, dzodofe, kpo, afe. rentrer  dans  ses  -s   yi  afe  me.
F;frac;m;;dziwui legbë.
F;fracas;m;;vvunyavvunya, zigidi. faire  du-    wo  vvunyavvunya,  to  zigidi.
F;fracasser;vt;;gbâ nu gudugudu, tugu nu, gudu nu.
F;fraction;f;;nubgegblê, gbegblê ; — akpa.
F;fractionner;vt;;mâ nu, îli, dze nu.
F;fracture;f;;nene, dzedze, gbagbâ.
F;fracturer;vt;;ne nu, dze nu, gbâ nu. se-  la  jambe    ne  ata. fragile    a    nusi  gbâna  kaba,  belie. c'est  très-     mesena  gbâna  o.
F;fragilité;f;;gbodzogbodzo, dadafii, nono belie,
F;fragment;m;;kake, nukake. par-  kakekake.
F;frai;m;;adrugbo. fraicheur   î  fafa. frais    a   fafe,  fê,  mia,  bete. eau  fraiche    tsi  fafe. frais    mpl    gagbegblê,  wotsuigugu. causer  des-  à  q.   gblë  ga  na  ame. aux  -de  q.    wo  nu  de  ako  na  ame.
F;fraise;f;;kutsetse sue ade.
F;fraiser;vt;;tro nu pesepese.
F;framboise;f;;kutsetse vivi ade.
F;franc;m;;frâsega, frâ. franc    a    anukodeto,  wonutefe. îra  —  îré être  franc    ame  îe  dome  ko. français    a    frâse,  fr^seto.
F;un-;m;;Frâseyevu. langue-  e  frâsegbe. France    f    Frâsenyigba,  Frâseawode.
F;franchement;adv;;fâ, îa.
F;franchir;vt;;dzo kpo flo nu.
F;;;au vol;dzo to nu me. un  fleuve      fo,  iso  tosisi.
F;franchise;f;;dzimekoko ; — dokulisinono.
F;franciser;vt;;wo nu be wôazu frâseto.
F;franc-maçon;m;;free-mason, kristoha fe futo. ,
F;frange;f;;adza.
F;frapper;vt;;îo ame, hlâ, dza.
F;;;des mains;fo asi kpolui.
F;;;à la porte;îo wo.
F;;;avec un bâton;tso ati îo ame. être  frappé  de  maladie    do  dze  ame  dzi. fraternel    a  novito.
F;fraterniser;vt;;do novi evelia na ame.
F;fraternité;f;;ngviwowo.
F;fratricide;m;;ngvi wuwu.
F;fraude;f;;baba, beble. par-    beblitoe,  to  ameblemgnu. user  de-    ble,  îlu  ame,  ba  ame.
F;frauder;vt;;ba ame, flu ame, ble ame.
F;fraudeur;m;;blela, bala. frayer    vi    da  azi  (tomelawo). frayer  le  chemin    de  mo,  bala  nu.
F;;;avec q.;bg na kpïe ame.
F;frayeur;f;;vgvô, ngdzi, kuvia. frédonner    vi,  fo  nu,  fia.
F;frégate;f;;vvu.
F;frein;m;;numega, nusikanu, tasiadamtomô, ketonu.
F;freiner;vt;;to keke, to tasiadam. frêle    a    gbgdzg,  nusi  gbâna  kaba.
F;frelon;m;;Avawa. frémir    vi    dzo  nyânyânyâ,  divo.
F;frémissement;m;;vodidi, dzodzo nyânyânyâ.
F;frénésie;f;;adâwowo, ayadzedze. fré  —  fro fréquent    a    enuenu,  edziedzi.
F;fréquenter;vt;;yi enuenu. l'école    yi  suku,  de  suku.
F;;;q;(zo) bo ha kple ame, de lia kple ame.
F;frère;m;;novinulsu. vivre  en  -s    wo  novi;  ng  novigbe
F;fret;m;;agba. frétiller    vi    \va,  fo,  da.
F;fretin;m;;tomelavi. friand    a  +  m    vivina,  adzodula,  vemevividula.
F;friandise;f;;nu vivi, veme vivi, adzo. friche  (terre)    f    fluanyigba,  dzogbe,  avt}.
F;friction;f;;lili, nusisi de nu me.
F;frictionner;vt;;li nu nu nu, lili, gigli nyâ, fanyâr hitsi.  ,  ( frileux   a    vuvo  wo  ame,  le  vuvo.
F;frimas;m;;adzadza, zamû, vuvo.
F;fripon;m;;amebala, amedra.
F;friponnerie;f;;baba, nudrawowo.
F;frire;vt;;to nu, mê nu.
F;friser;vt;;tro nu pesepese.
F;;;les cheveux;fo, bla da (femmes) ; — tso da (hommes),
F;frisson;m;;dzodzo nyânyânyâ. frissonner    vi    vuvo  wo  ame,  di  vo.
F;frisure;f;;dafofo, damefefe.
F;friture;f;;là toto. frivole    a    yaka,  fuflu.
F;frivolité;f;;îuîlunyenye.
F;froc;m;;dziwui. froid    m+a    vuvo,  fafa,  fafe. être  transi  de-    ku  vuvo. il  fait-    vuvo  le  wowom. j'ai-  aux  pieds    afonye  fa. prendre-    vuvo  do  ame.
F;froisser;vt;;gudu, gusi, miâ nu; — du dzi na ame.
F;frôler;vt;;bala nu, li asi nu nu.
F;fromage;m;;tsyisi, kesu.
F;froment;m;;lu ade.
F;froncer;vt;;fo ayij tre ha.
F;;;les sourcils;fo adaba, tra adzu. fro  —  fur
F;fronde;f;;akafo.
F;fronde;f;;angbawo. frondaison    î  angbawo.
F;fronder;vt;;da akafo.
F;front;m;;ngonu.
F;frontière;f;;lifo, sefe.
F;frottement;m;;iili.
F;frotter;vt;;li, lili, dugu, tugu, titi, hitsi. se-  les  yeux    hitsi,  tutu  nku.
F;fructifier;vt;;tse ku. fructueux    a    wonu,  vvanu,  videto. frugal   a  masogbo.
F;fruit;m;;kutsetse. fruitier    (arbre-)    ati  tseku.
F;frustrer;vt;;ble ame, flu ame.
F;fugitif;m;;sisila. fuir    vt+vi    si,  dzo.
F;;;q.;si le ame nu.
F;;;de chez q.;si le ame gbo.
F;;;chez q.;si ame tso.
F;fuite;f;;sisi, megbedede; — rionoefe. prendre  la-    si  dzo,  si. mettre  en-    nya  ame.
F;fulmination;f;;gbedede, gbefâdede, — keklê.
F;fulminer;vt;;de gbe fâ, klê.
F;fumée;f;;dizudzo.
F;;;épaisse;dzudzo babla. la-  s'élève    dzuzo  tu. fumer  vi+vt   tu,  do  dzudzo.
F;;;la terre;de mi agble me.
F;;;la viande;yiyi là. le  vapeur  fume    wu  doa  dzudzo.
F;fumer;vt;;no zï, no atamâ, yo zï.
F;fumeur;m;;zïnola, atamânola.
F;fumier;m;;dukpo, lâmi.
F;fumigation;f;;lâyiyi; — adzododo. funèbre  (char-)  amekukutasiadam. funérailles    fpl    amedidi,  yofewowo,  tsyôdidi. faire  les-   wo  yofe,  di  tsyô. funeste    a  vôe.
F;fureter;vt;;dzro nu me. fur  —  gag
F;fureur;f;;adâ, adâwowo, aîiâ. furieux    a  woadâ,  dzealu.
F;furie;f;;adâ, domedzui.
F;furoncle;m;;nutete, nufofoe.
F;furtivement;adv;;minyaminya.
F;fuseau;m;;keke, agbagbla.
F;fusée;f;;asramâ.
F;fusil;m;;tu. crosse  du-  tuzo. détente  du-  awa. canon  du-  tunuti. chien  du-   ata,  aboe,  tsi. armer  le-    ne,  si,  sika  tu. tirer  un  coup  de-    da  tu,  fê  tu.
F;;;à;deux coups tunuve.
F;fusiller;vt;;îo tu ame, da tu ame. être  fusillé   v   tsi  tu  nu,  ku  le  tu  nu.
F;fusion;f;;dekawowo; — anodada. fusionner    vi    wo  deka,  lolo  nu,  toto  nu.
F;fustiger;vt;;fo ame kple ati.
F;fustigation;f;;amefoîo kple ati.
F;fût;m;;go, atigo.
F;futaie;f;;ave, ati. futile    a    gbolo,  dzodzro,  digbô,  yaka. futilité    î    yakanono,  dzodzronyenye.
F;futur;m;;geyigi sie gbona.
F;futur;m;;nugbetosrô.
F;future;f;;nukpeto, nugbeto.
G;fuyard;m;;sisila, ame sisi.
G;gâchis;m;;wunyawunya nugbegblê.
G;gaffe;f;;vodada, agblo, vvugblo.
G;gage;m;;awobu; — fetu. mettre  en-     do  nu  awoba. donner  en-    tso  nu  do  awoba  na  ame. retirer  un-    ho  nu  le  awoba  me. se  mettre  aux  -s    tso  apa,  wo  agbatedo Vocabulaire ■190 gag  —  gar
G;gager;vt;;do nu awoba na ame, he fe na ame. gager  (parier)  tso  gbe  de  nu  dzi;  ke  di  le  nu  nu. gageure    î    gbetsotso,  dikeke.
G;gagner;vt;;de vi, ho nu, kpo nu.
G;;;de l'argent;du, wo ga.
G;;;30 frs. par mois;du frâ blaeto gleti deka. gai  (être-)    v.    kpo  dzidzo.
G;gaieté;f;;dzidzo, plasi.
G;gain;m;;vi, vide nukpokpo. gaine    î    aku,  gui. galant    a  wokalê. galanterie    î    kalêwowo,  nyonububu.
G;gale;f;;akli, nuîie, akli.
G;galeçon;m;;godui, agbote, kpemedotse. galère    î  gatowu.
G;galerie;f;;akpata, adzrala, abranda.
G;galette;f;;akpono vivi, — gà. galeux    a    dze  kpiti,  akli  to. galle    î  vevee.
G;galoche;f;;atifokpa.
G;galon;m;;abota, avotsyonu.
G;galop;m;;so îe duîuîu. galoper    vi    do  du  na  so. gambader    vi    dzo,  dzo  kpo. gamelle    î  gagba.
G;gamin;m;;kpodomevi, yakame. gaminerie    l    lânuwowo,  nudrawowo. gangrène    î    do  sesê  ade.
G;gant;m;;asiwui. mettre  des-    do  asiwui. mettre  des-  s,    do  asiwui. garage    î    akpata,  agbafloe.
G;garant;m;;asifulaako, ngggbenola. se  porter-    fu  asi  ako  na  ame. garantie    î   asiîuako,  hodako  —  awoba.
G;garantir;vt;;îu asi ako de nu ta.
G;garçon;m;;nutsuvi. vieux-    tre,  tre  ho  ho. d'ôtel    kplôsubola,  boy. garde    î    dzikpokpo,  nudzodzo;  —  fianusraîowo. se  tenir  sur  ses-    no  nudzo. gar  —  gaz prendre-    kpo  dokui  dzi  nyuie,  kpo  nyuie  de^
G;garde-fou;m;;adzrala.
G;garde-malade;m;;donodzikpola.
G;garde-manger;m;;nududzradofe.
G;garder;vt;;kpo nu dzi, bu nu nu, suso nu di.
G;;;la bienséance;le dokui nyuie.
G;;;le jeûne;bla nù.
G;;;sa parole;wo de nya dzi.
G;;;le silence;zi dodoe, zi kpi, do to.
G;;;un malade;dzo dono dzi. donner  à-  à  q.   ka  awatso  na  ame. garde-robe    î    awudrô,  awusigao.
G;gardien;m;;nudzola, nubula. gare    f+int.    wuto,  gadzeîe;  —  kpo  nyuie  !  •
G;garer;vt;;kpa sa, fo asa ua nu. se  garer    v    dze  na  ame,  tete,  yi  de  aga  dzi. se  gargariser    v    kotso  nu  me. gargouiller    vi    hotso  nu  me.  \ gargoulette    î    kplu,  kula.
G;garnement;m;;kpodomevi.
G;garnir;vt;;dzra nu do, do nit, do atsyô na nu.
G;garnison;f;;mômetawlilawo. garnilure    î    mododo,  nutinu,  —  nutsyonu,  atsyô.
G;;;de;table kplodzinuwo.
G;garotter;vt;;bla ame sesie, tege nu de nu me na ame.
G;gars;m;;nutsuvi.
G;gaspillage;m;;nugugu, ahedada.
G;gaspiller;vt;;gu nu, da ahe, gbâ atri nu.
G;gaspilleur;m;;nugula, ahedalanu.
G;gaster;m;;fodo, dome.
G;gâteau;m;;atatâlï, keki.
G;gâter;vt;;gblê, tsyrô nu. se  gâter   v    gblê  amedokui,  gbâ  atri,  di  anyrô.
G;gauche;f;;miâsi, miaine. gauche    a    mia,   —  îo  aka. main-  miâsi. gaucher  (être-)    m    wo  miâ,  miâwola. gaucherie   î  akafoîo. gaufre    î    anyigba,  anyi  îe  agba>
G;gaz;m;;ya dzedzo, gas. 13* gaz  —  gen gazelle    î    zi,  se. gaxeite    î  nyadzogbalê. gazeux    a  gasto. eau-  se    tsi  îaîe  soda,
G;gazon;m;;gbeteîe. gazouiller   vi    fia,  îa,  îo  nu  abe  hevi  ene.
G;gazouillement;m;;hevi îe nuîofo.
G;geai;m;;hevi ade.
G;géant;m;;ame dzotsu, ame kako. géhenne    î  dzome. geindre   vi   ne,  fa,  de  hû.
G;gel;m;;vuvo. gelée    î    vuvo  ;  —  nuvivi. geler   vi   tsi  bla,  tro  tsikpe. je  gèle  vuvo  le  woyem. gémir    vi    ne,  de  hû,  îa  hû  de  nu  ta.
G;gémissement;m;;hudede, nene, konyiîaîa. gemme    î    kpe  hoasi. gencive    î    nyê,  adunulê.
G;gendarme;m;;kpovito, polisi.
G;gendre;m;;toyovi, visrônutsu. gênant    a    hemo,  îudeto. gêne    î    mohehe,  kododo,  dzizizi,  îuçlede. généalogie    î  dzidzimehehlê.
G;gêner;vt;;de îu, he mo, do kplamatse ame. se  gêner   v    nukpe  dze  ame  dzi,  nukpe  lé  ame.
G;général;m;;asaîohli, general, général   a  wokatâto.
G;généralement;adv;;godo, edziedzi. génération    î    dzidzi,  dzodzome.
G;générer;vt;;dzi vi. généreux    a    nyo  dome, générosité    î    domenyonyô,  asimekeke.
G;génie;m;;aklamâ, ame nyanu, gbogbomenusêto. génisse    î    nyino  matsimatsi.' génitales  (parties-)    a    nutsume,  av^a  ;  —  nyonu- me,  agome.
G;genou;m;;klo, koli. se  mettre  à-  x   dze  klo,  fu  klo  anyi. se  déboiter  le-    ame  îe  klo  gli. gen  —  gin
G;genre;m;;dzidzime, klo, sa, fomevi, ku.
G;;;humain;amegbetowo fome. gens    pi  amewo.
G;;;sans;aveu yakamewo. bonnes-    ame  nyuiewo.
G;gentil;m;;trôsubola. gentil    a    do\vu,  dzedeka.
G;gentilhomme;m;;wudola, nkutato. gentilité    î  trôsubolawo. gentillesse  î  Wudodo,  dekadzedze. génuflexion    î  klodzedze. géographie    î  anyigbanuitinya. géologie    î  anyigbanutinufiafia.
G;geôle;f;;gaho.
G;gérant;m;;nudzikpola, nunola, domegâ.
G;gerbe;f;;babla, blitiko.
G;;;de;fleurs sefofobabla.
G;gerber;vt;;bla nu. se  gercer    v    dze,  klê.
G;gerçure;f;;dzedze.
G;gérer;vt;;no nu nu, du nu dzi. germain    a  doîome.
G;germe;m;;nuîaîo fe nku, miemîe. germer    vi    mie,  do  nku  da.
G;geste;m;;alodede, dzesifiafia, — kalêwovvo. gesticuler   vi   de  alo,  fia  dzesi.
G;gesticulation;f;;alodede^ abodede.
G;gibbosité;f;;kpododo.
G;gibecière;f;;adegolo, adegbedekpo.
G;giberne;f;;agbadza.
G;gibet;m;;kadeveti.
G;gibier;m;;gbemelâ, adelâ.
G;gibus;m;;kuku legbe.
G;gifle;f;;tomeîofo. donner  une-    fo  tome  na  ame,  îo  mlapâ  me.
G;gifler;vt;;gbâ to me, no erne na eme. gigantesque    a  dzotsu,  loiogâ.
G;gigot;m;;lâtoto, la fe ata. gigoter    vi    da  fo  le  yame.
G;gilet;m;;dziwui.
G;gingembre;m;;agumetaku, nkrawusa. gin  —  goê ginguer    vi    dzo,  dzo  kpo.
G;girafe;f;;la ade.
G;giron;m;;atata, ako, akome. (clou  de)  girofle    f  adrike.
G;gîte;m;;anyimlofe, dofe, mlofe.
G;givre;m;;vuvo, tsi babla si tsia anugbawo nûtL glace    î    tsi  babla  tsikpe.
G;glacer;vt;;bla tsi. glaire    î    azi  gi. glaise    î    anyigba  dzê. terre-    anyigba  dzê.
G;glaive;m;;yi.
G;;;à double tranchant;yi nuevee. tirer  le-    dzi  yi.
G;glande;f;;ku, azegedefui.
G;glaner;vt;;fo nu dzodzoe, lo nu, Isa tsagbatse. glapir   vi    wo,  gbo,  ne.
G;glas;m;;amekuikuga. glèbe    î    anyigba,  anyiglâ,  anyigudu. glisser    vi    didi,  tsra,  nini.
G;globe;m;;nu nogo.
G;;;terrestre;anyigba.
G;globule;f;;nunogovi. gloire    î    bubu,  nutikokoe. se  couvrir  de-    ho  nko,  de  du. glorieux    a    honko,  nutikokoeto.
G;glorifier;vt;;do koko ame, do ame de dzi.
G;glorification;f;;kokododo. glose    î  gomefiafia.
G;gloser;vt;;de nu fia. glousser    vi    hlô  abe  koklo  ene,  do  vigbe.
G;glouton;m;;nutsudula.
G;gloutonnerie;f;;nutsududu. gluant    a    kadikadi,  drihôdrihô,  dade.
G;gluau;m;;ane, anehe. tendre  des-  x   do  ane.
G;gobelet;m;;tsinonu, tsinokopo.
G;gober;vt;;mi nu.
G;godet;m;;tsinonuvi.
G;godillot;m;;gbadagbawo fe afokpa.
G;goélette;f;;wuvi. goî  —  gou
G;goitre;m;;avo, gba, atiko, akonoe; — ko.
G;golfe;m;;fukome, tsinu, adô. Golgotha    m  Golgothato. gomme    î  arie.
G;gommer;vt;;si a rie na nu.
G;gond;m;;megbega, kotoklo, wotruriuga.
G;gondole;f;;wuvi.
G;gonfalon;m;;aflagavi.
G;gonfler;vt;;wu nu, do îufu de nu me, vu gbîoto. gonfler    vi    te,  ho,  dzi,  dru,  do  atsi.
G;gonorrhée;f;;baba, kotisâ, adudovee, dekakpuidoi
G;goret;m;;havi.
G;gorge;f;;ve, vehlo, hlo; — avvlime, aga. nœud  de  la-  atsokoe. couper  la-  à  q.    tso  ve  ame  nu. se  couper  la-    tso  hro  na  amedokui. prendre  q.  à  la-    mimi  ve  na  ame. avoir  la-  prise   ame  fe  gbe  me  he rire  à-  déployée    ko  nu  hahaha.
G;gorgée;f;;numimi deka. gorger   vi   tu,  tege  nu  de  veme  na  ame  fû. gorille  î  kese.
G;gosier;m;;vehlo, hlome, veme. gosse   m+f   devi,  riutsuvi,  nyonuvi.
G;goudron;m;;ano yibo.
G;goudronner;vt;;si ano yibo na nu.
G;gouffre;m;;abume, agume.
G;goujat;m;;ame vlo, ame fodi.
G;goupillon;m;;tsikokoedanu. .
G;gourde;f;;go ; — bometsila.
G;gourdin;m;;kpo titri kpui.
G;gourmand;m;;hutsudula, adzodula.
G;gourmander;f;;ka nkume, blu de ame ta.
G;gourmandise;f;;nutsududu, adifudidudu.
G;gousse;f;;tsro.
G;gousset;m;;kotokuvi.
G;goût;m;;nudodokpo, vivisese. cela  n'est  pas  à  son-    mevivi  enu  o. sans-    yâ,  lolo.
G;goûter;vt;;do nu kpo, de nu nu me.
G;goutte;f;;tsikui, tsifoti, tsitontori. gou  —  Gra tomber  goutte  à  goutte    ge  tonton,  tsyo. goutte    î    adoko,  titi,  aluba,  kliko,  nudui. gouttière    î    bedzame,  tsitronu,  hodome.
G;gouvernail;m;;kudo, atablu. gouvernante    î    nyonu  si  hea  deviawo.
G;gouvernement;m;;dzidudu.
G;gouverner;vt;;di? nu dzi.
G;;;un bâteau;do kudo, se  gouverner    v    lé  dokui.
G;gouverneur;m;;dzidula, mômeîia.
G;goyave;f;;agua.
G;grabat;m;;aba (amedaheto). grâce    î    amenuvenu,  tsotsoke,  lolô. de-    le  Mawu  ta.
G;;;à q.;ha de ame ta. recours  en-    afolélé,  kukudede. demander-    de  kuku,  lé  afo. faire  -à  q.    ve  ame  nu. grâces    îpl    akpedada  gbedododa.
G;gracier;vt;;ve ame nu, tso ke ame, tro dome de ame  nu. gracieux    a    nyuie,  dzeriu,  enyô.
G;grade;m;;kokome. être  gradé    ho  abota.
G;grader;vt;;ko ame de dzi.
G;gradin;m;;aîodofe. graduation    î  mamâ.
G;graduer;vt;;ma nu; do nu de dzi.
G;grain;m;;bli, bliku. faire  le  commerce  des-  s     do  bli,  tsa  blisi.
G;graine;f;;ku, nuku.
G;graisse;f;;ami, amidada, kaklâ, hami.
G;graisser;vt;;si ami de nu nu, ta ami.
G;grammaire;f;;grama, gbegomefiagbalê.
G;gramme;m;;dadame ade, gram,
G;gramophone;m;;gramofon. grand    gâ-,  lolo,  dikpe.
G;;;(en stature);ko, gâ, klitsu, dzo atsu. de-  cœur    kple  dzidzo. grand'  chose    f    ml  gâ. Grande-Bretagne  Enlistowode. gra  —  gre
G;grandeur;f;;gânyenye, lolome, kpekpeme.
G;grandir;vt;;tsi. ne  pas-    te  kpe,  ku  te. grand'  maman  f  )  -.«—s 6        j,  £    ;  mama, grand'  mere    î  ( grand'  messe    î    missa  gâ.
G;grand-papa;m;;\ t b {
G;grand-pere;m;;) 6
G;grand-roule;f;;\ mQ &
G;grand-rue;f;;/ - 6 grand-parents    mpl    togbui  kple  mama,
G;grange;f;;ava, sa.
G;granit;m;;kpe sesê.
G;grappe;f;;kpo, (kutsetsekpo), kç. gras    a    dami,  dikpe. grasseyer    vi   matenu  agblo  «  r  »  o.
G;gratifier;vt;;na.
G;;;q. de qc.;na nu ame.
G;gratis;adv;;fetumahomaho.
G;gratitude;f;;akpedada.
G;gratter;vt;;kuko nu, ka, ha, flo, de fe. se-  dans  Poreille    lu  to  me. gratuit    a     fa,  dzodzro.
G;gratuitement;adv;;femahemahe. grave    a    vevi,  gobi,  sesê. maladie-     do  sesê.
G;graver;vt;;nlo nu de ga dzi, wlu nu me.
G;gravier;m;;kpekui, kpekpui, kekui.
G;gravir;vt;;lia, flo nu.
G;gravité;f;;vevienono, movevidodo, nusesê.
G;gravure;f;;nonometata de ga alo kpe dzi.
G;gré;m;;lolônu, dzidzi. à  votre-    alesi  nèlô  ko,  alesi  nedzro  ko. savoir-  à  q.  de  qc.   da  akpe  ia  ame. savoir  mauvais-  à  q.    bu  nu  vô  na  ame* grec    a    helato,  helagbe.
G;gredin;m;;yakame.
G;grêle;f;;tsikpe, ketsi. grêle    a    diku,  flâ,  lê. grêler    vi    ketsi  le  dzadzam. grelots    mpl    gaviwo,  nyawowuiwo. gre  —  gri grelotter    vi    dzo  nyânyânyâ  le  vuvo  me.
G;grémial;m;;episkopo fe avo ade.
G;grenade;f;;aboda.
G;grenadier;m;;abodati, — gbadagba.
G;grenier;m;;dzibeme, nudzradofe.
G;grenouille;f;;akpokplo, bele, adi, bèna.
G;grès;m;;abokpe. grève    î  dowowogbegbe. se  mettre  en-   de  asi  dowowo  me.
G;grever;vt;;do agba na ame, do domedzui.
G;grief;m;;haha, konyifafa, liwiliwilili.
G;griffe;f;;fè.
G;griffer;vt;;de fè, da fetsu) ame, ke fè.
G;griffonnage;m;;nu bliba, nunorïlo bada.
G;griffonner;vt;;wo nublibâ, fodi nu, kuko.
G;grignoter;vt;;du nu, kuko nu, ka nu kple adu.
G;grillage;m;;kpo kpototo, gakpo.
G;grille;f;;adzralawo.
G;griller;vt;;mê nu, to nu.
G;griller;vt;;to kpo.
G;grillon;m;;abo, tododoe, krilili.
G;grimace;f;;ahlôe, agogododo. faire  des-    sa  mo,  (nkume)  sa  nu,  heve  de  ame, to  mo. grimacer    vi    wo  ahlôe;  do  agogo  de  wudome  na ame.
G;grimper;vt;;lia, bala (vrilles).
G;;;sur un arbre;lia ati, fu ako ati, to afo ati.
G;;;de branche en branche;da aba.
G;grincement;m;;aduklidudu. grincer  (des  dents)    du  adukli. grippe    tugè,  dzamezâ.
G;gripper;vt;;lé nu, fi na gris    a    kpi,  flukpê,  ge. cheveux-  wo. avoir  des  cheveux-    fo  wo. se  griser    mû  aha. grisonner    vi    îo  wo,  ame  fe  ta  fo  wo.
G;grive;f;;hevi ade. faute  de  grives*        \  Ne     ]q  {      edua  bolu on  mange  des  merles  j         &  y gro  —  gue grogner    vi    gba,  wlu,  hlô  abe  ha  ene.
G;grognement;m;;ha fe gbetète, alo hohlô. gronder    vi    dze  agbo,  de  hû  ;  li  liwiliwï,  wo nyadoe,  hanu  kple  gli.
G;gronder;vt;;he nya de ame nu. gros    a    titri,  lolo  ;  fodo  gâtg,  îodotu,  gligo. avoir  le  cœur-   ha  nu. commerce  en-  adzododo.
G;groseille;f;;kutsetse ade. grosseur    î   lolome,  lolo,  kpedidi.
G;grosse;f;;nu alafa deka blaene vo ene.
G;grossesse;f;;fufofo. grossier    a    dzalï,  nlomito,  lodzo. être-    menye  ame  o  wo  nlomi.
G;grossièreté;f;;nlomi wowo.
G;grossir;vt;;lolo nu de dzi.
G;grossissement;m;;loiodedzi.
G;grotte;f;;agado, tpnudo. grouiller    vi    sogbo  îû.
G;groupe;m;;ha, nuîoîofu.
G;grouper;vt;;îo nu eîu de àkpa akpa. grue    î  agbakomô. grumeleux    a    toko,  kpoto.
G;guano;m;;hevirni.
G;gué;m;;toîofe, totsoîe. passer  à-    îo  to,  tso  to.
G;guenille;f;;avo vuvu, dovu.
G;guenon;f;;keseno, fie. guêpe    î    wa,  lili,  wawâ.
G;guêpier;m;;wâto, lilïgo, waWâto.
G;guéridon;m;;kplôvi.
G;guérir;vt;;yo do, da gbe ame nu, gakpo là mesê , haya.
G;;;complètement;y g dg kenu. la  plaie  guérit    abi  le  kukum,  îo  dzo. guérison    î    dgyoyo,  hayahaya,  gbedada. guérite    î    gbadagba  îe  hovi. guerre    î    awa,  awawowo. faire  la-    wg  awa. déclarer  la-     do  awa,  to  awa  ame. s'en  aller  en-    yi  awa,  de  awa. gue  —  hab se  faire  la  guerre    a\va  dzo  de  duko  kple  duko bubu  dome. la-  est  finie    awa  ke,  wu  nu.
G;;;civile;afewa.
G;guerrier;m;;awawola, gbadagba, asrafo.
G;guerroyer;vt;;wo awa.
G;guet;m;;nudzodzo. être  aux  -s    de  ha,  srâ  nu.
G;guet-apens;m;;ha. dresser  un-    tso  ha.
G;guetter;vt;;de ha di na ame, lala, dzo nu, fi nu kpo.
G;;;un voleur;dzo fiafito. gueux    a    dahe,  dokpo,  —  amevlo.
G;;;comme un rat d'église;dahe abe gbemefi ene.
G;guichet;m;;wotruvi, fesrevi.
G;guide;m;;kplola, mofiala.
G;guider;vt;;kplo ame do, fia mo ame.
G;guignol;m;;fefe ade.
G;guillemet;m;;kotesiondzesi <-< >
G;guillotine;f;;amewudabraka, amewuyi.
G;guillotiner;vt;;wu ame kple ametatsomô. ver  de  Guinée    m  ato. guiorer    vi    hlô  abe  afi  ene. guindé    a  adanuto.
G;guirlande;f;;agbalêsefofobabla.
G;guise;f;;ko, konyinyi.
G;guitare;f;;kasanku, dzita.
G;gustation;f;;nudodokpo.
G;gymnase;m;;sukugâ.
G;gymnastique;f;;asadabobo. faire  de  la-    bo  asada.
H;gypse;m;;anyi ade. N.  B.    Le  signe  '  devant  h  indique  que  Vh  est aspirée. habile  a  dzeadanu,  zâ,  zâzë.
H;habileté;f;;adanudzedze, bibi. hab  —  'hal
H;habiliter;vt;;do nusê ame.
H;habillement;m;;awudodo, avgtata, nwtata.
H;babiller;vt;;ta avo na ame, do awu.
H;s'habiller;v;;ta avo, do awu.
H;habit;m;;avo do, riutsutata, nyonutata.
H;;;européen;awu. prise  d'-    awudodo,  awuhohg. cet-  sied  bien    awu  dze  ame  nyuie,  so  nyuie.
H;habitant;m;;homenola. habitation    î    ho,  note, habiter    vi+vt    no  afi  ade.
H;habitude;f;;nongme, mamâ, numâme. prendre  P-    dze  nuwowo. avoir  Y-  de  rire    koa  nu,  lôa  nu  koko. habituel    a    nusi  ma  ame.
H;s'habituer;v;;nu ma ame. 'habler    vi    kpa  nya  de  nya  dzi. 'hâblerie    î  adegbefofo.
H;'hâbleur;m;;adegbefola. 'hache    î  fia.
H;'hacher;vt;;dza, mê, vuvu, bé nu. 'hachette    î    îiavi,  sovi,  aîâ.
H;'hachoir;m;;yikpo, krante.
H;'haie;f;;kpg, kpgtgtg.
H;'haillon;m;;dovu, avg kake. 'haine    î    îulele,  kewgwg,  adika. avoir  de  la-  pour  q.    lé  îu  ame.
H;liaïr;vt;;lé ame de dome.
H;;;q.;mortellement bg keku ame, lé ame de ke me. lîaleme    î  gbggbg. être  hors  d'-    gbggbgtsihe  tsi  îo  ame. retenir  son-    tsi  gbggbg  de  îo. 'haleter    vi    gbg  fugeîuge,  hehehe. halle    î    akpata,  buho,  asimehggâ. 'hallebarde    î  akplg.
H;'hallier;m;;ati dgdge, ave dodo, 'hallo  !    int    ago  !  —  (Rép.)  ame  !
H;'halo;m;;tsikpg. 'halte    î    tgtg,  lalafe  ;  ngîe. faire-    tg,  tg  te. 'halte    int    tg,  lala,  ng  te. 'ham  —  'hat
H;'hamac;m;;hamaka. porter  le    tso  hamaka. porter  q.  en-    tsg  ame  de  hamaka  me.
H;'hamaquier;m;;hamakatsola.
H;'hameau;m;;kgîe.
H;hameçon;m;;îu. mordre  à  Y-    tgmelâ  tso  îu. 'hampe    î  aîlagati. 'hanche    î  ali. os  de  la-    aliîu,  aku. articulation  de  la-  aklito.
H;'hangar;m;;agbado, akpata, adzava.
H;'hanter;vt;;kpo nu da; — kpe nu, noli zo ame.
H;'happer;vt;;lé nu kple nu, avu da tsyo ame. 'harangue     î  nyagbogblo.
H;'haranguer;vt;;gblo nya. 'harassé  (être-)    v     dedi  te  ame  nu.
H;'haceler;vt;;de fu na ame. 'hardi    a    kalëlo,  lédzideîo.
H;'hardiesse;f;;kalêwowo, dzidefo.
H;'hareng;m;;adruku, wetsim, mifo. 'hargneux    a  wodzrè.
H;'haricot;m;;ayi, kpokpo.
H;'harmatan;m;;pepi, gi, baliwoe (do, le fofom)» harmonica    î  blafosanku.
H;harmonie;f;;dekadidi, gbesoso.
H;harmoniser;vt;;so nu kple nu bubu.
H;harmonium;m;;sanku.
H;'harnais;m;;awawu, akpohonu. 'harpe    î  kasanku,
H;'harpon;m;;akplo, \va.
H;'harponner;vt;;da akplo.
H;'hasard;m;;aklamâ, dzogbe. par-    mawuawo  îe  didi. rencontrer  q.  par-    îo  go  ame,  do  go  ame.
H;'hasarder;vt;;do dzi, katse, hatse wo nu. 'hase    î  adzokeno. 'hâte    î    abladede,  wu,  yoyo. à  la-    bla,  kabakaba.
H;'hâter;vt;;yo vvu de nu nu. se  'hâter    v    de  abla,  wo  kaba,  yo,  îla. hau  — hér
H;'hausse;f;;asihoho de dzi5 dodo de dzi.
H;'hausser;vt;;ko nu de dzi.
H;;;les épaules;te abo, do aboîui. 'haut    a    koko,  dzralâ. en-    dzi,  de  dzi,  dziîogodzi.
H;'hautbois;m;;kpe. 'hauteur    î    koko,  kokofe,  dzime. être  à  la-  de  q.    te  ame  le  nuwowo  me.
H;'h&vresac;m;;golo, kptoku. hebdomadaire    a    kwasida  sia  kwasida.
H;héberger;vt;;wo amedzro na ame.
H;hébétement;m;;movidzodzo.
H;hectare;m;;dzidzenu ade, hekta.
H;hectolitre;m;;dzidzenu ade, hektolita. hélas      int    ao  ! hémisphère    î    nunogo  îe  aîà,  anyigba  îe  afâ.
H;hémorragie;f;;v^udede. hémorroïdes    îpl  anîonyenye.
H;'hennir;vt;;hlô abe so ene.
H;'héraut;m;;gbefâdela, herbe    î  gbe. herbeux    a    wo  gbe. herbivore    a  dugbe.
H;'here;m;;ame dahe. héréditaire    a  domenyito. hérédité    î    domenyinyi,  tsrônududu.
H;hérésie;f;;motatra le hose me.
H;hérétique;m;;motraîa le hose me. hérétique    a  motratoe. 'hérissé    a    toîu  kedze.
H;'hérisser;vt;;wo kpdzo, to îu kedzekedze.
H;'hérisson;m;;hlômâde.
H;héritage;m;;domenyinu, tsrônu. part  d'-  domeduinu.
H;héritier;m;;domenyila, domedula.
H;hériter;vt;;nyi dome, du ame îe dome.
H;;;de q.;nyi ame fe dome, 'hernie    î    kutsu,  akloloe,  akplolui,  agbogbo. 'herniaire  (bandage-)     kutsuka,  akloluika. porter  un  bandage-    do  kutsuka.
H;héroïne;f;;nyonu kalêto. hér  —  hon
H;héroisme;m;;kalêwowo.
H;'héros;m;;kalêto, nutsuwola.
H;'heron;m;;anogi, akogi, golo.
H;'herse;f;;lâklefe gâ, agblenlônu. hésitation    î  anyitsitsi. hésiter    vi    he  de  megbe,  tsi  anyi. lieure    î  gaîoîô. de  bonne-    ndikanya  futu. quelle  heure  est-il    ga  nenie  îo. il  est  deux-  s    ga  've  fo. savoir  lire  Y-    nya  ga  me. lieureux    a  dzidzoto. être-    kpo  dzogbenyuie.
H;heurt;m;;nukikli.
H;heurter;vt;;kli nu, to nu, to afo nu.
H;hibou;m;;adzehe, faviewuto, wuvfaiï. hideux    a  nyônu.
H;hier;adv;;etso si va yi. d'-  etsoto. hilarité     î  dzidzokpokpo.
H;hippopotame;m;;tomenyi, tsimenyi, nyô.
H;hirondelle;f;;fcagbadre, agbali.
H;hisser;vt;;ko nu de dzi, si nu.
H;;;le drapeau;si aîlaga.
H;histoire;f;;nutinya. raconter  une-    gblo  nutinya.
H;hiver;m;;vuvonoli, pepime, fôîome.
H;hocher;vt;;wuwu nu, dzobo nu.
H;holocauste;m;;vôsasâ. homélie    î  nyagbogblo.
H;homicide;m;;amewuwu.
H;hommage;m;;bùbu.
H;homme;m;;ame, amegbeto. bout  d'-    ame  kpui,  gezele,  akotia. Homme-Dieu    Mawu-zuagbeto;  Yesu  Kristo.
H;homonyme;m;;doko, nyikodekanugbito. homogène    a    dekatogbe,  dekanugbi. honnête    a  anuikodeto. honnêteté    î  anukodedidi.
H;honneur;m;;bùbu. affaire  d?-  bùbunya. hon  —  'hot prix  d'honneur    bùbudzo,  bubunana. flétir  P-  de  q.    du  ame  gome,  lï  amie  nu. faire-  à  q.    do  bùbu  na  ame,  do  koko  ame. arriver  aux  -s    ho  bùbu,  kpo  bùbu.
H;lionnir;vt;;de alome le ame nu, du fewu le ame nu. honoraires  mpl    adzo,  îetu. honorabilité    î    bubudzedze,  bubutonyenye. honorable    a  bubuto.
H;lionorer;vt;;bu ame, do koko ame.
H;'honte;f;;nukpe, nkumekuku, modedeto. avoir-    kpe  nu. ayez-    nu  nekpe  wô. faire-  à  q.    do  nukpe  ame. 'honteux  (être-)    lé  dibo,  le  kpodi.
H;hôpital;m;;doho, donoho, dokita kodzi.
H;'hoquet;m;;hedzehedze, dzedze (tso ame).
H;horizon;m;;nukposefe, agù. horizontal    a    do  agba,  dzo. liorloge    î  gaîodokuigâ. horloger    rn  gaîodokuiwola.
H;horlogerie;f;;gaîodokuiwoîe.
H;horreur;f;;nodzi, vodzidzi, nunyônu. avoir  qc.  en-    tsri  nu,  nu  dzi  no  na  ame. horrible    a    dzino  nunyônuto. ^hors    adv    le  gota,  le  kogo,  godo. c'est-  de  doute    dikeke  mêle  me  o. être-  de  soi    wo  adâ,  wo  nugbenugbe.
H;hospice;m;;doho, amedzrodzeîe.
H;hospitalité;f;;amedzrowowo. donner  P-  à  q.    wo  amedzro  na  ame. hopitalier    a  amedzrowola.
H;hostie;f;;vôsânu, hostia. hostilité    î    îulele,  kelele,  adika.
H;hôte;m;;amedzrowola, amedzrohola.
H;hôtel;m;;amedzrodzeîe.
H;;;de;ville adanudoîe.
H;hôtel-Dieu;m;;doho.
H;hôtelier;m;;amedzrodzeîeto. hôtellerie    î  amedzrodzeîe. 'hotte    î    kusi  si  wotsona  de  megbe. Vocabulaire 'hou  —  hyè 'houe    î    kodzoe,  agblenunlgnu.
H;'houille;f;;aka. 'houle    î    îutsotsui,  tsitsotsoe. 'houlette    î    lâkplgti,  alêkplgti. 'houppe    î  adza.
H;'hoyan;m;;kodzi, agblenlonu. 'huche    î    abolokpe,  wodaka,  amowokolo. 'huée    î    glidodo,  hôwowg.
H;'huer;vt;;do hehe de ame ta, wg hô.
H;huilage;m;;amisisi. huile    î  ami.
H;;;de palme;amidze, kglg. #
H;;;de ricin;dodrotike, tsatsratike.
H;;;comestible;ami dudua.
H;huiler;vt;;si ami; ta, lé ami de nu nu. 'huit    a  enyi. 'huitaine    î    kwasida  deka. huître    î    adza,  ate,  fôli. huitriëre    î  adzakpo. humain    a    ametg,  lôame. humanité    î    amenyenye,  amelglô;  —  amewo  katâ. humble    a    bgbge,  bgbg  le  dzime.
H;humecter;vt;;de, îo, wu tsi.
H;humer;vt;;kplg nu, gbugbg nu. humeur    î    ame  îe  ngngme,  mokgkg,  dzigbg. bonne-  mokgkg,  dgmefafa. humide    a    wgtsi,  bele,  îotsi. Tair  est-    yame  wg  belebele. humidité    î    tsiwgwg,  tsinu. humiliation    î  amebgbgdanyi.
H;humilité;f;;dokuibgbg.
H;humilier;vt;;bgbg ame de anyi.
H;humoriste;m;;nyadikokoegblgla. 'huppe    î  bà. 'hurler   vi   hlô,  de  gbe,  do  gli.
H;'hurlement;m;;gbedede, hghlô.
H;hussard;m;;gbadagba.
H;'hutte;f;;gbehg, behg, anyihg. hydre    î    da,  tgda. hydropisie    î  tèièdg. hyène    î  amegâhi. hym  —  île  207
H;hymen;m;;srôdede.
H;hymne;m;;hadzidzi kokoe. hypocrisie    î    alakpa,  alakpadada,  alakpanuwowo. hypocrite    ni      alakpadala,  anyrânuwola,  alakpa- nuwola. hypothèque    î    fetsotso,  îetsogbalê,  woba.
I;hypothéquer;vt;;do nu woba.
I;ibidem;adv;;afimâ ke, emâ ke, esia ke.
I;ici;adv;;aîi, afisi, afisia. d'-    afisito,  aîiyito,  tso  afisia. par-    aîiyi  godzi.
I;ici-bas;adv;;anyigba sia dzi. idéal    a    blibo  (de  ame  îe  susu  nu), idée    î    susu,  tamesusu. idée  subite    nuîotame  na  ame. identique    a    deka  togbe,  deka  nugbi,  sosoe. identité    î  nusoso.
I;idiome;m;;gbe, dumegbe, amedegbe.
I;idiot;m;;movito, bometsila, adzato, adawakula. idiotie    î    movidzodzo,  adawakuku.
I;idolâtre;m;;trôsubola. idolâtrie    î  trôsubosubo.
I;idole;f;;legba, trô. adorer  les-    s    subo  trô,  wo  trô.
I;igname;m;;tè.
I;;;(cuit à Phuile);koliko, tetotoe.
I;;;(en tranches);tedada, teko, tekpoti, busa.
I;;;(écrasé;au pilon) fuîu. écraser  de  V-  au  pilon   to  îuîu. planter  de  P-    do  te. ignoble    a    vlo,  yaka. ignominie    î    nukpe,  nu  vlo. ignorance    î    numanyamanya,  adzaîoîo. ignorant    a    manyanu,  azioto,  adzato.
I;ignorer;vt;;menya nu o. île   î    tomekpo,  îukpo,  ko. ill  —  imm illégal  a    mêle  sè  nu  o,  manosenu. illégalité    î    sedzidada,  semedzedze. illégitime  (enfant-)  ahasivi. illettré    a    numanyato,  agbalêmanyato. illibéral    a    manyodome,  make  asime. illicité    a    nusi  wogbe,  alo  wohe  mo  na. illimité   a    lifo  mêle  ne  o,  lifomanosi. illumination    î    keklê,  dzodadra.
I;illuminer;vt;;na keklê. illusion    î  beble. illusoire    a  bleame illustration    î    nuîiaîia  kotè,  nonometata. illustre    a    honko,  nkutato,  nyô  dedu.
I;illuster;vt;;fia nu kotë; wo nonometata. image    î  nonometata. Dieu  créa  Phomme  à  son-    Mawu  wo  amegbeto de  eîe  tata  nu. imagination    î    susu,  tamesusu. imaginable    a    nusi  woatenu  asusu,  (abu).
I;imaginer;vt;;susu tame, bu nu nuti ; he nu ve to 1      tamesusu  me.
I;s'imaginer;v;;susu, bu hâ be . . . imbécile    a    bometsila,  movito. imbécillité    î    bometsitsi,  movidzodzo. imberbe    a  gematomato.
I;imbiber;vt;;gbugbo, no, nyi. imitation    î    sosrô,  amesosrô.
I;imiter;vt;;srô nu srô ame da. immatériel  gbogbomenu. immaculé    a    dzadzee,  dimaîomaîo. immaturité    gbogbo,  numû,  madimadi,  îê. immédiat    a    enumâke,  îiîi. immense    a    lologâ,  sogbo  akpa,  gliga. immensité    î    lolome,  agbososo  akpa.
I;immerger;vt;;do di. immersion    î  didodo.
I;immigrant;m;;amesi wu wode yi dale du bubu me; amedzrowodenola. être  imminent    a    nu  tu  aîe.
I;s'immiscer;v;;de nù nya me. immobile    a  miawâmawâ. imm  —  imp immodéré    a  dodomanomee. immodeste    a    madowu,  dzeha.
I;immodestie;f;;wurciadomado.
I;immoler;vt;;mê nu, sa vo, wu nu. immonde    a    fodi,  manodzadze. immondices    îpl    dudo,  di. immoral    a    gblê,  dzeha.
I;immoralité;f;;gbegblê, nubadawowo, hadzedze.
I;immortalité;f;;makumaku. immortel    a  makumaku. immuable    a    nusi  mewana  o,  matromatro. impair    a  masomaso. imparfait    a  madeblibo. impartial    a    mele  akpa  deka  dzi  o.
I;impasse;f;;miamiâ, haha. impatience    î  dzimagbodi. impatient    a  magbodzidi. impénétrable    a    dra,  sa. impénitence    î  dzimematromatro. impénitent    a    matrodzime,  dzime  matromatro. impératif    a  dese. imperceptible    a  makpomakpo. impertinent    a    makpenu,  dzimevôeto. impertinence     î  numakpemakpe.
I;imperméable;m;;tsimewu.
I;impétuosité;f;;nyanyirâ. impétueux    a    gidigidi,  hayahaya. impie    a    mavômawu,  vôdi. impiété    î  mawumavômavô. impitoyable    a  makponublanui. implacable    a    nudodogbela,  avulelegbela.
I;implanter;vt;;do nu, îa nu.
I;impliquer;vt;;bala nu.
I;implorer;vt;;de kuku, îo koko na ame, wo wo wui. impoli    a    madowu,  mabùame. impolitesse     î  wumadomado. importance    î    vevienono,  vevienyenye. important    a    vevie,  ziâ,  hiâ.
I;importation;f;;nutsotso tso duta va anyigba dzi.
I;importer;vt;;tso nu va anyigba dzi. imp  —  imp importer    vi    le  vevie,  hiâ,  2iâ. cela  importe  peu    eya  mehiâ  o,  mêle  vevie  o. importun    a    îudeto,  nufofuidola.
I;importuner;vt;;de îu na ame, do nufofui na ame, tra  de  ame  nu. importunité    î    îudede  na  ame,  adzrewowo.
I;imposer;vt;;da nu de ame dzi, do nu ame dzi, tra  nu  de  ame  nu.
I;;;une amende à q.;bla îe na ame. s'imposer  à  q.    drê  de  ame  nu. imposition    î    dodo  ame  dzi,  agbadede,  adzo. impossible    a    nusi  womate  nu  awo  o.
I;imposteur;m;;awatsokala. imposture    î   alakpadada,  bèble,  îuîlu.
I;impôt;m;;nudzodzo, adzo. lever  P-    dzo  nu,  ho  adzo. payer  V-    na  adzo. impotent    a    nuse  manonui,  ame  tutu, impraticable    a    nusi  womate  nu  awo  o. imprécation    î    fifode,  dinuidodo. impression    î    tata  de  nu  dzi,  dzesi. être  impressionné  par  qc.  nu  de  tame  na  ame,  nya wo  do  le  ame  lame, imprévu    a    kpatakpata,  le  vome.
I;imprimer;vt;;ta agbalê, ta nu de nu dzi; — te, mimi  nu. imprimerie    î    tafe,  agbalêtaîe.
I;imprimeur;m;;tala, agbalêtala. improbable    a    medi  nyatefe  o,  di  awatso. improfitable   a   vide  mêle  me  o,  madevi.
I;improvisateur;m;;hanuîola (nya), hakpala dzadzra- domawomawo. impropre    a   nusi  medze  o. prendre  q.  à  Pimproviste   fiti  ame,  do  de  ame  dzi, lili  ame,  kpatu  ame. imprudence    î  adanumadzemadze. imprudent    a  madzeadanu. impubère   a  matsimatsi. impudent   a  makpenu.
I;impudicité;f;;dzadzemanyemanye, matrewowo, a- hasiwowo. imp  —  inc impuissance    î  numatemate. impuissant    a  numasêmasê.
I;impulsion;f;;dzodede la me.
I;impunité;f;;tomahemahe. impur    a    makgmakg,  madzemadze. impureté    î    makomakonyeiiye,  dzadzemanyemanye.
I;imputer;vt;;tso ame nu, fo nu de nu nu. inaccessible    a    mo  mele  o. rester  inachevé    tsi  takpo. inactif   a   mawgnu,  le  kuvia  me,  amedoe. inaction    î    kuviawgwg,  dodo. inadvertance    î    tomadomado,  nudedi. inanimé    a    kuku,  agbemangmano.
I;inanité;f;;yakangng, îuîlunono. inaltérable    a  matrgmatro. inanition    î    dgku,  dgwuameku. mourir  d'-    ku  dgku. inapte    a  manyanu.
I;inattention;f;;tomadomado. inattentif    a  tomadomado. inaudible    a    nusi  womatenu  ase  o.
I;inauguration;f;;nudedefia, (nu), hgniiv^UAvu.
I;inaugurer;vt;;de nu fia, ko nu nu, avu nu nù. incapable    a    manyanu,  nuniasëmasê,  matenui.
I;incarcérer;vt;;de ame gahome.
I;incarnation;f;;amezuzu, nutilâhohç.
I;s'incarner;v;;zu ame, ho liutilâ.
I;incendie;m;;dzohghg, fiafiâ, dzodzeafe.
I;incendier;vt;;tg dzo nu. incertain    a    womeka  de  dzi  o.
I;incident;m;;nyadzgdzg.
I;incinérer;vt;;tg dzo nu. incirconcis    a    matsoawa,  lotg,  bolobolotg. incisive  (dent-)    a  ngggbedu.
I;incision;f;;lalâ de nu nu.
I;inciter;vt;;do adâ, de dzo la me. incivil    a  madowu.
I;inclination;f;;abudidi; — dzodzro, bibi.
I;;;charnelle;nutilâdzodzro. incliné    a  diabu.
I;incliner;vt;;bi nu, ha nu, via nu, lô nu. inc  —  ind
I;inclure;vt;;tso nu de me. incohérent    a    mawodeka,  masomaso. incommode    a  manyoamenu.
I;incommoder;vt;;de fu na ame. incomparable    a    nusi  womate  nu  aso  kple  nu bubu  o. incomplet    a    takpo,  madego,  mawunu. inconcevable    a    nusi  gome  womate  hu  ase  o. inconduite    î    hadzedze,  zâmenono. inconnu   a  simadzemadze. inconsidéré    a  mabùmabù.
I;inconstance;f;;kemalimali, nudeka dzimanomano. inconstant    a    malike   tamewodzoe,  mano  nu  de- kadzi. être-   via  de  akpa  eve. incontinence    î    dokuidzimazimazi,  dzadzemanye- manye. inconsolable    a  akomafamafa.
I;incorporer;vt;;tso nu wo deka kple nu bubu. incorrect    a    madzomadzo,  masomaso. incorrigible    a   gôgô,  si  wo  mate  nu  ado  do  o. incorruptible    a  magblêmagblë. incréé   a  mawomawo. incrédule    a    mahose,  dzimiahoseto. incrédulité    î  dzimahose.
I;incriminer;vt;;tso ame nu. incrimination    î    nutsotso,  amenutsotso. incroyable    a    nusi  womatenu  aho  ase  o. incubation    î  tohododo. incroyance    î    dzimahose,  mahose.
I;inculquer;vt;;gblo nya vevie na ame.
I;inculpation;f;;nutsotso, sabasaba.
I;inculper;vt;;tso ame nu. incurable    a  mayodo.
I;incurvation;f;;goglô, haha. incurie    î  nudede. indécent    a  madzemadze. indécis    a    le  akpa  eve  dzi,  tsi  akpe  dzi,  via  de akpa  eve. indéfini    a    lifo  mele  o,  womedoe  o. indélébile    a    womate  nu  atsyrô  o,  matsimatsi. ind  —  ind 213.
I;indemnité;f;;tefedodo.
I;indemniser;vt;;do nu tefe na ame.
I;indépendance;f;;dokuisinono. indépendant   a  nodokuisi. indescriptible    a    mele  rionlo  o. indésirable    a  madzromadzro. indestructible    a  magblêmagblê. indéterminé    a    medoe  hade  o.
I;index;m;;nufiala. indicateur    (poteau-)  moîiala»
I;indication;f;;nufiafia, yoyo, dudodo na ame. indicible    a    mele  gbogblo  o. indice    î  dzesi.
I;indifférence;f;;dekemadi. indifférent    a    dekemadito,  fomaîeto.
I;indigence;f;;ahedada, hiâtutu, kododo. être  dans  V-    nu  ziâ  ame,  ziâ  tu  ame,  do  ko, nya  hiâ.
I;indigène;m;;anyi gbadzito, dzideme, dumevi.
I;indigent;m;;aheto, kodola, dahe.
I;indigestion;f;;maîamaîa, alsidodo. indigne    a  madzemadze.
I;indignité;f;;madzemadze.
I;indigner;vt;;do domedzoe na ame.
I;s'indigner;v;;nu ve dome na ame.
I;indignation;f;;domedzoedodo.
I;indigo;m;;hlê.
I;indiquer;vt;;gblo nu fia, ka nu ta.
I;;;le chemin;fia mo ame. indirect    a    mele  tututu  o. indiscret    a    mabutame,  tsonu,  adekabeto.
I;indiscretion;f;;nutsotso, nugbotsotso.
I;indisposition;f;;lamêmakomako. indistinct    a  matovovo.
I;individu;m;;ame deka, nu deka. indocile     a  madoto.
I;indocilité;f;;tomadomado.
I;indolence;f;;kuviawowo. indolent    a  wokuvia. indomptable    a    nusi  womatenu  adu  dzi  o. ind  —  inî
I;induire;vt;;kplg nu yi.
I;;;en erreur;ble ame, flu ame. indulgent    a  fatu. indulgence    î    dzigbodanyi,  îatutu.
I;indulgence;f;;nuvôwotohehetsgtsgke, indulgentia.
I;;;plenière;nuvôwotohehetsgtsgke blibo.
I;;;partielle;nuvôwotohehetsotsoke si menye blibo o. gagner  une-    kpo  gome  le  indulgentia  me.
I;induit;m;;mçnana. industrie    î    kutrekuku;  —  dowowo. industrieux    a  dovevienu. inébranlable    a  mawamawa. ineffaçable   a  madeda. inefficace    a  mawodo.
I;inégalité;f;;masomaso kple nu bubu. inepte   a    manyanu,  masomaso.
I;inertie;f;;domawomawo. inespéré    a  momakpomakpo. inévitable   a   nusi  nù  womate  nu  asi  le  o. inexcusable    a    taflatse  mêle  me  o. inexistant    a    nusi  mêle  o. inexpérimenté    a  manyatanu. inexplicable    a   gome  miademade. inexprimable    a    mêle  gbogblo  o. infaillible    a    madafu,  matramo,  dzimadato.
I;infaillibilité;f;;dzimadatonyenye. infâme    a    vlo,  nyâmâ.
I;infamie;f;;vlododo, yakawowo, gunû.
I;infanterie;f;;gbadagba afozola ha. infécond    a    mawonu,  kono,  tsiko.
I;infécondité;f;;kotsitsi, numawomawo.
I;infecter;vt;;de do de ame nu.
I;infection;f;;"dodede de ame nu ; — wêwêlilili. inférieur    a    gometo,  eteto.
I;infériorité;f;;ggmenono, bgbo. infernal    a    dzometg,  tsiefetg. infertile    a  mawonu. infidèle    a    madianukgde,  trôsubgla.
I;infidélité;f;;anukgdemadimadi. infime    a    gometg,  mamletg. infini    a  mavg. inf  —  in  j
I;infinité;f;;mavomavo, numawumawu.
I;infirme;m;;dono, doto.
I;infirmerie;f;;doho.
I;infirmier;m;;donodzikpola.
I;infirmité;f;;do, gbodzogbodzo. inflexible    a    mabimabi,  sesê.
I;influence;f;;dowowo de nu dzL
I;influenza;f;;tuge, dzamezâ.
I;information;f;;nugomefiafia. informe    a    gligô,  nyama.
I;informer;vt;;klâ ame, gblo nya na ame, fia nu ame.
I;s'informer;v;;bia nu ta kolokolo.
I;infortune;f;;dzogbevôe.
I;infraction;f;;dzidada. infructueux    a    kumatsematse,  dzimadzemadze.
I;infuser;vt;;ko nu de nu me, tro nu de nu me. s>  ingérer  dans    de  nu  nya  me. ingénieux    a  dzeadanu.
I;ingénuité;f;;dzimefatonyenye. ingrat    a    madakpe,  akpemadato.
I;ingratitude;f;;akpemadamada. payer  q.  d'-    tso  akpemada  tu  fe  na  ame. être  payé  d'-    di  vôe  le  ame  gbo. inhabile   a   îoaka,  klanya.
I;inhaler;vt;;gbo nu de me, gbugbo nu. inhospitalier    a  mawoamedzro,  mawodzro. inhumain    a   mawoame,  sênuta.
I;inhumer;vt;;di ame. inhumation    î  amedidi.
I;inimitié;f;;fulélé, kelélé.. inique    a  miadzomadzo.
I;iniquité;f;;numadzomadzo, nuvlo.
I;initié;m;;numenyala, amesi woho de (nui, ha) me.
I;initier;vt;;wu nu mej ho ame de (nui, ha) me, de gbe  to  me  na  ame.
I;injecter;vt;;tu nu de nu me.
I;injonction;f;;sédedê, gbedede.
I;injure;f;;dzudzu, adânya. injurieux    a  dzuame.
I;injurier;vt;;wo nu vevi ame, he adânya, dzu ame. inj  —  ins injuste    a  madzomadzo.
I;injustice;f;;numadzomadzo.
I;innocence;f;;fomadimadi. innocent    a  madifo. innombrable    a    sogbo  hi.
I;innovateur;m;;nuyeyetolave.
I;innover;vt;;wo nu yeye. inobéissance    î    tomadomado,  amegbemasemase. inobservation    î  nudzimawomawo. inoculation    î  sakpanatikedodo.
I;inoculer;vt;;do sakpanatike na ame. inodore    a  mawëmawë. inoîfensiî    a    faîe,  mawonuveviame.
I;inondation;f;;dodo, isidodo.
I;inonder;vt;;do, gbâ go. inowi    a   masemase,  kpodenu  meli  ne  o. inopportun    a  madzemadze.
I;s'inquiéter;v;;tsi dzimadi, nyamà; de fu na ame- dokui. inquiétude    î  dzimadi. inquisition    î    nyamedzodzro,  tabiabia. insanité    î  tsukuiku. insatiable   a   amesi  media  îo  gbede  o,  madiîogbede. inscription    î  norilô,  nunonlô.
I;inscrire;vt;;nlô nu de agbalê nie, nlô nu di.
I;insecte;m;;nudzodzui, dzodzoe. insensible    a    vevemasemase,  dzimesesêto,  ku  atrL insensibilité    î    dzimesesê;  —  atrikuku.
I;insérer;vt;;tsa nu, tso nu de nu me, lô nu de nu me. insidieux    a  alakpato. insinuer    vi    de  nu  tame  na  ame. s'insinuer   tra  de  nu  me. s'insinuer  dans  Pesprit  de    du  ape. insignifiant    a    madinui,  nu  viade,  (nu)  bade  ade. insipide    a    yâ,  gege,  lalô. insister    vi    no  nu  dzi,  ka  de  nu  dzi.
I;insolence;f;;dada, aminu, amemabùmabù. insolent    a    dada,  mabùame,  dzoriu. insolvable    a  asigblëame. insouciance    î    dzidedi,  nudedi. ins  —  ins insouciant    a  bemalémalé. insoumis    a  niadoto.
I;inspecter;vt;;kpo erne, kpo nu dzi, te nu kpo, dzro nu  me.
I;inspecteur;m;;nudzikpola, nunola, numekpola.
I;inspection;f;;emekpokpo, dodokpo.
I;inspiration;f;;gbogbo de erne, dzodede lame, nya- dede  tame  na  ame.
I;inspirer;vt;;gbo de nu me, de nya (nu) tame na ame,  de  dzo  ame  me.
I;installation;f;;nudodo anyi.
I;installer;vt;;do nu anyi, kplo ame yi nu me, he nu  va  nu  me.
I;;;q.;dans un emploi de ame do me. .s'installer  v  wu  yi  ho  me,  no  afiade.
I;instant;m;;adabafofo. un-    sê  (v.  g.  lala  sê). je  n'ai  qu'un-    adabafofo  viade  koe  le  asinye.
I;instantanément;adv;;îiîi layi, kasiâ. à  l'instar    cj    le  nu  nu.
I;instiguer;vt;;he nu ve, — de zi ame dome,
I;instinct;m;;lâwo îe nunya.
I;instituer;vt;;do nu anyi.
I;institut;m;;anyidodo; — suku gâ. institution    î  nudodo.
I;instructeur;m;;nufiaîa.
I;instruction;f;;nufiafa, dodasi; agbalêmenunya.
I;instruire;vt;;fia nu ame.
I;s'instruire;v;;srô nu, kpla nunya. instruit    a     nyanu,  nyagbalê.
I;instrument;m;;dowonu.
I;;;de;musique kpe.
I;;;d'agriculture;agblenu. jouer  d'un-    ku  kpe;  fo  sanku. à  l'insu  de  ses  parents    efe  dzilawo  me  nye  o.
I;insubordination;f;;tomadomado, aglâdzedze, alu- dzedze.
I;insubordonné;m;;aglâdzela.
I;insuccès;m;;kpododo. avoir  de  1'-    do  kpo. insuffisant    a    masogbo,  mede  o,  mesu  o. ins  —  int
I;insuffler;vt;;îlo nu de nu me, do îuîu de nu me.
I;insulaire;m;;todomekpodzinola.
I;insulte;f;;dzudzu.
I;insulter;vt;;dzu ame, mumû ame nu.
I;insurger;v;;dze aglâ, dze agbo, tsitre de nu nuti.
I;insurgé;m;;aglâdzela. insurmontable    a    nusi  wu  ame,  nusi  dzi  womate- riu  adu  o.
I;insurrection;f;;aglâdzedze, agbodzedze. intact    a  blibo. intègre  (être-)  wonuteîe.
I;intégrité;f;;nutefewowo ; blibonyenye, nublibo.
I;intellect;m;;gomesese. intelligence    î    gomesese,  kaklâ,  nyatakaka,  nyasâ. intelligible    a    nusi  gome  woatenu  ase.
I;intempérance;f;;nutsududu.
I;intendance;f;;nudzikpokpo.
I;intendant;m;;nudzikpola. intense    a    \evie  nuto,  sesïe  nuto.
I;intensité;f;;nusê, sesê. intenter  un  procès    tso  ame  nu,  dro  nya  de  ame j  nu.
I;intention;f;;tamedodo. bonne-    tamedodo  nyuie. mauvaise-  tamevôebubu. avoir  Y-  de    do  tame  be.
I;intercéder;vt;;wli ame ta.
I;intercesseur;m;;nyahola de ame ta.
I;intercession;f;;nyahoho de ako, gbedododa de ame ta.
I;interdiction;f;;nyagbegbe.
I;interdire;vt;;gbe nu na ame.
I;;;q.;de ame da.
I;interdit;m;;gbegbe, dededa. intéressant    a    detamename,  vivi.
I;intéresser;vt;;de tame na ame.
I;intérêt;m;;vide, gome, dedzi. intérieur    a    eme,  emeto,  emegodzi.
I;intérieur;m;;me. intermédiare    a    îlekaîle,  dome, international    a    le  dukowo  dome. int  —  inv interne    a  emeto.
I;interner;vt;;de ame gaho me.
I;interpeller;vt;;bia ame se.
I;interpellation;f;;biabiase.
I;s'interposer;v;;de nu nya me.
I;interprète;m;;gomedela, gbesela.
I;interpréter;vt;;de nu gome, se gbe na ame.
I;interprétation;f;;gomedede, nyanudede.
I;interrogation;f;;nyabiabia. point  d'-  nyabiadzesi.
I;interroger;vt;;bia nya ame.
I;interrompre;vt;;rie nya de ame nil, do kplamatst ame.
I;interruption;f;;nyatsotso le ame nu, toto.
I;intervalle;f;;dome, intervenir   vi   de  nu  nya  me.
I;intervention;f;;nudede nya me, nyahoho de ame ta^ intestin   m?  doka,  dovi. intime    a    vevi,  erne.
I;intimer;vt;;de se.
I;intimider;vt;;do vovô na ame.
I;intituler;vt;;tso nko na nu. intolérable    a    nusi  ti  ame.
I;intolérance;f;;dzimagbodi kple ame.
I;intoxiquer;vt;;de adi nu me na ame, mû ame. intrépide    a  kalêto.
I;intrépidité;f;;kalëwowo.
I;intrigue;f;;adariuvôe, ayevôe. intriguer   vi    do  nu  de  ame  nu.
I;introduction;f;;kpokployideme.
I;introduire;vt;;kplo yi de me, do nane.
I;introït;m;;missa îe gomedzedze. intronisation    î    fiadodo,  fiazikpuiidzidado.
I;introniser;vt;;do îiazikpui dzi, do lia. intuition    î  kpokpo. inusité    a  miazâmazâ. inutile    a    vide  manome,  dzodzro,  îuflu. invalide    a    nuwoameto,  dono. invariable    a  matromatro. invasion    î  gegedeme. invective    î   vlodonya,  dzunya. inv  —  iso vomir  des  invectives  contre  q.    dzu  ame  vevie, hlâ  alô  de  ame.
I;inventer;vt;;îo nu ve. invention    î    nyakpakpa,  nutotove.
I;inventeur;m;;nutolave, nuîolave. inverse    a  trobu. investigation   î    dodokpo,  nugomedzodzro.
I;investir;vt;;de nu asi na ame.
I;investigateur;m;;numedzrola.
I;investissement;m;;todede de nu nu. investiture    î    nudede  asi  na  ame,  anyidodo. invincible    a  dzimadumadu. invitation    î    amekpekpe,  ameyoyo.
I;inviter;vt;;kpe ame, yo ame.
I;;;à dîner;do kplô ame, yo ame va kplô nuti.
I;invoquer;vt;;do gbe da na Mawu de kuku na ame. involontaire    a    malômalô,  manyawoe. irascibilité    î    adâwowo  kaba  akpa. ironie    î  nyamenya. irrationel    a    nunya  mêle  me  o. irréflexion    î  tamemabumabu. *  irrégulier    a  manododonu. irréprochable    a  îomabumabu. irréligion     î  mawugbegbe. irrespectueux    a    manabùbu  ame. irrésistible   a    nusi  îiu  womatenu  atsitre  do  o.
I;irrévérence;f;;ame mabùmabù.
I;irriguer;vt;;de tsi nu, wu tsi nu. irrigation    î    tsidede  nu,  tsiwuwu. irritation   î   agbodzedze,  domedzuidodo,  aludzedze. irrité    a    domedzuidola,  woadâ.
I;irriter;vt;;(nu) ve dome na ame, do domedzui na ame. s'irriter    contre    do  domedzui  de  ame  nu. faire  irruption    ne  de  nu  me.
I;isolement;m;;agadede, akogotsitsi.
I;isoler;vt;;de nu de aga, le adzoge, sa nu do aga.
I;s'isoler;v;;sa dokui de aga, tsi akogo, îo asa do- kui. iss  —  jar
I;issue;f;;gododo, nuwuwu ; — dzodzo tso fome me; —  monukpokpo. être  issu  de    dzo  tso . . .  gbo. ivoire   î  nyidu.
I;ivraie;f;;gbeku vô, gbe vô, gbe îuîlu. ivre  (être-)    mû  ahâ,  ku  aha,  le  tsi  me. ivresse    î    ahamumû,  ahakuku.
I;ivrogne;m;;ahamulâ, ahakula. ivrognerie    î  ahatsunono. j
I;jabot;m;;ko, numiko, konukui. jachère   î  îlunyigba. jactance    î  adegbeîofo.
I;jadis;adv;;tsâ. jaillir   vi   do,  do  go,  wo  trini,  tu. jalousie    î    nuwawa,  nukeklë,  anukluiwowo,  no- kuku. jaloux    a    wariu,  anukluiwola,  wo  nlome.
I;jalouser;vt;;wo anuklui de ame nu, wa nu ame, wo  nlome  le  ame  nu.
I;jamais;adv;;gbede o, geadekegi o — kpao, dabi . . . jambe    î    ata,  aîo  —  akpaligbe,  akligbe. écarter  les-  s    ke  ata  me. serrer  les-  s    miâ  ata. se  casser  la-    ne  ataîu. passer  la-  à  q.    do  kplamatse  ame,  do  kpali  ame.
I;jambon;m;;hata, hatakpla.
I;janvier;m;;yanuari (gleti gbâto). jante  de  la  roue  kekeîonuti. faire  un-    tso  abo.
I;jappement;m;;wowo, gbogbo. japper   vi    wo,  gbo. jaquette    î  dziwui.
I;jardin;m;;abo.
I;jardinage;m;;abononlô, abçdowowo. faire  du-    nlo  abo. Vocabulaire jar  —  joi
I;jardinier;m;;abonlôla. jarre    î    kplu,  kplo.
I;jarret;m;;drikatame, drikame. jarretière    î  afowuiblanu.
I;jars;m;;kpakpahetsu. jaser    vi    îo  nu  kpotokpotoe. jaserie    î  nyatoîitoto. jaunâtre    a    deanutididi  wo  ge. jaune    a    hê,  anuti  didi.
I;;;d'oeuf;azidzï, kokîozidzï.
I;jaunir;vt;;+ vi do anuti didi nu ; — tro zu hè\
I;javelot;m;;akplo. Jésus    np    Yesu,  hiheme  Hola.
I;jet;m;;dada, îuîu. jetée    î    klini,  tomekpo.
I;jeter;vt;;da nu, îu nu, hlâ nu.
I;;;qc* de côté;tso nu îu gbe.
I;;;qc contre qc;îu nu de nu nuti.
I;;;Fancre;da seke.
I;;;un cri;do gli, de aWa.
I;jeu;m;;îeîe, kgdidi, plasiwowg. salle  de-  îeîeîe. compagnon  de-  îeîeha. faire  son-  de  q.  dzra  de  ame  nu,  fe  le  ame  ùvl
I;jeudi;m;;yawoda, a  jeun   adv    amesi  mede  zâto  o,  numadumadu. rester  à-    no  domegi,  tsi  domegi. jeune    a    matsimatsi,  îê,  îâ.
I;;;fille;nyonuvi, detugbui.
I;;;homme;dekakpdi.
I;;;âge;dekakpuime, devime.
I;jeûne;m;;nubabla, nutsitsido. jour  de-    nutsitsido  fe  nkeke,  nublagi. jeûner    vi    bla  nu,  do  nu,  tsi  nu  do.
I;jeunesse;f;;devime, dekakpuime, detugbuime.
I;joallier;m;;sikadariuwola.
I;joie;f;;dzidzo.
I;joindre;vt;;wo deka, îo nu eîu, tsia nu, kpe nu de nu  nu.
I;;;les mains;sa asiwo, kpe asi, de asi asite me.
I;joint;m;;kpeîe. joi  —  jov
I;jointure;f;;îunudeîe, tsiaîe, kpefe. joli   a  nyuie.
I;jonc;m;;keti, aîla, a va , keteku. jonction    î  kpefe. jonglerie    î  ahlôewowo, joue    î    alo,  aiogo,  atse. coucher  q.  en-    ne  tu  de  ame  nu. jouer    vi    fe,  di  ko,  de  gbo. pour  de  l'argent    da  ho.
I;;;aux cartes;da agbalê.
I;;;aux dés;da ho de nu dzi. se  jouer  de  q.    do  la  ame  dzra  ame  nu.
I;jouet;m;;feîenu, kodinu.
I;joueur;m;;feîela.
I;joug;m;;koti, kokuti, kpoti. jouir    vi    kpo  dzidzo  de  nu  nu.
I;;;de la vie;du agbe. jouissance    î  dzidzokpokpo.
I;joujou;m;;feîenu
I;jour;m;;nkeke, gbe. chaque-  gbesiagbe. un  autre-     gbebubugbe,  rikekebubugbe.
I;;;et nuit;zâ kple kelè.
I;;;de;naissance dzigbe.
I;;;de;la mort kugbe.
I;;;ordinaire;gbedzrogbe. en  plein-    ndokutsu  gâ,  ndokutsudzati. au  -où  gbesigbe. de  nos-  s   egbe  îe  nkekewo  dzi,  îiîi  nkekewo  me. en  quinze-  s    le  kwasida  eve  megbe. en  huit-  s    le  nkeke  enyi  megbe. il  fait-    nu  le  kekem,  nu  ke,  anyigba  le  kokom. un  jour  gbedeka,  gbadegbe. donner  le-  à  qc.    wo  nu,  dzi  nu. vivre  au-  le-    le  gbahloyô  me.
I;journal;m;;nyadzogbalê, egbenyagbalê, nyayeyede- îiagbalê.
I;journalier;m;;akpadowola, lebeîa. journée    î    iikeke  (deka  noli).
I;journallement;adv;;gbesiagbe, nkeke sia nkeke. jovial    a  plasiwola. 15* jov  —  jus jovialité    î  plasiwowo. joyeux    a    dzidzoto,  kpodzidzo. jubilation    î    aseyitsotso,  dzidzokpokpo.
I;jubilé;m;;nkudodzidzo zâ dzi, nkudonkeke, ydbili. jubiler   vi   tso  aseyi,  do  dzidzo  gli.
I;juge;m;;wonudrola, kodzodila.
I;juger;vt;;dro womu, di kodzoi juger  q.    dro  wonu  ame,  di  kodzo  kple  ame,  do kodzo.
I;jugement;m;;wonudodro, kodzoqUdi, kodzododo.
I;;;de Dieu;aka, akanyinyi. dernier-    wonudodro  mamlea. rendre  un-    dro  nya.
I;juguler;vt;;miâ vehlo na ame.
I;juillet;m;;yuli (gleti adrêlia).
I;juin;m;;yuni (gleti adêlia).
I;jumeau;m;;venovinutsu. jumelle    î    venovinyônu;  —  tsitsi. jupe  nyônuwu.
I;jurement;m;;îiîode.
I;juron;m;;dinu, busunya. jurer    vi    îo  fi,  ka  atam,  ka  atabu,  ta.
I;;;sur la Bible;îu asi agbalê dzi.
I;;;contre q.;îo îi de ame, ka atam de ame nu.
I;;;par son Dieu;ta Mawu.
I;;;le nom de Dieu;gblo busunya de Mawu nu.
I;jureur;m;;îiîola de ame, dinuîdola. juridiction   î   nusê,  nusêkpokpo.
I;juriste;m;;sényala, nyahola de ame nu.
I;jury;m;;amesiwo kpena de wonudrola nu, anyidi- lawo.
I;jus;m;;tsi, lâtsi.
I;jusque;prép;;vasede, halase, lasede. jusqu'à  ce  que   cj    halase  esime,  vasede  esime. juste   a    dzodzoe,  sosoe,  abe  alesi  edze  ene. c'est-    esogbe,  ede. justesse    î    nuwowo  pepëpe. justice    î    dzodzoenyenye;  —  wonudodro. appeler  en-    sama  ame. porter  plainte  en-    tso  ame  nm rendre  la-    dro  wonu,  di  kodzo. jus  —  lag
I;justification;f;;afiatsotso.
K;justifier;vt;;tso afia na ame, do nu kpo, de nya fia. se  justifier   v   Wli  amedokui  ta. juvénile    a  dekakpuito.
K;kaki;m;;avo ade.
K;képi;m;;gbadagbawo îe kuku.
K;kilogramme;m;;kilogram (dzidzenu).
L;kilomètre;m;;kilometa (dzidzenu). là,  là-bas    adv    afimâ,  afimâ  godzi.
L;labeur;m;;dowowo, agbagbadzedze.
L;laboratoire;m;;dowofe. laborieux    a    wodo,  dzeagbagba.
L;labour;m;;agbledede.
L;labourer;vt;;de agble.
L;laboureur;m;;agbledela.
L;lac;m;;ta, ta gâ.
L;lacer;vt;;bla nu.
L;lacet;m;;afokpaka, — azâ, kpâ, — akafo. lâche    a    foflokodzo,  kedze,  vovônoto.
L;lâcheté;f;;vovô.
L;lâcher;vt;;de asi le nu nu.
L;;;les chiens après q.;kplo avû de ame.
L;;;un coup de fusil;da tu. vore  lactée    î  masamegletivi.
L;lacune;f;;dzèdzèfe, dome, nonoîe.
L;là-dessous;adv;;anyi.
L;là -dessus;adv;;dzi.
L;lagune;f;;amû, tagbamû, to.
L;;;de;Togoville Gbagâ. bord  de-    tokp,  toto.
L;là-haut;adv;;dziîo. lai  —  lan laiche    î  aîla. laid    a    vlo,  nyônu,  nyâmâ,  wofê,  volôe. laie    î  gbehang.
L;laine;f;;alêîu. de-  îudzeîudze. laisse    î  ka.
L;laisser;vt;;na, na mo.
L;;;qc. à q.;gblê nu di na ame.
L;;;aller les choses;de asi nya nu. laissez-moi  tranquille    megade  îu  nam  o,  na  ma- dzudzo  dzro.
L;lait;m;;notsi, nyi me tsi.
L;;;caillé;notsi babla. lahue    î    amâ  de.
L;lambeau;m;;avo kake, avo vuvu, dovu. lame    î    he  fe  yi,  —  nulë. lamentable    a  nublanuito. lamentation  konyifafa. {se)  lamenter    îa  konyi  de  nu  ta. lampe    akadi,  akadigbe. verre  à-    dzudzoti,  tsimini, allumer  la-    si  akadi. baisser  la-    te  dovu  de  me, hausser  la-    te  dovu  de  dzi,  tra  akadi  do. éteindre  la-    tsi  akadi. nettoyer  la-    tutu  akadi.
L;lampion;m;;agbalêkadi. lance    î  akplo. percer  de  la-    to  akplo  ame.
L;lancer;vt;;da nu, îu nu, hlâ nu.
L;;;une pierre à q.;hlâ kpe de ame, da (îu) kpe ame.
L;langage;m;;nuîoîo ; — gbe. langue    î    ade  ;  —  gbe. faire  chaquer  la-    ïu  ade,  îu  adegbe,  du  tse. tirer  la-    do  ade  da.
L;;;dorée;ade vivi, nanë. mauvaise-    busubola,  amegomeçlula.
L;;;étrangère;dugbe. avoir  la-  bien  pendue    ame  îe  ade  dzo. posséder  une-  à  fond    du  gbe. apprendre  une-    dze  gbe,  srô  gbe. Ian  —  lav langueur    î  gbodzogbodzo. languir  vi  lé  do,  ame  îe  lame  mesê  gobi  o,  fie, lanière    î  ka. lanterne    î    gomekadi,  akadigbe.
L;laper;vt;;dudo nu. lapidation    î    kpefoîo  ame.
L;lapider;vt;;îo kpe ame, da kpe ame.
L;lapin;m;;nukpuivi, fomizi, adzoke.
L;lapsus;m;;dadaîu. faire  un-  linguae    da  nu. laque    î    ano,  nutreno.
L;laquer;vt;;si ano na nu.
L;larcin;m;;hami, lâdami, lâmi.
L;lard;m;;hami, lâdami, lâmi. large  a  +  m    lolo,  keke;  baka  —  lolome,  kekeme. être-  ke. largesse    î    domenyonyo,  asimekeke. largeur    î    lolome,  kekeme. larme    î  adatsi. fondre  en  -s    ne  adatsi.
L;larron;m;;fiafito, adzodala. le  bon-    adzodala  nyuie.
L;larve;f;;no.
L;;;de moutique;lê, lêvi. lascif    a  dzeha. lasciveté    î    nutilâdzodzro,  hadzedze. (se)  lasser    vt    dedi  te  ame  nu,  nut  ti  ame. être  las    v    lame  gbodzo.
L;lassitude;f;;dedi, dediteame.
L;latitude;f;;kekeme. latrines    fpl    kpoha,  afodzi.
L;latte;f;;vvuîo lë. (eau  de)  lavande    f  anuwotre.
L;lavabo;m;;mofugba, nunyaîe.
L;lavement^;m;;sasâ. donner  un-  à  q.    sa  na  ame.
L;lavage;m;;avonyanya, nunyanya.
L;laver;vt;;nya nu, klo nu nuti.
L;;;la figure;fu mo.
L;;;les mains;klo asi.
L;;;la tête;nya ta. lav  —  les laver  un  malade    îo  tsi  na  dglèla.
L;;;du linge;nya avo. se  laver  tout  entier    le  tsi. se-  au  savon    le  adzalê.
L;lavoir;m;;nunyaîe.
L;lécher;vt;;dudo nu. leçon    î   nufiafia,  nusosrô.
L;lecteur;m;;agbalêhlêla.
L;lecture;f;;agbalêhehlê. légal    a    le  sé  nu.
L;légataire;m;;domenyila. légation    î    du,  dudodo.
L;légat;m;;ame dodo, légende    î    glitoto,  dru. léger    a    boboe,  wodzo  —  mabutame. légerté   î   boboenyenye;  —  tamemabumabu.
L;légiférer;vt;;de sé.
L;légionnaire;m;;gbadagba le Romatowo îe a\va- ha  me.
L;législateur;m;;sédela. législation    î  sédede. législatif    a  desé.
L;légiste;m;;sényala, nyahola de ame nu (ta). légitime    a    le  sé  nu.
L;legs;m;;domenyinu.
L;légume;m;;amâ, abomenuwo, gbekui.
L;lendemain;m;;nkeke si gbona, nu eke. toute  chose  a  son-    etso  le  nya  nu. lent    a  blewu.
L;lentement;adv;;dododo, blewu.
L;lenteur;f;;blewuwowo, wowo dododo.
L;léopard;m;;lâkle, blekpoe.
L;lèpre;f;;do dzê, anyi, kpo.
L;lépreux;m;;anyidzela, kpono.
L;léproserie;f;;anyidzelawo nofe.
L;léser;vt;;da vo, dze ago, ho abi.
L;lésine;f;;anokuku, adikpewowo.
L;lésiner;vt;;ku aiio, wo adikpe.
L;lésion;f;;abihoho, vodada.
L;lessive;f;;niinyanya. faire  la-    nya  nu. les  —  lib 229' lessiver   vi    nya  avo.
L;lest;m;;agba. leste    a    dabla,  wawa,  kaba. léthargie    î    alôtsoame,  fenyikuku. tomber  en-    ku  îenyi,  ku  wuto.
L;lettre;f;;hehlêdzesi; — leta, agbalê.
L;;;pastorale;dzikpokpogbalê. écrire  une-  à  q.    rilô  leta  (agbalê)  do  de  ame. lettré    a    nyanu,  nunyala,  agbalényala.
L;levain;m;;amowo wawâ. levée    î    nu  tsotsoyi;  nukoko  de  dzi.
L;lever;vt;;îo nu, ho, lo, ko nu, îo nu de tsitre.
L;;;le bras;do abo de dzi, wu abo dzi.
L;;;les yeux;fô mo te, wu mo dzi.
L;;;la tête;ko ta dzi. (parties  du  corps)    wu  nu  dzi.
L;;;Pancre;ho seke. se  lever    v    iô,  tso,  tso  de  tsitre. se  lever  (pâte)    ho,  te. se-  du  lit    îô  le  aba  dzi. se-  brusquement    tso  kpala,  tso  hiâ,  îo  gbâgblar tso  ziâ,  lulû. se  lever  (soleil)    ge  dzè. se-  (lune)    gleti  to. se-  de . .  ♦    îô  de  nu  me,  tso  de  tsitre.
L;lever;m;;îoîô.
L;;;du jour;nu, nukeke.
L;lévite;m;;mawununola, levita. lèvre    î  nuyi.
L;;;supérieure;nuyidzigbeto.
L;;;inférieure;nuyigometo. leurrer    vi    ble  mo  na  ame,  îlu  ame.
L;lézard;m;;adoglo, homenyati. liaison    î    babla,  dekawowo. liane    î    ka;  tokù. libation    î    wotsi,  dzatsi,  (îo  tsi  de  anyi  na  noli). libellule    î  îotsiletome. libelle    î  amenutsogbalê.
L;liber;m;;tsro, ati îe akpa. libéral    a    keasime,  nyodome,  dowu. libéralité    î    asimekeke,  domenyonyo,  wudodo. lib  —  lig libération    î    amedede  (le  kluvinyenye  me),
L;libérer;vt;;de ame ho na ame.
L;liberté;f;;dokuisinono, vovokpokpo.
L;libertin;m;;ame gbegblê, hadzela.
L;libertinage;m;;hadzedze,
L;libraire;m;;agbalêsitsala. librairie    î  agbalêsitsaîe. libre    a    ablode,  nodokuisi.
L;;;de toute charge;gahehe mêle me o.
L;licence;f;;mokpokpo, nusê.
L;licencier;vt;;na ma
L;licenc?ment;m;;amedededa. licencieux    a    dovo,  bada.
L;licou;m;;sodoka, ka. lie    î    îâ,  kpo,  ahakpo,  saîlui.
L;;;de;bière hliha.
L;lien;m;;nublanu, ka.
L;lier;vt;;bla, tsi, sa, dzi nu, se-  avec  q.    bla  nu  kple  ame.
L;lieu;m;;tefe, noîe, gbe, îe. en  ce-    aîi,  le  teîe  sia. en  tout-  aîisiaîi.
L;;;de;naissance dziîe. en  premier-  gbâla. tenir-  de  q.    no  ame  teîe. tenir-  de  qc.    do  teîe  na  nu, au-  de    le  nu  teîe,  de  nu  nu. avoir-   nu  dzo,  na  va  veme. lieue   î    didime  fe  dzidzenu.
L;lieutenant;m;;gbadagbawo îe amegâ.
L;lièvre;m;;nukpui, adzoke, îomizi. ligne    î    akasa,  îli,  ka;  îu,  îe  (da  îe).
L;;;droite;lika, agbaka.
L;;;de;la main asifli. sur  une-;  en-    de  akasa  nu,  tu  de  nu. je  vous  écris  ces-  s    mêle  îlivi  siawo  tem  na  wô. lignée    î   dzodzome,  îome.
L;ligner;vt;;te îli de nu dzi.
L;ligoter;vt;;de ga, bla nu. ligue    î    nubabla,  dzodudu,  dekawowo. se  liguer   v    wo  deka. îim  —  lit
L;limace;f;;abobo ; gomelâ.
L;limaçon;m;;abobo. limbes    îpl  tsieîe. lime    î    fite,  tsite.
L;limer;vt;;do fite, do tsite, du ga nui, du nu kple tsite. limite    î    liîo,  seîe.
L;limiter;vt;;de (do) lifo.
L;limon;m;;ba, banyabanya.
L;limon;m;;anuti, donuti. limonade    î    anutsitsi  kple  sukli,  limoned.  . limpide    a    koko,  lâhê,  yiralê. limpidité    î    koko,  lâhêlâhè,  numekoko.
L;linceul;m;;amekukuvo, amedivo.
L;linge;m;;avo, awu.
L;;;sâle;avo îodi. tordre  du-    îiâ  avo. laver  du-    nya  avo.
L;lion;m;;dzâta, kinekini.
L;lionceau;m;;dzâtavi. lionne    î  dzâtano. liqueur    î    aha,  tsi  vivi. liquide    a    sisi,  wotsi,  wotsrolô.
L;liquide;m;;tsi, nuwotsi.
L;lire;vt;;hlê agbalê. apprendre  à-    srô  agbalêhehlê
L;;;qc. à q.;hlê nu na ame.
L;lis;m;;koligbogbo, dzogbenya, any a.
L;liseur;m;;hlêla. lisible   a    si  woatenu  ahlê  boboe.
L;lisière;f;;to, ave îe to, moto. lisse    a    zrô  drêdrêdrê.
L;lisser;vt;;zrô nu, H nu, îâ nu. liste    î    nkogbalê,  agbalê.
L;lit;m;;aba.
L;;;d'un fleuve;togo, togome.
L;;;de;mort kuba. être  au-    mlo  aba  dzi. aller  au-    yi  mlo  anyi. litanie    î  litani. literie    î  abadzivo. lithographie    î  kpedzinunonlo. lit  —  loi litière    î    gbe  îuîu,  la  îe  mloîe.
L;litige;m;;nyadodro.
L;litre;m;;lita (dzidzenu). littérature    î    nu  rionlôwo.
L;littoral;m;;îuta, gota. liturgie    î    konuwowo  fe  anyidodo.
L;livraison;f;;nudede asi na ame, tsgtsg de asi na ame. livre    î    liva  (dzidzenu),  '  pound  deka.
L;livre;m;;agbalê. consulter  le-  en  cachette    fi  agbalê  kpo.
L;livrée;f;;subolawu.
L;livrer;vt;;tso nu de asi na ame, ka nyata na ame.
L;;;une bataille;wo awa, kpe awa,
L;livret;m;;agbalêvi. lobe  (oreille)  togboe. local    a    noîeto,  aîemeto.
L;local;m;;ho, tefe.
L;locataire;m;;hogela ; hodala. location    î    gege,  hogege  hodada.
L;locuste;f;;wetsuvi. loge    î    noîe,  hovi,  agbado.
L;logement;m;;noîe, ho.
L;loger;vt;;na noîe ame. se  loger   no,  dze  afi  ade. aller-  chez        dze  ame  gbo.
L;logique;f;;tame, tamesusu.
L;logis;m;;noîe, ho. trouver  un-    kpo  noîe. chercher  un-    dzi  noîe.
L;loi;f;;sé, sédede. faire  une-    de  sé,  bla  sé. agir  selon  la-    wo  de  sé  dzi. observer  la-    wo  de  sé  dzi. transgresser  la-    da  sé  dzi. révoquer    la-    tu  sé.
L;loin;adv;;dzidzi, didi, adzoge ; — wï, sa. de-      tso  didiîe  (dzidziîe). au1-    le  adzoge,  hâ.
L;lointain;m;;dzidziîe, gbodome.
L;loisir;m;;vovo, vogi, adadzie. loi  —  loy avoir  des  loisirs    kpo  vovo. long    a    clzidzi,  didi,  koko,  legbë,    dzralâ,  flaka. le-  de    to  nu  nu,  le  nu  nu. longanimité    î    dzigbodi  blewu  dzigbodanyi.
L;longer;vt;;zo le nu to.
L;;;un fleuve;di tsa le tosisi to. longévité    î    amegâkuku,  nyagâkuku;  amegâtsitsi. longitude    î    didime,  dzidzime.
L;longtemps;adv;;hoho, didie, dzidzie kakâka, vvQ, wel,  da. depuis-    eteîe  didi,  hoho,  tsâ,  edzidzi. aussi-  que    kpa,  kakaka  yâ vivre-    lô,  ku  amegâ,  ku  nyagâ. durer-    didi  haîi . . .
L;longueur;f;;didime, dzidzime. trainer  en-    he  nu  de  megbe,  tsi  anyi  Wû,  nya  la va  didi. longue-vue    î  tsitsi. loquace    a  nyatofitola.
L;loquet;m;;adugbo ; — Wotrunusileîe. lorgner    vi    kpo  nu  da.
L;lorgnon;m;;tsitsi, gankui.
L;lors;adv;;le geyigi ma me. lorsque    cj    ne,  esime.
L;lot;m;;akpa, gome, loterie    î  hodada. mettre  en-    da  ako  de  nu  dzi.
L;lotion;f;;tsilele.
L;louange;f;;kaîukaîu. louable    a  dzenakaîukaîu. louche    î  gatsigâ. loucher   vi   nku  tro  de  aha  dzi,  nku  kpo  afeta,  nku glô. louche    a    kpagâ,  —  nku  glô,  nku  sage
L;louer;vt;;kaîu ame, do vivi de ame hu.
L;louer;vt;;ge nu na ame, da nu na ame.
L;loup;m;;amegâhi, gbetee, agbotoe. lourd    a    kpekpe,  zekpê,  sesê. louve    î  amegâhino. loutre    î  tovu. loyal    a    doto,  dianukode,  anukodeto. loy  —  lus loyauté    î    anukodedidi,  nutefewowo.
L;loyer;m;;gege, liodzo. donner  à-    da,  ge  ho  na  ame. lubie    î   nufotame  na  ame.
L;lucidité;f;;tamekoko.
L;lucifer;m;;abosam, lusiîa. lucratif    a    videto,  (nu)  dèvi.
L;lucre;m;;vi, vide,
L;lubrification;f;;amisisi. lubrique    a  dzeha.
L;lubrifier;vt;;(de) si ami de nu nu.
L;lueur;f;;keklê. lugubre    a  dzino. luire    vi    klê,  si  dzo,  di. luisant    a    keklê,  kankan,  da  dzo  miamia.
L;lumière;f;;kekeli, keli, dzo. lumineux    a    koko,  dadzo. lunatique  (être-)    dze  ada\va,  gleti  dze  ave  dzi  nai ame,  gleti  wo  ame.
L;lundi;m;;dzoda.
L;lune;f;;gleti, dzlnu. premier  quartier  de  la-   gleti  sosoe,  gleti  dze  dzi. dernier  quartier  de  la-    gleti  kake,  gleti  dze  ave dzi. pleine-    gleti  sosoe,  gleti  dohehe. nouvelle-    gleti  dzedzi,  gleti  ku. phase  de  la-   gleti  îe  lidodo. c'est  presque  pleine-    gleti  de  soso  ge. clair  de-  gîetididi. la-  apparait  en  plein  jour    gleti  do  hehe. la-  brille    gleti  le  didim. la-  est  cernée   gleti  to  tsikpo. la-  se  lève    gleti  dze  dzi,  gleti  to. la-  se  couche    gleti  do  to. la-  a  des  tâches    agblo  le  gleti  dzi. il  y  a  éclipse  de-    gè  lé  gleti,  gleti  yi  srô  lolôe gbo,  gleti  do  vvusrâ. lunettes    fpl    tsitsi,  gankui. porter  des-    do  tsitsi  nku  dzi,  do  tsitsi.
L;lustration;f;;nutikoklo.
L;lustre;m;;îè atô gî. lus  —  mag
L;lustre;m;;keklê, dzodada; akaditi.
L;luth;m;;dzè. luxer    to,  ne  afo,  ne  nu. lutte    î   wiwli,  avu,  kametete,  awa,  akokpekpe. lutter    vi    wli,  wo  avu,  te  kame  kple  ame.
L;lutteur;m;;vvlila, kodala, kametela, avuwola.
L;luxe;m;;kesinonu, atsyô. luxure    î  hadzedze. luxuriant    Wà,  sogbo  akpa,  wunu.
L;lycée;m;;sukugâ.
M;lynx;m;;gbôe. lyre    î  saiiku. macabre    a  dzino.
M;macaque;m;;fie.
M;macaroni;m;;dokakplê. macération    î    dokuidzizizi,  nuveviewowo  amedo- kui. se  macérer   v   zi  dokui  dzi,  wo  nu  vevie  amedokuL
M;mâcher;vt;;du nu, kuko nu, da tso nu. machette    î    yi,  krante. machine    î  mô. machine  à  coudre  :  nutomô.
M;machiner;vt;;do tame,
M;machiniste;m;;mônudowola, môdzikpola. mâchoire    î    glâ,  glâîu.
M;;;inférieure;anyigbeglâ.
M;;;supérieure;dzigbeglâ.
M;maçon;m;;glidola, kpedola.
M;maçonner;vt;;do gli, do kpe. maçonnerie    î  glidodo.
M;maculer;vt;;îo di nu.
M;madame;f;;aîeno. mademoiselle    î    detugbui,  tugbedze. madone    î    Maria,  Maria  îe  nonometata.
M;madrier;m;;vvuîo titri.
M;magasin;m;;îiase, nudzradoîe, agbaho.
M;magasinier;m;;îiaseto. mag  —  mai
M;mage;m;;nunyala, les  trois  Rois-    nunyala  etô  alo  fia  etô.
M;magicien;m;;afakâla, dzosala, adzeto. magie    î    afâkaka,  adzelele,  dzosasa.
M;magistrat;m;;dumegâ, fiahawo.
M;magistrature;f;;dume dzidudu. magnanime    a    luwogâto.  '
M;magnanimité;f;;luwogâtonyenye.
M;magnat;m;;dumegâ. magnificence    î    riutikokoe,  atsyô.
M;magnifier;vt;;kafu nu, do nu de dzi. magnifique    a  atsyôto.
M;magot;m;;fie; — nu hoasi.
M;mahométan;m;;alufa, mahomedto.
M;mai;m;;mai, (gleti atôlia). maigre    a   diku,  glaîu,  bobloe,  klayâ. devenir-    di  ku,  blo,  di  ka. jour-  nublankeke.
M;maigreur;f;;kudidi, kadidi. maigrir    vi    di  ku,  blo,  di  ka.
M;maille;f;;asabu fe nku.
M;mailler;vt;;lô nu.
M;maillet;m;;atikpo.
M;main;f;;asi, alo. dos  de  la-    asita,  asimegbe. creux  de  la-  asiîlome. coup  de-  asinudo. avoir  la-  sûre    ame  fe  asi  dzo. donner  une  poignée  de-    na  asi  ame,  klâ  ame. mettre  la-  sur  qc.    ha  nu,  de  asi  nu  dzi. mettre  la-  à  l'œuvre    d'asi  nuwowo  me. battre  des-  s    fo  asikpoloe,  fo  akpe,  îo  asi. donner  sa-  à  q.    de  srô,  de  ame. forcer  la-  à  q.    zi  ame  dzi. graisser  la-  à  q.    na  zânu  ame. passer  la-  sur  qc.    li  asi  nu  nu. lever  la-  sur  q.    do  asi  de  ame  fe  mo. en  venir  aux  -s    wo  dzre,  wo  avu. mettre  la  dernière  -à  qc.    do  mloea  nu. prendre  son  cœur  à  deux  -s    do  dzi. mai  —  maj joindre  les  mains    de  asi  wonoeawo  me,  sa  asiwo, kpe  asi. entre  les  -s  de  q.    le  ame  si  me. mettre  qc  à  la  portée  de  la-    do  nu  alo  dzi. frapper  trois  coups  dans  la-   fo  asime  zi  etô. travail  fait  à  la-  asinudo. main-d'-œuvre    î    asinudo,  dowoho. main-  forte    f  kpekpedenu. prêter-  à  q.    kpe  de  ame  nu. maint    a  gedewo.
M;maintenant;adv;;fifia, fifi la, azo, fifi.
M;maintenir;vt;;dzra nu do.
M;maintien;m;;dokuilele.
M;maire;m;;dumegâ. mairie    î    hameho,  adanudoîe. mais    cj    gake,  voa,  evoa.
M;maïs;m;;bli, kpeli. épi  de-  bliti. grillé-    bli  fa. récolter  le-    ne,  tso  bli. grain  de-  bliku.
M;maison;f;;ho, aïe.
M;;;à étages;dziîoho, sa, dzisasrâ.
M;;;mortuaire;yohome, fuhome.
M;;;fétiche;trôho. à  la-  l'afeme. aller  à  la-    vi  aîeme. il  n'est  pas  à  la-    mêle  afe  me  o.
M;maisonnette;f;;hovi.
M;maître;m;;afeto, amegâ, nufiala.
M;petit-maître;m;;atsyôdola. faire  le-    du  gâ. se  rendre-  de  qc.    du  nu  dzi,  lé  nu.
M;;;d'école;nufiala.
M;;;autel;altaro gâ.
M;maîtresse;f;;aîeno, nyagâ.
M;maîtrise;f;;gâdudu, afetodudu ; — hadzidzi le suku.
M;maîtriser;vt;;du nu dzi, do kpo de ame dzi. se  maîtriser    v    gbo  dzi  di  hë,  lé  dokui.
M;majesté;f;;gânyenye, fianyenye. Vocabulaire maj  —  mal majestueux    a    fiatoe,  gâ. majeur    a    amesi  ho  îe  21;  lolo  wu.
M;major;m;;asrafowo famegâ. majorité    î    esiwo  sogbo  wu,  akpa  gâto.
M;mal;m;;busu, nuvô, fukpekpe, do, nuwoame.
M;;;du pays;modzaka ; aïe dzro ame. faire  du-  à  q.  wo  nu  vevi  ame,  de  fu  na  ame. mal    a    vô,  vôdi. prendre  qc.  en-     bu  nu  vô. cela  lui  fait-    ele  evem. avoir-  à  la  tête    ta  du  ame.
M;malade;m;;+ a dono, doléla ; — lédo. tomber-    do  dze  ame  dzi,  do  lé  ame.
M;maladie;f;;do, dolélé, lâmegbegblê.
M;;;incurable;agbenodo, agbemedo.
M;;;épidémique;hamedolélé.
M;;;contagieuse;do dedeamenu, do hoho.
M;;;mortelle;kudo. relever  de-    ka  de  me,  gakpo  lâmesê. communiquer  une-  à  q.    de  do  lame  na  ame,  de do  de  ame  nu. s'attirer  une-  mortelle    île  ku  ve.
M;;;imaginaire;gudo, anyrâdo. maladif    a    masêmasê,  kudali. être-    le  do  viade,  do  ha  ame,  ku  atri.
M;maladresse;f;;akafofcy, aka, maladroit    a    îoaka,  klanyâ. être-    îo  aka.
M;malaise;m;;kpokpo, lâmegbegblê.
M;malaria;f;;asrâ, nudza, gedza.
M;malchance;f;;busu, ha, aka. avoir  de  la-    kpe  busu,  îo  aka,  du  aya.
M;mâle;m;;atsti, wonutsu.
M;malédiction;f;;f if ode, amekudodo.
M;maléfice;m;;adzewowo, dzoduame. malencontreux    a  vôdi.
M;malentendu;m;;gomemasemase. malfaisant    a    vôdi,  wonuvôdi.
M;malfaiteur;m;;vôwola.
M;malgré;pr;;to egbo, gake hâ. malhabile    a    îoaka,  madzeadanu. mal  —  man
M;malheur;m;;dzogbevôe, baiawu, nuwoame, busu. se  jouer  du-  de  q.    te  ame  îe  nku  me  kpo. être  dans  le-    dzogbevôe  le  ame  nu. précipiter  q.  dans  le-   he  dzogbevôe  va  ame  dzi. malheureux    a    dzogbevôeto,  busume. malhonnête    a    madianukode,  bleaame. malhonnêteté    î    baba,  anukodemadimadi; malice    î    ayedzedze,  nuvôwowo. malicieux  (être-)    dze  aye,  wo  nuvô. malignité    î    vôdinyenye,  ayedzedze. malin    a    vôdi,  dzeaye,  dra. le-  esprit    gbogbo  vôdi.
M;malin;m;;ayedzela, adarïudzela. malle    î  adaka. malléable    a    wuhewuhe,  bobo,
M;malmener;vt;;sê nuta le ame nu. malpropre    a    îodi,  kodi.
M;malpropre;m;;fewola, dime, malpropreté    î  madzarnadza. malséant    a  madzemadze.
M;maltraiter;vt;;wo nu ame, wo îu le ame, wo anyi- ra  le  ame  nu.
M;malversation;f;;apasa, didri. maman    î    no,  dada, mamelle    î    no,  ano. enfant  à  la-    vidzï,  nonuvi.
M;mamelon;m;;any i kpo.
M;manche;f;;awubo.
M;manche;m;;asilefe, asidoîe. mettre  un-  dans  un  outil   kpa  ati  na  agblenu.
M;manchette;f;;alonukola.
M;manchot;m;;abodekato.
M;mandat;m;;dodo, sedede.
M;mandement;m;;sedede, episkopo îe agbalë.
M;;;de carême;episkopo îe agbalê le nublagi.
M;mander;vt;;gblo nu îia.
M;;;q.;yo ame ve. mânes    mpl    tsiêwo,  noliwo. mangeable    a    dudua,  si  woduna. mangeaille    î    nududu,  lânyinu.
M;mangeoire;m;;lânududaka ; to, lato. 16* man  —  map
M;manger;vt;;du nu.
M;;;en glouton;du nu gabugabu, do atsi. faire-  un  enfant    mo  devi,  kpe  nu  na  devi. salle  à-  nuduho.
M;mangue;f;;mango,
M;manguier;m;;mangoti.
M;manie;f;;bometsitsi, wowome.
M;maniaque;m;;tsukuno.
M;maniement;m;;nutidowowo.
M;manier;vt;;wo nu nuti do. manière    î    mo,  wowome,  nonome. de  n'importe  quelle-    le  mo  sia  mo  nu. de  cette-    le  mo  sia  dzi,  to  ale  mo  dzi.
M;manifestation;f;;nudede fia.
M;manifester;vt;;de nu fia, de gbe îâ. manifeste    a  dzefâ.
M;manipulation;f;;nunudowowo.
M;manioc;m;;agbeli, kute, atite. farine  de-    gali,  folinya,  batsi.
M;manipuler;vt;;wo dp le nu nu.
M;manivelle;f;;asilefe.
M;manne;f;;abahe, abaka.
M;manne;f;;manna, abolo tso dziîo.
M;manœvre;f;;dpwowo, — m. dowola. manœuvres    fpl  fefewa.
M;manoir;m;;ho gâ, mô.
M;manque;f;;ziâ, hiâ, hiahiâ, ziaziâ, ziâtuitu, anyi- mawomawo.
M;manquement;m;;vodada.
M;manquer;vt;;do kpo, gu, glo, kpoto. manquer,    vi    da  vo,  ve  (tsi  le  vevem)  suso.
M;;;le but;da fu anyi, da dagbô, da dze fu.
M;;;de qc.;nu le ame ziâm, nu ziâ ame.
M;;;le bon chemin;bu mo. je  manque  d'argent   ga  le  hiâyem,  mêle  ga  ziâm.
M;mansuétude;f;;domenyonyo.
M;manteau;m;;awu wlayâ. travail  manuel  asinudo.
M;manufacture;f;;asinudo.
M;manuscrit;m;;nu nonlp, asinunonlô.
M;mappemonde;f;;anyigbatata. mar  —  mar
M;marais;m;;tsi, tsinyigba, tsime, agbi. marâtre    î  tosrô.
M;marauder;vt;;da adzo.
M;maraudeur;m;;adzodala.
M;marbre;m;;kpe hoasi ade.
M;marchand;m;;asitsala, asiîlela.
M;marchander;vt;;do asi, nyi asi.
M;marchandise;f;;asitsanu, asimenu. crier  la-    do  boblo. marche    î    zozo,  azoli,  azolizozo. se  mettre  en-    ho,  dzo.
M;marché;m;;asime, asi, asito, ablome. vendre  à  bon-    dzra  nu  kpotsoe  (kpokpo). à  bon-    abonyônu.  di,  asiboboeto,  kpo. par  dessus  le-    de  dzi. conclure  le-    tso  gbe  le  nufeîle  nu. aller  au-    de  asi  me. fréquenter  le-    tsa  asi. le-  est  languissant    asi  eto. le-  est  très  fréquenté    asi  edi  tratratra. il  y  a-  aujourd'hui    egbe  enye  asigbe.
M;marche-pied;m;;afodofe. marcher    vi    zo,  yi,  tsa.
M;;;lentement;zo dododo.
M;;;à reculons;zo gbugbo de megbe.
M;;;à quatre pattes;zo le godzoe me, zo le afo ene dzi.
M;;;par groupes;zo hamehame.
M;mardi;m;;brada,
M;mare;f;;ba, — tsihaha, tsife. marécageux    a  woagbi.
M;marécage;m;;tsi, tsinyigba, tsime, agbi.
M;maréchal;m;;fianume.
M;marée;f;;îumiemie kple dodo, îudogi, fumiegi.
M;;;montante;fudodo, tsi dodo.
M;;;basse;fumiemie. la-  monte    fu  le  dodom. la-  baisse    fu  di  ke.
M;marge;f;;to, nu, koto, kogo.
M;mari;m;;srô, srôriutsu. mar  —  mas mariable  (être)     do  nutsu  me,  do  nyonu  me;  do srôdede  me.
M;manage;m;;srôdede, asidede, srôkpekpe, aloiélê. promesse  de-    aloiele  îe  nugbedodo. demander  une  fille  en-    bia  nyonuvi  ta. contracter  un-    de  srô.
M;marier;vt;;de srô na ame, tso nyonu na atsu. se  marier    v    de  srô,  de  atsu,  de  asi,  de  nyonu. marin    a    îuto,  fumeto. animal-  îumelâ.
M;marin;m;;kahela, fudzizola, îutsola, funugbeyila. marine    î    wuwo,  awawuha;  —  wuha. marmite    î    ze,  kutu.
M;marmiton;m;;nudalagbovi, kûkùvi. marque    î    dzesi,  dzesinu,  nudede  de  nu  dzi.
M;marquer;vt;;de dzesi nù, le to de nu nu.
M;marquis;m;;amegâ, bùbume. marraine    î    amesi  du  no  na  mawûtsihola.
M;mars;m;;mars, (gléti etôlia).
M;marsouin;m;;hotsukli, hotsukpli.
M;marteau;m;;zu, hamble.
M;marteler;vt;;da hamble, da zu, te nu. martial    a  awato.
M;martinet;m;;zu; — hevî ade, — atam. martre    î  gbôe.
M;martyr;m;;hosetakukula, martiro.
M;martyre;m;;hosetaku. subir  le-    ku  de  hose  ta.
M;martyriser;vt;;wu ame de hose ta. masculin    a    nutsuto,  atsu.
M;masque;m;;amemo, kakabotobi. se  masquer    v    do  amemo,  wo  beligudu,  wo  zâ- gbeto.
M;massacre;m;;amewuwu.
M;massacrer;m;;wu ame fû.
M;massacreur;m;;amewula.
M;massage;m;;lele de ame nu. faire  du-    li  asi  megbe  na  ame.
M;masse;f;;ko, agbososo. en-    koekoe,  sogbo  fu.
M;masser;vt;;li ko, îo nu fu. mas méc massif    a    loto,  lgdzg.
M;massif;m;;to.
M;massue;f;;kpo, wudu, kpagâ.
M;mastic;m;;nutreba, nutrenu, kpoti.
M;mastiquer;vt;;tre nu kple kpoti.
M;mât;m;;wumeti.
M;matelas;m;;aba, tsitse, beli, atsatsa.
M;matelot;m;;kahela. maternel    a    noto,  dadato. langue-  (lie)  amedegbe.
M;maternité;f;;nonyenye, danyenye; — vidzïnoho. mathématique    î  akontabubu.
M;matière;f;;nuwonu ; — nya ; — abitsi.
M;matin;m;;ndi. ce-    egbe  ndi. le-      (le)  ndi  me. prière  du-    ndi  gbedododa. de  bon-  ndikanya. le  lendemain-    nufoke,  nu  eke  ndi.
M;mâtin;m;;avugâ si dzoa aïe nu.
M;matinée;f;;ndi.
M;matou;m;;adaditsu.
M;matricule;f;;nkogbalê.
M;matricide;m;;dadawula.
M;matrone;f;;aîeno.
M;maturité;f;;didi.
M;maudire;vt;;îo fi de ame, do dinu na ame.
M;mausolée;m;;yododzikpe. mauvais    a    gbegblê,  vôdi,  vlo,  badabada,  volôe. maxime    î    nya,  dodo,  lododo.
M;maximum;m;;nusi sogbo wu.
M;mécanique;f;;mô, adanuwowo.
M;mécanicien;m;;adanuwola.
M;méchanceté;f;;vovôdi, gbegblê, vlonyenye. méchant    a    vôdi,  vô,  gbegblê.
M;méchamment;adv;;tamevôtoe.
M;mèche;f;;dovu, akadime dovu.
M;méconnaître;vt;;gbe ame, së nu le ame nu.
M;mécontentement;m;;numadzemadze. matérieux  mpl  \
M;matériel;m;;| nusiwo  wotsona  woa  nui. méc  —  mem interjection  de  mécontentement   tsia  !  tso  ! médaille    î    ga  nonlo,  medali.
M;médecin;m;;atikewoïa, doyola, dokita. médecine    î    atike,  doyonu,  amatsi,  (liquide). la-  agit   atike  ko  dome,
M;médiateur;f;;avulela, nyahola de ame ta (nu),
M;médiation;f;;avulele, nyahoho, de ame ta.
M;médicament;m;;atike. administrer  un-  à  q.    kpe  atike  na  ame. médiocre    a    dahe,  evedome.
M;médire;vt;;gblo amade îe vodada na ame bubu, lî ame  nu;  du  ame  gome, médisance    î    amenulîlï,  amenya  gblogblo,  amete- dudu. médisant    a    amenyagblola,  amenulïla. méditation    î    tamebubu,  nugblêdede,  nunutibubiu
M;méditer;vt;;bu nu nuti, de nugblê nu nu. Méditerranée    î  Dodomeîu.
M;mefaft;m;;nuvôdiwowo, gudodo. méfiance   î   numadomado  de  ame  nu. se  méfier    v    medo  nu  de  ame  nu  o. faire  qc.  par  mégârde    wo  nu  le  vo  me. meilleur    a    nyo  wu.
M;mélancolie;f;;nuhaha, konyifafa.
M;mélange;m;;nutsakatsaka.
M;mélanger;vt;;toto, tsaka, îoto nu, to, dzro nu.
M;;;du vin et de Peau;to tsi aha, dzro aha kple tsi.
M;;;des liquides;dzro, gblo nu.
M;mêlée;f;;avu, awakpekpe.
M;mêler;vt;;toto, tsaka, baka, dzaba. se  mêler  de  qc   v    de  nu  nya  me,  ha  de  nu  mu
M;mélodie;f;;hagbedidi. mélodieux    a    (gbe)  vivi.
M;melon;m;;adiba, adzamatre.
M;membrane;f;;fi.
M;membre;m;;nutinu, nuttilânunu ; — hameto, havî. même    a   nuto,  eyamâ  ke,  ha,  gô. de-    nenemake;  abe . . .  ene.
M;mémoire;f;;nkudodo, nkulélé de nu dzi. depuis-  d'homme    tso  blema  ke. retenir  qc.  de-    lé  nya  de  ta  me. mém  —  men mémorable   a   si  dzi  woado  nkui.
M;mémorial;m;;hena nkudodo nu dzi. menace    î    nodzidodo,  nodzinya.
M;menacer;vt;;do nodzi na ame.
M;ménage;m;;honuvido, afedzikpokpo. faire  le-    kpo  aïe  dzi. travail  de-  aîemedo. article  de-  homenu.
M;ménagement;m;;folele, nudododo.
M;ménager;vt;;le fo na nu, do nu do.
M;ménagerie;f;;lâwoadâkpokplo.
M;mendiant;m;;nubiala, ame dahe.
M;mendicité;f;;nubiabia.
M;mendier;vt;;bia nu. sourdes  menées   îpl   nuwpwo  le  gaglame.
M;mener;vt;;kplo ame do, no ngo na nu, tro nu.
M;;;dehors;kplo ame do go.
M;;;en prison;kplo ame yi gaho me.
M;;;une vie chrétienne;no agbe abe kristoto nyui ene.
M;;;un grand train;du gâ.
M;;;grand bruit;wo hô.
M;;;une;affaire à bonne fin do nu, fie asi, wu nu nu.
M;meneur;m;;kplola, aglâdzelawo kplola.
M;méningite;f;;foamevtfui. menottes    fpl  apâ.
M;mensonge;m;;awatsokaka, numevivi, adzedada. dire  un-    ka  awatso,  da  adze,  vivi  mune.
M;menstruation;f;;gletikpokpo, gbelele, alonene, gbo- totsitsi. mensuel    a    gleti  sia  gleti. mental    a    emeto,  tameto. calcul-  tamekonta. oraison-    e    gbedododa  le  nugblêdede  me.
M;menteur;m;;avtfatsokala, numevivila, venyila, adze- dala.
M;mention;f;;yoyo, dudodo, nkudodo. faire-  de  qc.    fo  nu  le  nu  nu. ci-dessus  mentionné    dzito,  ngoto.
M;mentionner;vt;;bo nu di, fo nu le nu nu. mentir   vi    ka  awatso,  vivi  nume,  da  adze,  nyi  ve. men  —  mer
M;menton;m;;glâ> aiiyigbeglâ. menu    a    kpui,  sue,  zi,  vi.
M;;;bois;nake. e-  monnaie    gavi.  . menuiserie    î    atikpaîe,  atikpakpa.  -
M;menuisier;m;;atikpala, kapinta. se  méprendre    v    da,  tra,  îlu  dokui,  da  vo.
M;mépris;m;;vlododo, alomedede. couvrir  q*  de-    de  alome  de  ame  nu. avoir  du-  pour  q.    do  vlo  ame. méprisable    a    vlo,  vlui,  dudoe. méprise    î    tatra,  motatra,  gomemasemase,  nudzi- dada. faire  une-    tra,  da  vo.
M;mépriser;vt;;do vlo ame, de alome le ame nu. mer    î    îu,  atsyiaîu. hiafuite-  toîo.
M;;;atlantique;atsiaîu. aller  en  haute-    ka  to,  yi  to,  de  to  fo. voyager  par-    zo  îu  dzi. eau  de-  îutsi. poisson  de-  fumelâ. mal  de-  vvuîoame. plage  de  la-  îdta. la-  est  agitée    îu  dze  agbo. mercerie    î  îiase.
M;merci;m;;akpedada. demander-    le  aîo  na  ame. merci    int    èwo  do,  dono,  dase,  èsênu. dire-    à  q.    da  akpe,  fo  akpe,  do  dasè.
M;mercredi;m;;kudagbe. merde    î  mï. mère    î    dada,  no.
M;;;en;couche vino,
M;méridienne;f;;ridolô. mérite    m,    nunyuiélewowo,  îetu,  vide,
M;mériter;vt;;dzena; de vi.
M;;;une punition;dzena tohehe.
M;merle;m;;hevi ade.
M;merveille;f;;nukunu, nukunuwowo. merveilleux    a  wonukunu. mes  —  met
M;mésange;m;;hevi ade. mesquin    a  madinu.
M;message;m;;gbedeasi, dogbe, dodo, dododo. envoyer  un-  à  q.    do  du  de  ame,  to  du  ame.
M;messager;m;;amedodo, dotsok, dudola, atikplotg. messagère    î    atijqoloto  nygnu,  dudola  nygnu. messe    î  missa. manquer  la-    do  kpo  missa. entendre  la-    doto  missa. dire  la-    wo  missa.  -
M;;;basse;missa vi. grand'-    missa  gâ.
M;;;des morts;missa de amekukuwo ta. commander  une-    do  Missa. Messie    m    Messia,  Delà.
M;mesure;f;;dzidzenu, agbososgme, dzidzeti, susu. prendre  la-  de  qc.    dzidze  nu. la-  est  pleine    dzidze  la  yg,  edodo.
M;mesurer;vt;;dzidzé nu, susu, da ka.
M;;;(quantité);do nu, susu nu,
M;;;une chambre;dzidze hig.
M;;;un champ;dzidze anyigba.
M;;;(en arpentant);dzidze nu kple aîo, tsa nu îe didime.
M;;;du riz;dzidze mglu, do mglu.
M;métal;m;;ga.
M;métairie;f;;agblekoîe.
M;métayage;m;;anyigbagege.
M;métayer;m;;anyigbagela.
M;métempsycose;f;;amedzgdzo, ametgtro.
M;météore;m;;gletivi si dze anyi. méthode    î    nuwgwo,  mg.
M;métier;m;;adanuwgwg. de  quel-  êtes-vous    dg  ka  wgm  nèle. apprendre  un-    srô  adanu.
M;métis;m;;ame dzë, yevuvi.
M;mètre;m;;meta, (dzidzenu). métropole    î  îiadu. mêts    mpl  nuduglu.
M;mettre;vt;;do nu, da, tsg nu da di, do anyi.
M;;;dessous;de nu nu te (ggme). met  —  met mettre  fin  à  qc    wu  nu  nu.
M;;;obstacle;he mo na nu.
M;;;pied à terre;di le nu dzi.
M;;;à l'ancre;da seke.
M;;;à bas;bobo nu d'anyi.
M;;;en œuvre;tg nu dzi, de asi nuwgwg me.
M;;;à fin;wu nu nu, tso nu nu, de mi.
M;;;son cheval au galop;do du so.
M;;;q. au hasard de . . .;blé ame de haha me.
M;;;qc. au jour;de nu de go, he nya va ke toe me.
M;;;à l'épée à la main;dzi yi.
M;;;le feu à la maison;to dzo ho.
M;;;au inonde;dzi vi.
M;;;à mort;wu ame.
M;;;à nu;de nu di, de amamâ.
M;;;q. au pied du mur;haha ame.
M;;;à point;dzra nu do.
M;;;à profit;wo nu nu do, de vi le nu hu.
M;;;à prix;bu nu, do asi.
M;;;bas;dzi vi (animaux).
M;;;les mains dans les poches;de asi kotoku me.
M;;;qc.;dans de me.
M;;;d'accord;wo deka.
M;;;q. dehors;de ame da, nyâ ame do go.
M;;;en avant que ...;ka de nu dzi be.
M;;;q. en colère;do dziku na ame.
M;;;q. en demeure de payer;lï fe ame.
M;;;l'ennemi en furte;nyâ futgwo.
M;;;en ordre;do nu, do nuwo teîeteîe.
M;;;en prison;de ame gahg me.
M;;;bien ensemble;lé avu.
M;;;haut;bu ame, do koko na ame. qc.  sur  la  table    tsg  nu  de  kplô  dzi. se-  à   dze  ggme,  de  asi . . .  me. se-  à  table    dg  kplô  nu,  ng  anyi  de  kplô  nu. se-  au  lit    mlg  anyi. se-  dans  le  commerce  :    tsa  asi. se-  de  qc.    kpg  gome  le  nu  me. se-  Tun  derrière    l'autre  :      do    de  wongeawo yome. se-  Pum  à  côté  de  l'autre  :    do  de  wongeawo  ha. met  —  mil se  mettre  au  travail    tso  de  dowowo  nu. se-  d'un  parti    ho  de  akpa  ade  dzi. se-  en  route    dze  mg  dzi. se-  en  colère    do  domedzui. se-  en  fruits    tse  ku.
M;meuble;m;;homenuwo, homedonu. rendre  la  terre-    gudu  anyigba.
M;meubler;vt;;do homenuwo ho me. meule    î    tedaida,  tevi,  te.
M;meunier;m;;tetula, wotula.
M;meurtre;m;;amewuwu, hlô.
M;meurtrier;m;;amewula, amehlôdola. se  meurtrir    v    fia,  miâ,  mimi. meute   î  avuwo. mi    î  aîâ. miauler    vi   hlô  abe  dadi  ene.
M;miaulement;m;;hohlô abe dadi ene.
M;mica;m;;kpe gi ade.
M;miche;f;;abolo deka.
M;microscobe;m;;ahûhôe esi woa nu wololona de dzi.
M;midi;m;;ndo, gedota, dziehe, ga wuieve. à-  précis    ndo  me  Mutu.
M;;;est sonné;ga wuieve îo hoho. mie    î    abolo    wuwlui,  îaîa.
M;miel;m;;anyitsi. rayon  de-  anyigba.*
M;mien;pr;;tonye, nye. miette    î    abolo  wuwlui,  wuwlui,  abolokake. mieux    a    enyo  wu. se  trouver-    ka  de  me. f  aime-  le  vin  que  Peau   melô  vê  wu  tsi. mignon    a    vivi,  nyo,  dzedeka.
M;mignon;m;;ame lolôto. migraine    î    taduame  vevie. migration    î    mozozo,  tsatsa. mil,  mille    a    akpe  deka.
M;milan;m;;hevi gâ ade. milice    î  gbadagbawo.
M;milieu;m;;titina, dome, dodome. au-   titina,  le  nu  dome. mil  —  mis au  milieu  de  vous    le  mia  dome,
M;militaire;m;;gbadagba, asraîo. mil,  millet    m    lu,  li,  fo.
M;millième;m;;akpelia.
M;millier;m;;akpe deka, ame akpe. plusieurs-    akpe  gedewo.
M;mille-pieds;m;;duameduavumi.
M;million;m;;akpe tefe akpe, akpeakpe. mince    a    bi,  hahe,  lebê. minceur    î  wowoië. mine    î    nkume,  mo,  nkumedzedze. faire  mauvaise-    lé  mo  sa. allonger  la-    to  mo.
M;mine;f;;tomedowowo, gakuîe.
M;miner;vt;;ku nu gome,
M;minerai;m;;ga si woîo do me.
M;minéral;m;;tomenuwo.
M;minet;m;;dadivi.
M;mineur;m;;tomedowola.
M;mineur;m;;devi, si meho fe 21 hade o. minime    a    sue  wu.
M;ministère;m;;do, si wowona na dzidudu.
M;ministre;m;;dzidududowola, miawununola. minorité    î    amesiwo  mesogbo  o.
M;minuit;m;;zâtitina. à-    le  zâtitina. miniscule    a  +  î    wuzï  ;  —  nonlôdzesivi. minute    î  miniti. minutie    î    nu  madinu.
M;miracle;m;;nukunu, nusêdo. miraculeux    a  wonuku.
M;mirage;m;;blezi, bleziblezi, luWo. mirer    vi    da  dzo,  klê. se-    dze  le  ahûhôe  me,  kpo  dokui  le  ahûhôe  me»
M;mirliton;m;;kpevi.
M;miroir;m;;ahûhôe.
M;mise;f;;awudodo. misérable    a    wonublanui,  nublanuito. misère    î    nublanui,  ziâtuame,  hiahiâ,  hiâkame,  wo» wui. faire  des-  s  à  q.    de  fu  na  ame. mis  —  moe
M;miséricorde;f;;nublanuikpokpo, amenuveve. demander-    lé  aîo  na  ame. faire-  à  q.    kpg  nublanui  na.  ame.  ! sans-  makponubîanui.
M;missel;m;;Missa'gbalê. mission  î  dodo;  hosetakekedo,  mission,  mawunya- gbogblo  dokuimedzodzrokpo.
M;missionnaire;m;;mawunyagblola, missiondowola, mawununola,  osoîo,  fada. missive   î  agbalê,  leta. mitaine    î  asiwui.
M;mite;f;;nu sue, nyevi, agbagbaWui, botroe, dranu.
M;mitiger;vt;;fa nu nu. mitoyen    a  titina.
M;mitraille;f;;ga, tukpe.
M;mitrailleuse;f;;dzombulu, asramâ.
M;mitre;f;;episkopo îe kuku.
M;mixtion;f;;nutoto, toto.
M;mixture;f;;atike. mobile    a    wawa,  nusi  woatenu  aAvuwu.
M;mobilier;m;;homenuwo.
M;mobilisation;f;;dzadzrado na aWawowo.
M;mobiliser;vt;;dzra do na awawowo.
M;mode;f;;awudodo, mo, nonome. c'est  la-    eya  îe  wu  edze,  eya  gato  fifi. être  à  la-   to  (avo  yeye  to),
M;modeler;vt;;më nu, do nonome na nu.
M;modèle;m;;kpodenu, asifia. modeleur  numêla.
M;modération;f;;dokuilélé, evedomesinono, numema- tsiamatsia. modéré    a    evedome,  masogbo  akpa. prix-    di,  asiboboeto.
M;modérer;vt;;fa nu nu, de nu le nu nu, de nu dzL moderne    a   egbegbeto,  fifito,  fifi. modeste    a  doWu.
M;modestie;f;;\vudodo.
M;modifier;vt;;wo nu bubu, tro nu, do li nu. modification    totro,  lidodo. modique    a    sue,  madinu;  asiboboeto.
M;moelle;f;;fumemi, futomemi; tu. moe  —  mom mœurs    fpl    nuwona,  nuwowo,  kg,  konu. homme  sans-    ame  gbegblê,  vlo. avoir  des-    no  agbe  nyuie. moi    p    nye,  nyeke.
M;moignon;m;;nu takpo. moindre    a   suie  wu,  wê  wu.
M;moine;m;;sadagahomenola.
M;moineau;m;;atsutsrue, wlê. moins   sue  wu,  —  tso  nu  me. à-  que    ne  menye  —  o,  negbe. au-;  du-;  pour  le-    ne  glo  godoa. à-  de    negbe,  deko. de-  esuso.
M;mois;m;;gleti, dzinu. tous  les-    gleti  sia  gleti» moisi    a    îudza,  dzeîuîu. moisir    vi   dze  fuîu,  îu  dza.
M;moisissure;f;;îufu, dzaîufu. moisson    î    nuhaha,  nunene,  nudede,  nudegi. rentrer  la-    îp  nu  de  ho  me;  ha  nu. fête  de  la  moisson    akpedagbe,  nunenkekenyuie, nuhaharikekenyuie. temps  de  la-  nudegi.
M;moissonner;vt;;ha nu, ne nu. moite    a    fotsi,  dotsi. moitié    î    aîâ,  aîâsinu,  aha. donnez  moi  la-    na  aîam. faire  les  choses  à-   wo  de  kple  dee  ko. moitié  moitié    afâ  kple  afâ.
M;moiteur;f;;tsifofo. molaire  (dent-)  nyigli.
M;mole;m;;klini.
M;molécule;f;;nu suenuio, nu gbagbe.
M;molester;vt;;de îu na ame.
M;molestation;f;;fudede.
M;mollesse;f;;boboenyenye, kuvia.
M;mollet;m;;sobo, soboe.
M;moment;m;;adabafofo. un-    fifilayi,  sê  (v.  g.  lala  se). à  ce-    azo,  le  geyigi  sia  me. dans  un-    fifila,  kasiâ. mom  —  mon par  moment  geadewogi. pour  le-    azo  la. au-  où    esime,  gbesigbe.
M;momie;f;;ame kuku fufui. mon    p   tonye,  nye.
M;monarchie;f;;fiadufe, fiadudu.
M;monarque;m;;fia.
M;monastère;m;;sadagaho.
M;monceau;m;;ha, ko, kolili, adru. par-    kokoko  bibibi. mondanité    î  atsyôdada. mondain   a   heheme  nuwoto.
M;monde;m;;heheme; hiheme — amewo.
M;;;contemporain;mia noli. le  moins  du-    kura  o,  dabidabi. ainsi  va  le-   nenem  (alea)  enye  hiheme  îe  nonome. l'autre-    agbe  mavo,  tsieîe. mettre  au-    dzi  vi. le  Sauveur  du-    hiheme  îe  Delà  :  Yesu  Kristo. la  fin  du-    hiheme  îe  toyiyi  alo  Isyotsyrô.
M;moniteur;m;;nuîiala, nuhlôla. monition    î    nuîiafia,  nuhohlô,  nuhlônya. monnaie    î  ga. battre  de  la-    ta  ga,  wo  ga. petite-  gavi.
M;monnayage;m;;gawowo.
M;monnayer;vt;;ta ga, wo ga.
M;monnayeur;m;;gatala, gawola.
M;monocle;m;;tsitsi nku deke.
M;monogame;m;;srôdekadela. monogamie    î  srôdekadede. monosyllabe     î  nyakpadeka. monotone    a    akogo,  kohgo. Monseigneur    m    nye  aîeto,  episkopo  yonko. Monsieur    m    amegâ,  aîeto,  yonko.
M;monstre;m;;busunu, nu klitsu, nu gliga. monstrueux    a    dzotsu,  gliga,  klitsu,  gâ.
M;mont;m;;to.
M;montagnard;m;;tometo, todzinola.
M;montagne;f;;to. ' chaîne  de-  s  togbeka. franchir  une-    lia  to. Vocabulaire mon  —  mor montagneux    a  towodome.
M;montant;m;;hehlême. montée    î    dziyiyi  ;  —  atrakpui. monter   vi    lia,  yi  nu  dzi,  tso  nu  va  dzi.
M;;;en voiture;do tasiadam.
M;;;à cheval;do so, de so dzi.
M;;;à un arbre;lia ati.
M;;;au ciel;yi dziîo.
M;;;au trône;no fiazi dzi.
M;;;les escaliers;flo atrakpui yi dzi.
M;monticule;f;;togbe. montre    î  gaîodokui. remonter  la-    tro  gaîodokui. la-  marche    gaîodokui  le  zozom. la-  s'arrête    gaîodokui  le  totom. la-  retarde    gaîodokui  le  megbe  Isim. la-  avance   gaîodokui  le  abla  dem  akpa.
M;montrer;vt;;fia nu ame.
M;;;qc. du doigt;fia asi nu.
M;;;le chemin à q.;fia mo ame, kplo ame do.
M;;;du courage;wo kalê. se  montrer    v    dze,  do,  de  dokui  fia. monture    î    agbati,  agba.
M;monument;m;;nkudoamedzikpe. se  moquer   v   ko  ame,  de  alome  le  ame  nu,  do  hehe de  ame  ta. se-  d'un  malheureux    do  ago  na  ame.
M;moquerie;f;;îewududu, alomedede.
M;moqueur;m;;fewudula, amekola, hehedola . moral    a    nyo,  dzadze.
M;moral;m;;nonome nyuie.
M;morale;f;;agbenononyuiefiaîia.
M;moralité;f;;dokuilélé nyuie, wovvo nyuie.
M;morceau;m;;kake, akpa, sonu, dudu, kaka. par-  x  kakekake.
M;morceler;vt;;ka nu, ne, gbâ nu kakekake.
M;mordiller;vt;;ka nu kple adu.
M;mordre;vt;;du nu, ka nu (me),
M;morgue;f;;dada, gbagbla.
M;moribond;m;;kudoîola. morne    a    kpï,  vï,  kplifu. mor  —  mou morose    a  domeveto.
M;mors;m;;so fe numega, nuga.
M;morsure;f;;nutoamebi, dudu.
M;mort;f;;ku, tsalagatsui, kudzesu. lit  de-  kuba. danger  de-    agbeîoku  (ku  foku). heure  de  la-    kuigaîoîo,  kugi.
M;;;soudaine;kukpokuku, kudzodzo, kudzi. mettre  à-    wu  ame. souhaiter  la-  à  q.    do  ame  ku. condamner  à-    tso  kuîia  na  ame. périr  de-  violente   ku  wuku,  tsi  wu  me. être  à  la-    îo  kudo,  le  kudo,  le  kuba  dzL digne  de-  dzenaku.
M;mort;m;;ame kuku. mort    a  kuku. la  Mer  Morte  Dzeîu. jour  des  morts    amekukuwo  îe  azâgbe. être  mort-né    tsi  wu  me. mortel    a    wuame,  kuto. péché-    nuvôgâ,  kunuvô. commettre  un  péché-    wo  nuvôgâ,  wo  kunuvô.
M;mort-gage;m;;awobanu.
M;mortier;m;;akalobublu, anyinyanya; — to. mortification    î  dokiuidzizizi. se  mortifier    v    zî  dokui  dzi.
M;morue;f;;bakayawo, makaiidzo.
M;morve;f;;mîtsi, ahohlô.
M;mosquée;f;;mahometogbedohg.
M;mot;m;;nya.
M;;;d'ordre;nya ledenu.
M;;;à -;nyawo deka deka. bon-  ahatsekaka. en  un-    le  nya  deka  me. avoir  des-  s  avec  q.    he  nya  kple  ame.
M;moteur;m;;mô hedokui, mô wadokui, asinu.
M;motif;m;;nya îe dzofe. motion    î    wawa,  nudodo.
M;motocyclette;f;;dzokeke, motogaso, keke hedokui,
M;motte;f;;anyiko, anyiglâ. mou     a  boboe,  baya,  bidibidi,  botoboto. 17* mou  —  mou mouche    î    tagbatsu,  îlugutsu,  ahaleli. se  moucher    v    îi  noti,  îu  noti  me,  de  mitsi.
M;moucheron;m;;tagbatsuvi.
M;mouchoir;m;;duku, maleçhilku.
M;moudre;vt;;gbâ bli, nyô 'bli, tu wo.
M;;;finement;nyô amowo. moue    î    mofiafia,  nkumeyoyo. faire  la-    fia  mo,  yo  nkume  na  ame.
M;mouette;f;;lêglê, tsâlï.
M;mouiller;vt;;de tsi, îo tsi; — da seke.
M;moule;f;;kpodenu, nukonu.
M;moule;f;;hotsui, agaga, ga. mouler   vi   wo  mê,  bo,  tro,  ko  nu.
M;mouleur;m;;numêla.
M;mouler;vt;;nyrë hê.
M;;;qc.;sur qc. wo nu de nu bubu fe nonome nu.
M;moulin;m;;te, wotumô.
M;;;à;vent yamô.
M;moulinet;m;;nubluti.
M;mouliner;vt;;da ka, gbe ka.
M;moulure;f;;agba.
M;mourant;m;;kudofola. mourir    vi    ku,  kpe  ku.
M;;;de mort honteuse;ku ku vlo.
M;;;de mort violente;ku wukui, tsi wu me.
M;;;de faim;ku le dowuame ta, do wuame wui.
M;;;de froid;ku vuvo ku.
M;;;martyr;ku de hose ta. se  mourir   v    îo  kudo,  ku  le  ame  nu.
M;mousqueton;m;;tu.
M;mousse;f;;gbeklo, adru, adiukpla ; — fluko, flu.
M;mousse;m;;kalevi. mousseux    a    dzeadru;  —  woîluko. mousser    vi    tso  fu,  te  fu,  wo  fu,  wo  fluko,  dâ.
M;moustache;f;;nugee, nufu.
M;moustique;m;;mû, tuilï, aîole.
M;moustiquaire;f;;mûdo.
M;moût;m;;kutsetseha, aha.
M;moutarde;f;;wumbe veve, tsotsi
M;mouton;m;;alêtsu, agbo ; — alêlâ.
M;mouvement;m;;wawa. mou  —  mûr
M;mouvoir;v;;wa, wuwu. se  mouvoir  vVa.
M;moyen;m;;nusi wotsona wga nui, monu. moyens   mpl   ho,  ga,  alome.
M;moyen-âge;m;;titinanoli. moyen    a  domezâ. de  moyenne  taille  dagbi.
M;moyennant;adv;;to nu me, to nu dzi. moyenne    î    dodome,  titina. en-  titinanu.
M;mucus;m;;ade, ta, mitsi.
M;mucosité;f;;ta tsyoyitsyoyi.
M;muer;vt;;do li nu, de tsro, tre ge, te wu. mue    î    lidodo  fus,  wu. muet    a    mumû,  adetututo. être-    ame  îe  ade  tu. demeurer-    d'étonnement    ku  de  tsitre,  ku
M;muet;m;;mumû, adetututo. mugir   vi    de  gbe,  hlô  abe  nyi  ene,  wlu.
M;mugissement;m;;gbetete, gbedede.
M;muguet;m;;sefoîo gi ade.
M;mulâtre;m;;mulato, yevuvi, ame dze. mulâtresse    î    mulato  nyonuvi,  yevuvi.
M;mule;f;;lâdisono. mule    î    aîokpa  ade,  papa  îe  afokpa.
M;mulet;m;;lâdiso, tedzidiso. multicolore    a  sasa. multiplication    î  teîewowo.
M;multiplier;vt;;wo teîe, lolo de dzi.
M;multitude;f;;ha, ame gedewo. municipal    a    dutp,  dumeto.
M;municipalité;f;;dumegâwo. munificence    î    atsyodoçkh  domenyonyo.
M;munir;vt;;do nu na ame, na nu ame.
M;munition;f;;awawonuwo : tu, du.
M;mur;m;;gli. être  au  pied  du-   tsi  tokotoko  me. entourer  d'un-    do  gli  îo  hlâ  nu.
M;;;en;pierres kpegli. mûr    a  didi. non-    hehe,  hehle,  gbogbo. mur  —  nag muraille    î    gli  gâ.
M;murer;vt;;do gli, do kpe.
M;mûrir;vt;;di.
M;murmure;m;;liwiliWilili.
M;murmurer;vt;;li liWili\vi. musaraigne    î  ato.
M;muscle;m;;lâkoe, lâmeka.
M;museau;m;;nuti, là îe nu.
M;musée;m;;nukpoîe.
M;musicien;m;;sankuîola, kpekula.
M;musique;f;;sankuîoîo, hadzidzi. musulman    î    mahometo  aluîa. mutation    î  lidodo.
M;mutiler;vt;;lâ nu, la nu da, vuvu nutilâ na ame.
M;mutin;m;;aglâdzela. mutin    a  dzeaglâ.
M;mutiner;vt;;de zi amewo dome. mutinerie  aglâdzedze. mutuel  wonoeawo. mutualité    nudodo  de  ame  noeawo  nu.
M;myriade;f;;agbososo gâ. myrrhe    î    liîi,  mirha.
M;mystère;m;;nugagla. mystérieux    a    gagla,  si  gome  womeate  nu  ase  o. mystique    a  gagle.
M;mythe;m;;gli, hodada, drû.
N;mythologie;f;;trônutinya. nacelle    î    \vuvi.  •
N;nacre;f;;kpe hoasi. nage    î  tsiîufii. passer  la  rivière  à  la-   fu  tsi  tso  tosisi. nageoire    î    adza,  akoîa,  tsifunu. nager    vi    îu  tsi.
N;;;(des objets);zo tsi dzi, de tsi nu.
N;;;sur les flots;nyi di. nag  —  nat
N;nageur;m;;tsifula. oiseau-    hevi  futsi.
N;naguère;adv;;tsâ, nyitso.
N;naïf;adj;;manyade, abuneio.
N;nain;m;;ame kpui, akotia, gezele.
N;naissance;f;;dzidzi, dzodzome. acte  de-  dzidzidasedidi. donner-    dzi  vi. marque  de-    dzegui,  dzogogui. jour  de-  dzigbe.
N;;;du jour;nu, nukeke. naître    vi,  dzi;  —  dze  gome,  to,  dzo,  tso  nu  me. où  es-tu  né  ?  afika  wodzi  wô  le  ? se  nantir  de  qc.    tso  fe  ame,  ho  nu. nappe    î    kplôdzivo,  avo.
N;nard;m;;ami sisi, ami wewêe. narine    î    notido,  notiyi.
N;narrateur;m;;nyagblola.
N;narration;f;;nyagbogblo, glitoto.
N;narrer;vt;;to gli, ka nya ta, gblo nya fia. os  nasal  notiîu.
N;nasaliser;vt;;gbâ dze, do notimegbe. nasale    î    didi  le  noti  me.
N;naseau;m;;lâwo îe notido. nasiller    vi    gbâ  dze,  gblo  nya  le  noti  me. natal    a    aîemeto,  dèto. pays-    denyigba,  afe. natation    î  tsiîuîu.
N;natif;m;;anyigbadzito, dumevi, kofevi.
N;nation;f;;duko. national   a    duîco  to. Nativité    f    Yesu  fe  dzidzi.
N;natte;f;;aba ; — dafofo, dakoe.
N;natter;vt;;lô nu de nu me.
N;;;les cheveux;fo da.
N;nattier;m;;abalôla.
N;nature;f;;dzodzome, nonome. de  même-    deka  nugbi,  deka  fomevi. naturel    a    dzodzome  to,  tso  dzodzome.
N;naturel;m;;dzodzome. nau  —  nég
N;naufrage;m;;wunyonyrô, Wugbagbâ. faire-  nyrô.
N;nausée;f;;nunyô, dzigbototo. nautique    a  îuto.
N;nautonier;m;;\vudola. naval    a    wuto,  todzivvuto. forces-  es    awawuwo,  îudzigbadagbawo.
N;navet;m;;avadze.
N;navette;f;;kotokloboze, lifize.
N;navigateur;m;;wudola.
N;navigation;f;;fudzizozo, todzizozo. naviguer    vi    zo  îu  dzi,  do  îu  yi  riugbe.
N;navire;m;;vvu.
N;;;de;guerre awawu.
N;navrer;vt;;ve dome na ame. ne  . . .  pas    me . . .  o.
N;néanmoins;adv;;gake hâ, to egbo hâ.
N;néant;m;;yakanu, naneke .... o. réduire  au-    gblë  nu. nébuleux    a    liti,  kplifu. nécessaire    a    vevie,  hiahiâ,  ziaziâ. il  est  nécessaire  que  j'y  aille    ele  nam  be  mayi, ele  vevie  be  mayi.
N;;;à;la vie agbemenu.
N;nécessité;f;;hiahiâ, ziaziâ, vevienyenye. je  me  vois  dans  la-  de    ele  vevie  nam  be . . . nécessiteux    a  kpefu.
N;nécromancien;m;;noliyola.
N;nécromancie;f;;rioliyoyo.
N;nef;f;;hosetowo noîe le mawuho me. néfaste   a   dovo,  vlo,  vôe. négatif    a    gbegbe,  m.  fotohûhôe.
N;négation;f;;gbegbe.
N;négligence;f;;nudedi. négligent    a  denudi.
N;négliger;vt;;de nu di, do kpo nuwowo.
N;négoce;m;;asitsatsa.
N;négociant;m;;asitsala.
N;négociation;f;;asitsatsa, nyadodro.
N;négocier;vt;;+ vi tsa asi ; fie asi ; — dro nya.
N;nègre;m;;négresse f ame yibo, ameyi. nég  —  nob
N;négrillon;m;;devi yibo, deviyi, ameyibovi.
N;neige;f;;tsiwo, sno. neiger    tsiwo  (sno)  le  dzadzam.
N;néophyte;m;;kristoto si ho Mawutsideta eteîe nie- dzidzi  o.
N;nerf;m;;lâmeka. net    a    dzadze,  nyuie,  koklo. netteté  kokofâ.
N;nettoyer;vt;;klo, tutu, sia nu, kplo nu nu, sisi nu.
N;nettoyage;m;;nutikoklo, siasia, kpokplo. neuf    a  yeye. neuf    a  asieke.
N;neutralité;f;;akpadekevomemano, evedome. neutre   a    dekemadi,  mêle  akpa  deke  dzi  o. je  suis-  dans  l'affaire    nya  la  vnedim  o.
N;neuvaine;f;;nkeke asieke gbedododa, novina.
N;neveu;m;;nyruiyovi, togâyovi.
N;nez;m;;noti. saignement  de-  finono. parler  du-   gbâ  dze,  îo  nu  to  noti  me. fermer  la  porte  au-  de  q.    tu  wo  de  ame  nu. je  lui  jetterai  cela  au-    âwêe  ase,  éle  we  ge  ase. mener  q.  par  le  bout  du-   ble  ame,  flu  ame. donner  du  -contre    îu  dul  lo  nu. ni . . .  ni    cj     menye  ...   alo  . . .   o,    eye  ruega- nye ...  o  ;  edanye  . . .  o,  edanye  . .  .  o.
N;niais;m;;bometsila, movito, abuneto.
N;niaiserie;f;;lânu, yakanu, movidzodzo.
N;nickel;m;;ga gi. nicher    vi    wo  ato.  \
N;nid;m;;ato. faire  le-   wo  ato. dénicher  des  -s    de  ato.
N;nièce;f;;togâyovi, todiayovi.
N;nier;vt;;sê nu le nu nu, gbe nu, mô nu.
N;nigaud;m;;bometsila.
N;niveau;m;;dzidzenui; — toîo, tsiîo.
N;niveler;vt;;ta mo, wo nu gladzâ, dzo anyigba. noble   a   koko,  hoiiko,  dov/u,  nkuta.
N;noblesse;f;;fomekoko, nkutatowo. noc  —  nor noce    î    srôdede;  —  agbedudu. célébrer  des-    du  srôdegbezâ. Noël   Yesu  îe  dzidzi,  blunya.
N;nœud;m;;akaîo, gboe, kpo, ko, kadeve faire  un-    sa  ko,  sa  adoboli.
N;;;coulant;adoboli. jioir    a    yi,  yibo.
N;;;de fumée;dzoble, zemabi.
N;noir;m;;ame yi, ame yibo.
N;être-;v;;nyô, le yibo.
N;noircir;vt;;nyô nu, wo nu wôano yibo.
N;noix;f;;ne. Jîom   m    riko,  nyiko. du-  de  . .  ♦    si  woyona  be . . .
N;;;de baptême;mawutsideta riko. au-  de  Dieu    le  Mawu  îe  riko  me. se  faire  un-    de  du.
N;;;générique;dzodzomefiariko
N;nomade;m;;lânyila tsatsa.
N;nombre;m;;bubunu, hehlême, hehlênya. sans-    sogbo  fû,  gedewo,  mêle  hehlême  o. le  plus  grand-    amewo  îe  akpa  gâto. nombreux    a    sogbo,  gedewo,  fû.
N;nombril;m;;îoîolï.
N;nomenclature;f;;rikoyogbalê; rikogbalê.
N;nomination;f;;dodo, yoyo, hkoyoyo.
N;nommer;vt;;do ame; yo ame îe riko, na riko ame.
N;;;q. roi;do ame abe fia ene. se  nommer    v    riko  enye...
N;non;adv;;o, ao, dabi, gbede, kpao.
N;nonagénaire;m;;ame si ho îe blaasieke.
N;nonce;m;;papa îe ame dodp.
N;nonchalance;f;;riudede, kuviawowo. nonchalant    a    deriudi,  kuviato.
N;nonobstant;prép;;to egbo hâ.
N;nord;m;;wègo. vent  du-    wègo  yâ. mer  du-    wègo  îu. perdre  le-    bu  mo,  tra  mo.
N;nord-est;m;;wègo-gedzeîe.
N;nord-ouest;m;;wègo-getodoîe. nor  —  noy normal    a    le  dodo  nu.
N;norme;f;;dodo, sé. t notabilité    î  dumegâwo.
N;notable;m;;dumegâ, amenkuta, bùbume. notable    a    tohe,  vevie.
N;notaire;m;;sényala.
N;notamment;adv;;vevieto, gobï. note    î    dzesi,  agbalê.  nurionlô  sue. prendre  bonne-  de  qc.    lé  hku  de  nu  dzi,  nlô  nu de  agbalê  me.
N;noter;vt;;de dzesi nu, nlô nu di, se nu. notice    î    nyanya,  îikohoho.
N;notion;f;;gomesese, nunyanya.
N;notification;f;;dudodo na ame, nyatakaka.
N;notifier;vt;;ka nya ta, gblo nya na ame. notoire    a    dedu,  nyonyo.
N;notoriété;f;;dudede. Notre-Dame    Mia  No  :  Maria,  Mia-Dada. Notre-Seigneur    Mia  Aîeto  :  Yesu-Kristo.
N;nouer;vt;;bla nu, tsi nu, sa nu, îo nu. nouilles  •  fpl  dokakplê.
N;nourrice;f;;vitsola, nonala. nourricier  (père-)    amenyila,  nyrôla.
N;nourrir;vt;;nyi ame, nyrô ame, na nuldudu ame.
N;nourrisson;m;;vi si woho dzi, vidzï.
N;nourriture;f;;nududu, amenyinu, nunyi, nuyiame. nouveau    a  yeye. de-   gbugbo,  ga  ake. nouvel  an    le  yeye,  îekpekpe,  nuye,  fetoto. nouveau-né  vidzï.
N;nouveauté;f;;nu yeye, nya yeye.
N;nouvelle;f;;nya yeye, nyadzodzo, dudodo. recevoir  des-  s    du  va  tu  ame,  se  nya.
N;;;funeste;dudodo vôe.
N;nouvellement;adv;;nyitso; nyitsonyitso, etefe me- dzidzi  o.
N;novembre;m;;novemba, (gleti wuidekelia).
N;novice;m;;nusrôla.
N;noviciat;m;;nusrôîe, dodokpogi.
N;noyer;vt;;wu ame de tp me, nyrô ame. se  noyer    ku  toku,  tsi  to  me. noy  —  nut se  noyer  en  mer,  dans  un  fleuve    tsi  îu  me,  tsi to  me.
N;noyau;m;;ku, nuku. nu    a    amâ,  amamâ,  liodô,  îuîlu,  kolo. être-    de  amâ,  de  amamâ,  tsi  go. mettre  à-    de  awu  di  na  ame,  de  amâ. nu-pieds    afo  îuîlu. nu-tête    ta  îuîlu.
N;nuage;m;;lilikpo, srô. les-  s  flottent  dans  Pair    srô  yi  tsi  fie  ge. nuageux    a    (il  fait-)    hiheme  do  bubu,  —  bliko- bliko. nubile  a  (être-)    do  nùtsu  me,  do  nyonu  me  (tsi demi).
N;nudité;f;;amâdede, amamânono.
N;nue;f;;lïlïkpo. nuée    î    lïlïkpo  gâ.
N;nuire;vt;;gblê nu na ame, wo nu vevi ame. nuisible    a    vlo,  vôdi,  menyo  na  ame  o.
N;nuit;f;;zâ. à  la  tombée  de  la-   esi  zâ  le  dodom. bonne-  J    do  nyuie,  do'gbe. de-    le  zâme  me. la-    porte  conseil    sudui  sie  nya  le. passer  une-  blanche    do  nu.
N;;;profonde;zâ gâ. ri  fait-    zâ  do,  zâ  tsyo. la-  tombe    zâ  le  dodom,  zâ  be  yeado. il  fait  -noire    zâ  tsi. la-  me  surprit   zâ  do  dem,  anyigba  tsyo  dem. voyager  la-    zo  zâ. la-  dernière    éto,  éto  îe  zâ. nul    a    adeke         o;  —  yàka,  dzodzro.
N;nullité;f;;yakanono, yakafiu.
N;numéraire;m;;ga, ho, hotsui.
N;numération;f;;hehlême.
N;numéro;m;;hehlême.
N;;;100;afodzi, kpoha.
N;numéroter;vt;;de hehlêdzesiwo nu nu. oas  —  obs nuptial    a  srôdeto.
O;nuque;f;;kofutikpefe, kowume, ta\vume. nutrition    î    nyinyi,  nunyiame. nu-  tête  tafuîlu. oasis   î   tsiteîe  le  gbedzi. obédience    î    tabobo,  tododo. obéir    vi    do  to,  se  tonu. refuser  d'-    gbe  tododo.
O;obéissance;f;;tododo, nyadziwowo, amegbesese. obésité    î   amidada,  kaklâ. obéissant    a    doto,  senu,  segbe,  seamegbe. obèse    a    dami,  klâ,  kako. objecter   vi   do  nya  nu,  tsitre  de  nya  nu,  do  adika. objection  î     deklemidede,  adikadodo,  anukutsotso.
O;objet;m;;nu, nya.
O;;;précieux;nuhoasi. oblation    î    vôsasâ,  numemê. obligation    î    do,  dowowo. obligeance    î    nyonyo,  vividodo  de  ame  nu.
O;obliger;vt;;zi ame dzi, îo ame de nu nu.
O;;;q.;wo domenyonu na ame, wo nu na ame. je  vous  suis  bien  obligé   mêle  akpe  dam  na  wô, oblique    a    troabu,  gôglô,  dzeWe. obliquer    vi    tro  de  aîibubu.
O;oblitérer;vt;;ta nu. oblong    a    de  legbë  wo  ge,  de  dzidzi  ge. obole    î    ho,  hotsuli. obscène    a    badabada,  nyamâ,  madzemadze. obscénité    î    nu  badabada,  dzebadadodo. obscur    a    doviviti,  dobliko,  bluku.
O;s'obscurcir;v;;tsyô, do viviti, do bubu. le  ciel  s'obscurcit   hiheme  tsyô,  hihenie  do  bluka obscurité   î    viviti,  bîuko  ,vivi,  vï,  tsizi.
O;obséder;vt;;de îu na ame (abe gbogbo vôdi ene). obsèques    îpl    amedidi,  yoîewowo,  tsôdidi. célébrer  les-    wo  yofe,  di  tsô. observance    î    tododo,  nyadziwowo,  dziwowo. obs  —  odo
O;observation;f;;nkulélé de nu nu, tododo, nuhghlô.
O;observer;vt;;lé nku de nu nu, kpg dzesi, wo de nu  dzi.
O;;;une coutume;nyi kg.
O;;;q.;de ha na ame, dzo ame nu.
O;;;les lois de Dieu;wo de Mawu îe séwo dzi.
O;obstacle;m;;nukikli, mghehe, mghenu, kuhee. mettre-  à  qc.    he  mg  na  nu.
O;obstination;f;;tamesese, kglialia, tosesê. obstiné    a    sêtame,  tosêla. être-    se  to.
O;s'obstiner;v;;lia.
O;obstruction;f;;mohehe.
O;obtenir;vt;;ho nu, su nu, dzi.
O;;;par ses prières;ho nu to kukudede me.
O;obus;m;;tukpe gâ. obvier   vi    he  mg  na  nu. occasion    î    mg,  mgnukpgkpg,  asinu,  vovo. à  P-    ne  èkpg  vovo,  ne  èvo. avoir  V-  de    kpg  mg,  (vovo,  asinu)  kpg  mgnu
O;occasionner;vt;;na be.
O;occident;m;;getodoîe. occulte    a    gagla,  bebe,  dzâ. occupation    î    dgwowg,  dgwgna,  hgho.  .
O;occuper;vt;;do do na ame; hg nu.
O;;;une ville;hg du.
O;;;un lieu;ng anyi, ng tefe.
O;;;un emploi;du, wg dg.
O;s;occuper;v;;wg dg.
O;occurence;f;;nyadzgdzo, asinu.
O;océan;m;;atsiafu. octave    î    azâdudu  îe  nkeke  enyiagbe.
O;octobre;m;;oktoba, (gleti ewolia).
O;octroyer;vt;;lô de nya dzi, na mo, na nu. oculaire   a    nku  tg. témoin-    kpgnkuitg,  kpgkplenkuitg.
O;oculiste;m;;nkutikewgla.
O;odeur;f;;wewê. odieux    a    nyônu,  dzing.
O;odorat;m;;WeWe. odoriférant    a    wê  lïlïlï  ;  wê  nyuie;  îioîiofio. œc  —  off oecuménique  a   (concile-)    papa   kple  episkopowo katâ  fe  takpekpe. oeil,  (yeux)  nku. coup  d'-  (vue)    numekpokpo,  nunyanya. ouvrir  les  yeux    wu  nku. faire  de  grands-  klê  nku  kplololo;  ke  nku  gâ. je  Pai  perdu  des-  ebu  dem,  nye  nku  dzo  le  edzû jeter  de  la  poussière  aux-  de  q.  flu  ame. à  Pœil  nu  kple  nku  fuflu. tourner  les  yeux  vers  q.  tro  nku  de  ame  gbo> faire  des-  à  q.  miâ  nku  de  ame,  té  nku  de  ame. avoir  bon  œil  ame  fe  nku  fia  fi,  nku  dade  no ame  si. cela  saute  aux  yeux    edze  fâ. cligner  de  Pœil    té  nku  de  ame  nu,  miâ  nku  de ame. œil  louche    nku  kpangâ,  kpasa. œillade    î  kpokpo.
O;œsophage;m;;vehlo.
O;œuf;m;;azi. coquille  d'-    azitsro,  azito,  azikpatsa. pondre  des-  s    da  azi,  do  azi. blanc  d'-    azi  gi. jaune  d'-    azi  dzê.
O;œuvre;f;;do, dowowo ; — abgalè. Y-  de  la  création  anyigbawowo. main-  d'-  asinudo. se  mettre  à  P-   dze  dowowo  gome. mettre  en-    wo  nu  nuti  do.
O;offense;f;;amedzidada, vodada, adonyagbogblo.
O;offenser;vt;;da vo de ame nu, gblo adonya de ame nu.
O;;;Dieu;wo nuvô da vo de Mawu nu,
O;s'offenser;v;;bu nu vô, do domedzui.
O;offensive;f;;awakpekpe.
O;offertoire;m;;vôsasâ, offertorio.
O;office;m;;do, dowoîe; — subosubo.
O;officiant;m;;Mawuinunola si le subosubo wonu officiel    a  dziduduto. journal-    dzidudu  fe  nyadzodzo  agbalêwo.
O;officier;m;;asafohlï. off  —  on
O;officier;vt;;wo missa, wo subosubo.
O;officine;f;;dowoho.
O;offrande;f;;vcsânu, numemê, nudzodzg.
O;offre;f;;nunana.
O;offrir;vt;;na nu, da ga na ame.
O;;;qc. à q.;de asi le nu1 nu na ame. s'oftrir    sâ  vô  amedokui.
O;offusquer;vt;;ldë nu na ame.
O;;;q.;via ame nu, dia ame nu.
O;ogre;m;;amelâdula.
O;oie;f;;kpakpahe.
O;oignon;m;;sabala, abro.
O;oindre;vt;;si ami na nu, ta ami.
O;oiseau;m;;hevi, he.
O;;;mouche;aditsi. chant  d'-    hevi  îe  hadzidzi. Poiseau  chante    hevi  le  ha  dzim,  (le  nu  îom, nya  torn). cage  d'-    adza,  hadza. nid  d'-    heto,  hevito. oiseler    vi    de  hevi.
O;oisellerie;f;;hevidede, hedede.
O;oiseleur;m;;hevidela. oiseux    a    dzôdzrô,  yaka,  îuîlu.
O;oisiveté;f;;kuviawowo.
O;oison;m;;kpakpahevi.
O;olive;f;;amiti fe tsetse,
O;olivier;m;;amiti, oliveti.
O;ombrage;m;;vovoli, — numadomado. prendre-    bu  taine  vô  de  ame  nu.
O;ombrager;vt;;do vovoli na nu.
O;ombre;f;;vovoli, noli, luwo.
O;ombrelle;f;;hehi, kataiibi.
O;omettre;vt;;de nu le me, — sa nu di; — do k nuwowo.
O;omission;f;;dede le me, sasadi, dodokpo.
O;omnibus;m;;tasiadam, keke. omnipotent    a  riusêkatâto. omniscient    a  nuwokatânyala.
O;omoplate;f;;abogba. on,    p    amewo,  vvo,  ame. one  —  opu
O;once;f;;dzidzenu ade.
O;oncle;m;;nyruï, togâ, todia, nyruigâ, nyruivi.
O;onction;f;;amisisi, amitata. extrême  -  amikokoesisi.
O;onde;f;;tsitsotsoe. ondée    î  tsidzadza. onduler    vi    tro  pesëpese.
O;ondoyer;vt;;de mawiiftsi na devi si le do lém. onéreux    a    kpekpe,  sesê.
O;ongle;m;;îe, îetsu. se  faire  les  -s    de  îe,  kpa  fe.
O;onguent;m;;ami sisi, amitike, anuwotre. onze    a  wuideke. opaque  a  si  me  womatenu  akpo  nu  to  o  kpo,  kusu, kpoto.
O;opéra;m;;feîe, îeîeîe.
O;opérateur;m;;nuwola. opération    î   wowo,  —  amekoko>. faire  une-    la  dono  îe  aîiade.
O;opérer;vt;;ko ame, kpa ame. opiner    vi  susu.
O;;;en faveur de qc.;tia nu. opiniâtre    a    koliato,  tosêto,  glamâ,  tamesêla^ opiniâtreté    î    kolialia,  dzimesesê,  tamesê.
O;opinion;f;;susu, tamesusu. avoir  une  bonne-  de  q.    bu  ame. partager  Y-  de  q.    no  ame  dzi,  ho  na  ame. opportunité    î  monu.
O;s'opposer;vt;;tsi tre de nu nu. à  Popposile    adv    godo,  go  mêa  dzi,  dze  ngo. opposition    î    tsitretsitsi  de  nu  nu,  mohenu.
O;oppresser;vt;;te nu (ame) de anyi, haha nu do. oppression    î   tetedanyi,  amedzizizL
O;oppresseur;m;;ametela de anyi.
O;opprimer;vt;;te ame de anyi.
O;opprobre;m;;nukpe.
O;opter;vt;;tia nu. option   î   tiatia,  nutsiatsia.
O;opticien;m;;gankuiwola, tsitsiwola. opulence    î  kesinotonyenye. opulent    a  kesinoto. Vocabulaire opu  —  ore
O;opuscule;m;;agbalêvi.
O;or;m;;sika. d'or    sikato.  - pièce  d'-  sikaga.
O;oracle;m;;afâkaka.
O;orage;m;;dzikedzo kple dzidegbe. le  temps  est  à  P-    tsi  le  dodom. oraison    î    nyagbogblo;  —  gbedododa.
O;;;dominicale;Aîeto fe gbedododa. oralement  }   a   kP,e  nù" orange    î  atotonuti. pelure  d'-    atotonuti tsro.
O;oranger;m;;atotonutiti. orang-outan    kese  gâ  ade.
O;orateur;m;;nyagblola, nuîola.
O;orbe;m;;nu nogo; — gletivi. orbite    î  rikuto.
O;orchestre;m;;kpekuha, sankuîoîo. ordalie   î   aka,  akanyinyi. ordinaire    a    le  dodo  nu;  —  îuîlu,  gbolo.
O;ordinaire;m;;gbesiagbe îe nududu. ordination    î    dodo  ;  —  mawumunolawo  dodo.
O;ordonnance;f;;dodo, sédede.
O;ordonner;vt;;do nu, de sé, de gbe na ame, do nu na  ame.
O;ordre;m;;dodo, sé, sédede; — nudodo teîeteîe.
O;;;spirituel;sadagaha.
O;;;de;bataille awadzedze. mettre  en-    do  nuwo  teîetefe,  do  nu. d'après  P-    le  dodo  nu,  abe  alesi  edze  ene. donner-  de    de  sé. ordure    î    ba,  dudo,  koli.
O;oreille;f;;to. prêter  Poreille    bi  to  de  ame  gbo. souffler  qc.  à  V-  de  q.   do  dalï  de  tome  na  ame. bout  de  P-  togboe. se  gratter  dans  P-    lu  to  me. pavillon  de  P-    tobaya,  togbui. trou  de  lobe  de  P-  toriono. avoir  mal  aux  -s    to  du  ame. ore  —  ort avoir  bonne-    ame  fe  to  fia  fi. les  -s  me  cornent    tonye  me  tsi;  wole  yoyem. dire  qc.  à  1'-  de  q.    gblo  nya  de  to  me  na  ame. pointer  les  -s    (animaux)    vu  to. dresser  les-    lé  to  de  te,  wu)  towo  dzi  tsrolô. faire  la  sourde-    do  to  ku  ame  îe  nya. pendant  d>-  toge,
O;oreiller;m;;tazionu, sudui, sumle, kozioe. prendre  conseil  de  son-    sudui  sie  nya  le.
O;orfèvre;m;;sikadanuwola.
O;orfèvrerie;f;;sikadanuwowo, sikanu.
O;organe;m;;dowonu.
O;organisation;f;;dodo, nudoanyi.
O;organiser;vt;;do nu.
O;organiste;m;;sankufola.
O;orge;f;;îo, li.
O;orgie;f;;nutsududu, aglotutu.
O;orgue;m;;sanku gâ.
O;orgueil;m;;dada, gbagbla, aminu, dzadzra, amim. orgueilleux    a    dada,  aminuwola,  dzadzrato,  da- dala.
O;orient;m;;gedzefe.
O;s'orienter;v;;dzi mo.
O;orifice;m;;nu.
O;oriflamme;f;;aflaga. originaire    a    wodzii  de ... .  to  (Ketato). original   a   tso  gomedzedzea  me,  gomedzeto,  gbâto.
O;origine;f;;ke, dzofe, gomedzefe; dzidzimetsotso, dzodzome. originel  a  (péché-)  domenyinuvô.
O;ornement;m;;atsyô, atyôdonu.
O;ornemantation;f;;atsyôdodo, atsyônu.
O;ornementer;vt;;| A n, , rA -
O;orner;vt;;/ ^° at^° na nu"
O;ornière;f;;mo îe liîo.
O;orphelin;m;;tsôvi, tsuêvi.
O;orphelinat;m;;tsôviwonyiîe, tsuêviho.
O;orteil;f;;afobide, afovi. ongle  de  V-  afobidefetsu. orthodoxe  hosevavâto.
O;orthographe;f;;nunonlô le dodo nu. 18* ort  —  our ortie    î    adza,  avedze. P-  pique    adza  me  ame.
O;os;m;;fu. os  maxillaire  glâfu. d'-  en-  efutoe. moelle  des-  futnemi. osciller    vi    nyê,  da. oscillation    î    dada,  nyenyë.
O;oser;vt;;do dzi, katse; hatse wo nu, do dzi wo nu.
O;osier;m;;ati ade. osseux    îuto,  diîu,  wofu. ossements    mpl  îuwo.
O;ossuaire;m;;îuho, fukpo.
O;ostensoir;m;;hostia kokoe îianu. ostentation    î    adegbefofo;  atsyodada,  kakadenu.
O;otage;m;;aboyome, awobame.
O;ôter;vt;;tso nu yi, de nu da.
O;;;les habits;de awu di.
O;;;qc. à q.;de nu le ame si. s'ôter  qc.  de  Pesprrt    de  nu  le  tame, ou    cj    alo,  halo. ou  ...  ou    alo   alo.
O;où;adv;;afika. ouaille    î  aie. ouailles    îpl  hosetowo. ouate   î    detiîu,  alêîu.
O;oubli;m;;nunonlo be. tomber  dans  P-    dze  le  bu  ame  îe  nku  dzi,  de ame.
O;oublier;vt;;nlo nu be. je  Pai  oublié    menloe  be,  ebu  dem. s'oublier    do  gu,  tu  mbra. oubliettes    îpl  gaho.
O;ouest;m;;getodoîe,
O;oui;adv;;ë, yo. ouïe    î    nusese,  sese;  —  alahatsa,  alohatsa.
O;ouïr;vt;;se, se gbe, do to.
O;ouragan;m;;anyiîliyâ.
O;ourdir;vt;;wo, nane.
O;ourlet;m;;avoto, awuto, to. our  —  pag
O;ourler;vt;;fo nu to, fo to na nu.
O;ours;m;;sisiblisi.
O;outil;m;;dowonu.
O;outrage;m;;dzudzu, difofo, nukpedodo. faire-  à  q>    he  nya  de  ame  nu,  dzu  ame.
O;outrager;vt;;dzu ame, do nukpe ame. outrageux    a    donukpe,  dzuame.
O;outre;adv;;godo.
O;en-;prép;;kpe de sia nu, kpakpli, kple. ouvert   a    gbayâ,  glidzâ,  nuvo.
O;ouvertement;adv;;fâ, le gaglâgbe.
O;ouverture;f;;wuwu, nu,
O;ouvrage;m;;dowowo, agbalê. se  mettre  à  Y-    dze  dowowo  gome,
O;ouvrier;m;;dowola.
O;ouvrir;vt;;wu nu, klê nu, wu nu nù.
O;;;la bouche;ke nu.
O;;;la porte;wu wotru.
O;;;les yeux;ke nku, wu nku.
O;;;le parapluie;ke hehi.
O;;;la campagne;dze awa gome.
O;;;de force;wu nu sesêtoe, klê asi le nu nu.
O;ouvroir;m;;dowofe. oval   a   loboe,  le  azi  fe  nonome.
P;ovation;f;;dzidzoseyi, bùbunana.
P;pacifier;vt;;le avu.
P;pacificateur;m;;avulela.
P;pacification;f;;avulele. pacifique    a  domefafato.
P;pacte;m;;nubabla, dzonyinyi. pactiser    vi    bla  nu,  nyi  dzo.
P;paganiser;vt;;wo ame woatro zu trôsubola.
P;paganisme;m;;trôsubosubo.
P;page;f;;aha.
P;page;m;;subola, fianuvi, ablodevi pag  —  pal
P;pagne;m;;avo, do. mettre  le-   ta  avo,  sa  avo,  sama  avo.
P;païen;m;;trôsubola. païen    a  trôto.
P;paillasse;f;;aba.
P;paillasson;m;;atsiatsia.
P;paille;f;;gbe fufu, be. brin  de-    gbefoti,  ahôliti. chapeau  de-    gbekuku,  ayedeekuku.
P;;;hachée;bewo.
P;pain;m;;abolo, kokui, akpono. faire  du-    fo  abolo,  mê,  da  abolo. rompre  le-    ka  abolo. manger  du-    du  abolo. pair    a    sosoe,  deka  îomevi. paire    î    eve,  wo  ame  eve,  atsu  kple  asi. par  -s    eve  eve. une-  de  souliers    afokpa  eve. paisible    a    boboe,  fa,  kpô.
P;paître;vt;;kplo la yi gbedufe. paître    vi    du  gbe.
P;paix;m;;nutifafa, novisilele. faire  la-    wo  nutifafa,  le  avu,  le  novisi. palavre    ni    nyadodro,  nya.
P;palais;m;;fiaho, fiasâ, mô.
P;palais;m;;nume îe dzigbe.
P;palanquin;m;;apaka, afake. pale    î    kopo  nutunu    le  missawowo  me. pâle    a    kpi,  gi,  fugi.
P;palefrenier;m;;lâwodzikpola.
P;paletot;m;;dziwui.
P;pâleur;f;;fufuti. pâlir    vi    fu,  fu  kpi,  wo  kpi,  klo.
P;palissade;f;;kpototo, kpo.
P;palissader;vt;;' to kpo fo hlâ nu, tu kpo ti.
P;palliation;f;;adariuduidodo.
P;pallier;m;;tsyo ako de nya dzi, do adanuduii.
P;pallium;m;;episkopo fe dziwui.
P;palme;f;;deti, yevuneti, alati, agoti fe alo. vin  de-  deha. tirer  du  vin  de-    kpa  deha. pal  —  pap remporter  la  palme    du  dzi. palme    î    asi  ;  asi  dzidze.
P;palmeraie;f;;deve; deka.
P;palmier;m;;yevuneti, alati.
P;;;à;huile deti.
P;;;à;éventail, agoti. rat  palmiste    kadzidoe,  ado. palmure    î    aîotemegbalê,  afotemeyi.
P;palper;vt;;ka asi nu nu, îo asi nu. palpiter    vi    îo,  dzo,  wuwu,  wawa. palpitation    î    dzodzo,  wa^a.
P;;;de;cœur dzidzodzo.
P;paludisme;m;;asrâ, atidudui, nudza. se  pâmer    v    gbaîa  îo  ame,  yi  to. pâmoison    î    gbafa,  aîetrô,  nuzi.
P;pan;m;;akpa, aga.
P;panégyrique;m;;ame kuku kaîukaîu. faire  le-  de    kaîu  ame  kuku.
P;panier;m;;kusi, abaka, kevi. panique    î    nodzi,  vodidi.
P;panne;f;;haha, gbegblê.
P;panse;f;;konukoe, lâdzpnududuwo îe îodo.
P;pansement;m;;abibabla.
P;panser;vt;;bla abi.
P;pantalon;m;;atawui. panteler    vi    gbo  fuge  luge,  ne,  gbo  hehehe. panthère    î    lâkle,  kpô. pantoufle    î  aîemeîokpa.
P;paon;m;;atsrima.
P;papa;m;;fofo, to. papal    a  papato. papauté    î    papa  îe  dzidudu.
P;papaye;f;;adiba, dzigoe.
P;papayer;m;;adibati.
P;pape;m;;papa.
P;papeterie;f;;pepawoîe, agbalêwofe.
P;papier;m;;pepa, agbalê.
P;;;buvard;inke fupepa, blotinpepa.
P;papier-monnaie;m;;gagbalê.
P;papillon;m;;kpakpaluvvui, kpokponuvvo. pap  —  par
P;papillote;f;;gbetike, kpetike.
P;pâ que;f;;Yudatowo fe paska.
P;paquebot;m;;meli, wu. Pâques    fpl    Kristotgwo  fe  paska,  Kristo  foîô  fe azâgbe. semaine  de-    Paska  fe  kwasida.
P;;;fleuries;adefôho kwasidagbe.
P;;;closes;kwasida gbâto le Paska megbe. faires  ses-    nuvôwome  wuwu  kple  komunio  hoho le  Kristo  fofôgi  me.
P;paquet;m;;nublabla.
P;par;prép;;to nu me, to nu dzi. de-  le  ame  fe  sé  nu,  le  ame  fe  nko  me.
P;parabole;f;;lododo, gli, nya tsitsiwo, abe. parler  en-    do  lo,  zo  nya  ha,  bu  abe.
P;parachever;vt;;wu nu nu, vo nu. Paraclet    m    Gbogbo  kokoe.
P;parade;f;;atsyô, asadabobo. parader    vi    bo  asada,  bo  asra.
P;paradis;m;;paradiso, dzifo, Mawu fe fiadufe. chemin  du-  dzifomo. orseau  de-  aditsi.
P;parage;m;;futa, nutowo me. parages    mpl    to,  tsi.
P;paragraphe;m;;nunlonlô fe akpa. paraître    vi    do,  dze,  de  dokui  fia.
P;;;(publier);ta agbalê, kaka agbalê.
P;;;(sembler);wo abe .... ene. il  paraît    ewo  abe  de . . .  ene.
P;parallèle;f;;akasa, akasa nu, lika, soso. parallèle  à    sosoe,  le  akasa  nu. paralysé  (être)    di  hodro,  lame  tu.
P;paralysie;f;;lâmetutu, amiâ, tidzedze atri.
P;paralytique;m;;hodro, lâmetututo, abuno. être-    lame  tu  na  ame.
P;parapluie;m;;hehi (na tsidzadza), katanbi. ouvrir  le-    ke  hehi,  klë  hehi. fermer  le-    tu  hehi.
P;parasite;m;;adifudidula, adifudidudu. faire  le  métier  de-    du  adifudi.
P;parasol;m;;hehi, gehehi par  —  par
P;paratonnerre;m;;dzikedzokplonu, hebiesolega.
P;parc;m;;abc, lâkpo.
P;parcelle;f;;nuvi, akpavi, nukake. parce  que    cj  elabena.
P;parchemin;m;;agbalê, krata. par-ci-par-là    katakata,  gbeligbeli.
P;parcimonie;f;;nuheedodo. être  parcimonieux  (a)    do  nuhi  enu,  tsi  nku.
P;parcourir;vt;;to nu me, tso nu me, tsa nu (ave).
P;parcours;m;;mo, tofe.
P;par-dessous;adv;;le nu te, te.
P;par-dessus;adv;;le nu dzi, dzi.
P;pardessus;m;;dziwui. par  devant    adv    ngo,  le  ame  fe  nkume
P;pardon;m;;tsotsoke, taflatse, monana. demander-    de  kuku,  do  taflatse,  bia  tsokoke. pardon    int    taflatse,  mede  kuku,  kuse.
P;pardonner;vt;;tso nu ke.
P;;;des péchés à q.;tso nuvôwo ke ame. pareil   a    nenem,  aie  fe  nu,  sosoe,  deka  fomevi. sans-    kpodenu  mêle  ne  o.
P;pareillement;adv;;nenemâke, nenemâ.
P;pareille;f;;tefedodo. rendre  la-  à  q.   do  tefe  na  ame,  tu  wôfe  na  amer wo  wodenu.
P;parement;m;;atsyô.
P;parent;m;;fometo, sâmeto. parents    mpl  dzilawo.
P;parentage;m;;fome.
P;parentée;f;;fometowo, togome, nogome. parenthèses    fpl    tefliwo  de  nya   fe  akpawo  kple eve  dzi  v.  g.  :  (  )
P;parer;vt;;do atsyô na nu. se  parer  v  da,  do  atsyô,  wo  leke,  wo  fewuinu.
P;parer;vt;;de nu da, tro nu da.
P;;;q, de qc.;kpo ame ta.
P;paresse;f;;kuvia, fotnewowo. paresseux    a  -f  m    kuviato,  dovuto,  fomewola. être-   wo  kuvia,  wo  fome.
P;parfaire;vt;;wu nu nu, kpe nu de nu nu. se  parfaire    v    zu  blibo. par  —  par parfait    a    blibo,  ken.
P;parfois;adv;;geadewogi, gbeadewogbe.
P;parfum;m;;wewe vivi. amake, anuwotre.
P;parfumer;vt;;do wevCe vivi na nu.
P;pari;m;;dikeke, gbelsotso. faire  un-    ke  di  le  nu  nu. gagner  un-    du  dzi  le  dikeke  me. perdre  un-    tsi  dikeke  me,  tsi  gbefe  me.
P;parier;vt;;tso gbe de nu dzi, ke di le nu nu.
P;parité;f;;soso.
P;parjure;m;;awatsotamkala, atabutula.
P;parjure;m;;awatsotamkaka.
P;parjurer;vt;;ka awatsotam, tu atabu.
P;parlement;m;;duko fe takpefe.,
P;parlementer;vt;;dro nya. parler    vi    do  dze,  ka  asem,  fo  nu,  gblo  nya  to nu,  tsi  nya.
P;;;à voix basse;fo nu de gbe me, fo nu wluWlu- wlu.
P;;;haut;fo nu sesïe.
P;;;mal de q.;lï ame nu, gblo ame nya.
P;;;à q.;fo nu na (kple) ame. • -,
P;;;avec abondance;gblo nya gede.
P;;;de q.;fo nu le ame nu, fo ame îe nu.
P;;;de qc.;gblo nya tso nu nu.
P;;;du nez;fo nu tso noti me, gbâ dze.
P;;;en Pair;fo nu de yâ me.
P;;;pour les bancs;gblo nyanyamanyama.
P;;;pour q.;wli ame ta.
P;;;en faveur de q*;kaîu ame.
P;;;français;do frâsegbe.
P;;;indistinctement;gbâ vekpli de nya dzi. avoir  son  franc-    gblo  nya  fâ.
P;parleur;m;;nufola.
P;parloir;m;;nufoho, honomee.
P;parmi;prép;;dome,
P;paroi;f;;hometsogli.
P;paroisse;f;;hame. mawununola fe dzidufe.
P;paroissien;m;;gbedodagbalë.
P;paroissien;m;;hoseto si le mawununola fe dzidu- du  te. par  —  par
P;parole;f;;nya, nyagbogblo. demander  la-    do  afe,  bia  nya,  do  nya  de  ame gbo. adresser  la-  à  q.   fo  nu  na  ame,  gblo  nya  na  ame. couper  la-  à  q.    tso  nya  ame  nu,  toto  nya. avoir  la-  haute    du  gâ,  ha  nù. n'avoir  qu'une-    wo  de  nya  dzi. manquer  à  sa-    tso  nusegbe,  do  kpo  wowo  de (ame  îe)  nya  dzi. tenir  sa-    wo  de  nya  dzi. prendre  la-    de  nya  nù,  îo  nù,
P;parqueter;vt;;do wufo home,
P;parquer;vt;;to kpo îo hlâ nu.
P;parrain;m;;todula le Mawutsideta hoho me. ■
P;parricide;m;;towula; — towuwu, fôîowuwu.
P;parsemer;vt;;wu nu de nu dzi, hlê nu. part    î    akpa,  gomekpokpo,  gomehoho,  akome. pour  ma-    ne  nye  nyè  la,  de  tanye,  tso  gbonye faire  la-  des  choses   kpo  megbe  na  nui faire-  de  qc.    à  q.    ka  nya  ta  na  ame, nullè-    me  le  afia  adeke  o. autre-    le  aîi  bubu. quelque-  afiade. de  toutes-  s    tso  afisiafi. de  -en-  kenken. à-    de  aga,  agadzi,  le  ahadzi,  de  asa  (me), de  la-  de    tso  ame  gbo. prendre  q.  à-    îo  asa  ame,  kplo  ame  de  kpoe. de-  et  d'autre    tso  akpa  eve.
P;partager;vt;;ma nu, ti nu me.
P;;;en trois;mâ nu de akpa etô me, ma nu de etô.
P;;;de l'argent;mâ ga (me).
P;;;qc.;entre mâ nu na amewo.
P;partage;m;;mamâ, numemamâ. faire  le-  de  qc*    mâ  nu  me. recevoir  en-    nu  su  ame  si,  kpo  de  le  me. échoir  en-    kpo  gome  le  nu  me.
P;partance;f;;hoho (wu).
P;parterre;m;;bo, kpo, akabo.
P;parti;m;;akpa, gome, dzoti; — ko mamâ. prendre  le-  de  q.    ho  de  ame  dzi,  no  ame  yome. par  —  pas prendre  un  parti    do  tame. former  un-    mâ  koko. partialité    î    nkumekpokpo,  akpadekadzinono. partial  (être-)   a  kpo  ame  îe  nkume,  no  akpa  deka dzi. participation    î    emenono,  gomekpokpo. participer    vi    no  nu  me,  kpo  gome  le  nu  me. particularité    nuwona,  konyinyi. particulier    a    tohe,  nuto,  ta. en-  vevieto.
P;partie;f;;akpa, go, dowowo, ha. les  -s  du  monde    anyigba  îe  akpa  gâ  atôwo. faire-  de  qc.    no  nu  me. en-  dewo. en  grande-    akpa  gâto,  aîâ  gâto.
P;;;de chasse;adelawoha, adedaha. prendre  q.  à-  tso  ame  nu.  * partir    vi    dze  mo,  yi  nugbe,  dzo.
P;;;(d'un vaisseau);wu ho.
P;partisan;m;;yomenola, yomedzela.
P;partition;f;;mamâ.
P;partout;adv;;aîisiafi.
P;parure;f;;atsyô, lekewowo, atsyôdodo. parvenir    vi    de,  do,  do.
P;parvis;m;;hohonu, kponu.
P;pas;m;;afodede, zozo. faire  un-    de  afo. faire  les  premiers-    do   agbagba,   bu  afo  anyi, dze  nu  gome. marcher  au-    zo  le  afodede  deka  me. à  deux-    le  kpuife. céder  le  -à  q.    tso  gâ  na  ame. avoir  le-  sur  q.    du  gâ,  du  ame  dzi. faire  un  faux-    kli  afo,  kii  nu. pascal    a  paskato. agneau-  paskalêvi. devoir-    kommunio  hoho  le  Kristo  fe  fofôgi  me.
P;passage;m;;tofe, toto, mozoga, nutitoto, nume- toto.
P;;;de la mer rouge;mozozo le fu dzï la me.
P;passager;m;;mozola le fu dzi; Avudola. pas  —  pas
P;passe;f;;dzodzo; agbalê, monagbalê.
P;passé;m;;geyigi si va yi.
P;passe-partout;m;;saîui si wua wo sia wo.
P;passeport;m;;monagbalê. passer    vi    to  nu  nu  yi,  zo,  va  yi,  dzo  yi.
P;;;(vieillir);do hoho.
P;;;vt;to nu nu yi, gbo nu nu yi, wu nu, sa nu  di.
P;;;(filtrer);tsyo nu. faites-moi-  le  sel    tso  dze  nam.
P;;;chez q.;yi dakpo ame da.
P;;;dans une autre classe;do ame klase bubu.
P;;;devant q.;to ame nu yi.
P;;;en proverbe;enye lodonu.
P;;;la main sur qc.;li asi nu nu.
P;;;plus loin;yi dzi, yi ngogbe, to nu gbo yi.
P;;;par la porte;to wotrti (me),
P;;;à l'ennemi;si yi de futowo dome,
P;;;à gué;tso to, to tsime.
P;;;à côté de q.;dze to ame nu, to ame nuti.
P;;;pour coupable;bu îo.
P;;;sous l'empire de q.;no ame te.
P;;;sur qc.;da ata nu. i    -sur  le  corps  à  q*    du  ame  dzi,  da  ata  ame. y-    fa  de  nu1  me,  fa  tu. laisser-      de  mo  na  ame.
P;;;maître;du nu dzi, du gâ. faire-  par   he  nu  to  nu  me.
P;;;un fleuve;to tosisi dzi.
P;;;pour;qc. bu.
P;;;la nuit chez q.;tsi ame gbo do.
P;;;la nuit à;tsi afiade do. se  passer  (arriver)    dzo,  va  veme. se  faire-  pour    wo  dokui  abe  ene. cet  argent  ne  passe  plus    womegadua  ga  sia  o. Tan  passé    fè  si  va  yi.
P;passereau;m;;atsutsrue.
P;passerelle;f;;lêvi, lê, to sêdzivi. pa  s  se- temps    m  modzakedenu. passif    a  mawonu.
P;passion;f;;fukpekpe, nudzodzro, lame fe nudzidzû pas  —  pau la  Passion  de  N.  S.   Mia  Aîetp  îe  îukpekpe  kple  ku.
P;passionnément;adv;;kple dzo, vevie. se  passionner    v    lô  nu  vevie.
P;passoire;m;;asôe, atoe, nutsonu1.
P;pasteur;m;;alêkplola, osofo. pastille    î  gbetike. pastoral    a  alêkplolato. lettre  -e    episkopo  îe  agbalê  na  hosetowo. pâte    î    amo,  amowo. patène    î  sikagba. patente   î  dasegbalê. paternité    î    fofonyenye,  tonyenye. paternel    a  fofoto. patient  a  +  m    fatu,  dzigbodanyito. patience    î    dzigbodi,  tuîafa. prendre-    gbo  dzi  di. perdre-    tsi  dzodzodzoe  bi  dzi. patienter    vi    gbo  dzi  di.
P;pâtir;vt;;kpe îu.
P;pâtissier;m;;aboloviviîola. pâtisserie   î   akpono  vivi,  tatali.
P;patois;m;;gbe.
P;patriarche;m;;blemaîofo, îoîoga.
P;patrie;f;;de, denyigba.
P;patrimoine;m;;domenyinu, togbuinu.
P;patriote;m;;denyigbalôla.
P;patriotisme;m;;denyigbalolô.
P;patron;m;;afeto, takpola.
P;patronage;m;;dzikpokpp; suku ade.
P;patronner;vt;;kpo ame ta. patte    î    lâwo  îe  aîo.
P;;;de devant;ngogbeîo, alonu.
P;;;de derrière;megbefo, ata. se  trainer  à  quatre  -s    zo  katsakatsa,  si  keteke- wuo.
P;pâturage;m;;gbeduîe, lânyiîe. paume    î    asiîome,  asibaya.
P;paupière;f;;nkuyi. pauvre    a    dahe,  doko,  nublanuito.
P;pauvre;m;;ame dahe, aheto, ziâto. pauvreté    î    ahedada,  kododo,  ziatutu. pav  —  péc se  pavaner   v    zo  atsyôzoli.
P;pavé;m;;mododo kple kpe.
P;paver;vt;;do mo kple kpe.
P;pavillon;m;;agbado; — aflaga.
P;pavoiser;vt;;si aflaga.
P;paye;f;;fetu, fe.
P;payement;m;;fehehe, fetunana. jour  de-  fehegbê.
P;payer;vt;;he fe, tu fe.
P;;;un acompte;na akana.
P;;;des impots;na adzo.
P;;;q. de retour;lô gbe, lô ame. ,
P;;;de retour;do teîe na ame.
P;;;d'audace;do dzi, wo kalê, katse wo nu.
P;;;de belles paroles;kpata mo na ame.
P;payeur;m;;fehela, îetunala.
P;pays;m;;anyigba.
P;;;étranger;duta, amedzrowode. avoir  le  mal  de-    ame  fe  mo  ka,  (dzaka)  afe  dzro ame.
P;paysage;m;;anyigba fe nonome.
P;paysan;m;;agbledela. peau    î    riutigbalë,  agbadze,  ayi,  fi;  —  tsro. changer  de-    de  age,  de  tsro,  de  wute. maladie  de  la-  nuve.
P;pêche;f;;lâdede, dokpokplo. faire  une  bonne-   lo  tomelâ.
P;pêche;f;;kutsetse vivi ade.
P;péché;m;;nuvô.
P;;;mortel;nuvôgâ.
P;;;véniel;nuvôvi.
P;;;originel;domenyinuvô. occasion  de-  nuvômonu. tomber  dans  le-   dze  nuvô  me,  dze  anyi commettre  un-    wo  nuvô. faire  tomber  q*    dans  le-    kplo  ame  yî  de  nuvâ me. regretter  le-    se  veve  de  nuvô  ta. pécher    vi    wo  nuvô. pêcher    vi    de  tomelâ,  de  là.
P;;;au filet;da asabu, kplo do. péc  —  pen
P;pécheur;m;;nuvôwola.
P;pêcheur;m;;lâdela, tomelâdela, asabudala. pédagogie    î  amehenunya.
P;pédagogue;m;;amehela. pédale    î    gaso  îe  afodofe. pédaler   vi   ku  gaso.
P;peigne;m;;dametroti, davunu, aîê, yida, srobi, aya. se  peigner   v    vu  da,  vlo  da  me.
P;peindre;vt;;ta nu, si ano de nu nu. peine    î    veve,  fukpekpe,  tohehe. subir  une-    he  fe  de  nu  ta. être  en-  de  qc.    tsi  dzimadi. se  donner  de  la-    dze  agbagba. à  peine  (que)    adv    îa  haîi,  bebli  haîi, peiner    vi    dze  agbagba.
P;peiner;vt;;ve ame.
P;peintre;m;;nutala, anosila. peinture    î    tata,  nutata,  —  amâ.
P;péjoratif;m;;vô, vlo.
P;pêle-mêle;adv;;hatsahatsa, nyadrinyadri.
P;peler;vt;;kpa, klê, fo nu, îlo nu le nu nu.
P;pèlerin;m;;mozola.
P;pèlerinage;m;;mozozo. pèlerine   î    dziwui  Maya,
P;pelican;m;;aluge, alu. pelle    î    soîi,  gbelontu
P;pelote;f;;kokpo, kopo, ko.
P;peloter;vt;;hlâ bolu.
P;peleton;m;;gbadagbawo ha. pelouse    î  gbeteîe. pelure    î    tsro,  go. pénalilé    î    tohehe.  ;
P;penchant;m;;bibi, lolô, dzodzro.
P;;;d^ne colline;abu, agame.
P;pencher;vt;;bi, bo, via, zio.
P;;;pour q*;lô ame îe nya.
P;;;la tête;de ta anyi, de ta gu. pendant  (d'oreilles)    m  toge, pendant  que    cj    esi,  esime.
P;pendre;vt;;ku nu de nu nu.
P;;;q.;de ka ve na ame, sa ame. pen  —  per se  pendre   v    de  ka  ve  na  amedokui.
P;pendule;f;;gafodokui gâ. pénétrer    vi    to  nu  me  yi,  ge  de  nu  me.
P;;;dans une chambre;ge de ho me. pénétration    î    gege  de  me. pénible    a    kple  fa
P;péninsule;f;;fukpo aîâ.
P;pénis;m;;a\va, vo. pénitence    î  dzimetotro. pénitent    a  trodzime.
P;pénitent;m;;dzimetrola, nuvôgomeWula. pensée    î    tamesusu,  susu.
P;penseur;m;;tamesula.
P;penser;vt;;bu, susu, bulbu. penser    vi     susu  de  nu  nu.
P;;;à q.;do nku ame dzi.
P;;;à qc.;bu tame de nu nu. pension   î   îetu  na  dowola  hoho,  si  magatenu  awo do  o. pension    î  nuduho. se  mettre  en-    no  ame  gbo,  do  nududu  le  ame gbo.
P;pensionnaire;m;;+ f nuduhola, sukudela ade.
P;pensionnat;m;;sukugâ. pente    î    abu,  aganu. Pentecôte    î    Gbogbo  kokoe  îe  didi,  Pentekoste. pentogonal    à    dzogoe  atôtoe. pénurie   î    ziazia,  ahedada.
P;pépin;m;;ku, nuku. pépite  (d'or)    î  sikako. percée    î  nonoîe.
P;percepteur;m;;nudzola. perception    î    nudzodzo;  —  sidzedze. perceptible    a    nusi  woatenu  akpo. perce  (mettre  en-)    wu  nu  nu,  no  nu.
P;percer;vt;;no nu, to, kusi, wu nu.
P;;;un tonneau;^u atigo nu.
P;percevoir;vt;;ho nu.
P;;;des impots;dzo nu, ho adzo. perche    î   ati  lolo  gâ  ade. se  percher    v    no  nu  dzi,  dze  nu  dzi. Vocabulaire per  —  per perclus    a  lâmetututo.
P;perclusion;f;;amiâdo.
P;percnoptère;m;;akagâ, aklasu, pente* percussion    î    foîo,  dada. .perdition    î    tsyotsyrô,  gbegblê.
P;perdre;vt;;bu nu.
P;;;la vue;nku gbâ na ame.
P;;;de l'argent;bu ga.
P;;;la parole;nu tsi te na ame.
P;;;de vue;nu bu de ame.
P;;;son chemin;bu mo, tra mo.
P;;;courage;dzi de le ame îo.
P;;;q. d'honneur;gblê ame îe nko.
P;;;sur une marchandise;bu de asiîeîle me, gugu»
P;;;haleine;gbogbotsihe tsi ame îo. y-  sa  peine  ha.
P;perdrix;f;;tegîi, avetegli, dadi.
P;père;m;;to, foîo, — fada. tenir  lieu  de-  à  q.    ho  îoîoteîe  na  ame.
P;;;de l'église;ha la îe foîogâ. pérégrination    î  mozozo. pérégriner    vi    dze  mo  dzi,  di  tsa. perfection    î    blibozuzu,  nuwuwu. péremptoire   a    dese,  kple  dzizizi.
P;perfectionner;vt;;wo nu woazu blibo. perfide    a    ayevôeto,  dzieveto.
P;perfidie;f;;ayevôe, dzimevetonyenye. *
P;perforation;f;;liono.
P;perforer;vt;;no nu, kusi nu. péricliter    vi    ge  de  haha  me.
P;péril;m;;haha, aîoku, kuhi. mettre  en-    do  aîoku  na  ame.
P;périmètre;m;;kogo. période    î    noli,  geyigi,  azâ. périr    vi    tsyrô,  yi  to,  gblê,  nyrô.
P;;;par le glaive;tsi yi nu. perle    î    dzonu,  adzagba,  kpe  hpasi.
P;permanence;f;;anyinono. permanent    a  noanyi,
P;permettre;vt;;na mo, de mo.
P;permis;m;;monagbalê. per  —  per
P;permission;f;;monana, modede. permuter    vi    dpli  nu. pernicieux    a  vôdi. perpendiculaire    a  dzodzoe.
P;perpétrer;vt;;wo nu. perpétuel    a    mavo,  madzudzo,
P;perpétuité;f;;anyinono da. perplexe    a  blutame.
P;perplexité;f;;tamebublu.
P;perquisition;f;;nu me dzodzro.
P;perquisitionner;vt;;dzro nu me, ku nu me.
P;perroquet;m;;ako, lokpotsri.
P;perruche;f;;akono.
P;perruquier;m;;takola, talûla.
P;persécuter;vt;;ti ame yome.
P;persécuteur;m;;yometila. persécution    î  yometiti. persévérer    vi    ku  kutre,  do  nu  dzi,  tsi  nu  dzi.
P;persévérance;f;;kutrekuku. persienne    î  adzralawo.
P;persiflage;m;;amekoko.
P;persifleur;m;;amekola.
P;persifler;vt;;ko ame, du fewu le ame nu. persister    vi    no  anyi,  ku  kutre. persistant   a  kutrekuku.
P;personnage;m;;amegâ.
P;personne;pr;;amadeke... o; o (ameka va ? — o).
P;personne;f;;ame. faire  acception  de-    kpo  ame  fe  nkume.
P;personnel;m;;dowolawo. perspicace    a    dzewâ,  n!ku  dadeto.
P;perspicacité;f;;ayedzedze.
P;persuader;vt;;de nu fia ame, ka de nu dzi na ame. chercher  à-  q.    he  ame,  fo  nya  de  ame  nu.
P;persuasion;f;;kakadenyadzi, hose, se  persuader   v   ho  nu  dzi  ese.
P;perte;f;;bubu, tsyotsyrô me, toyiyi, gugu. entrainer  q.  à  sa-    he  ame  yi  de  tsyotsyrô  me. essuyer  une-    bu  nu  de  nu  me. pertinent    a  dzeame. 19* per  —  pha
P;perturbation;f;;wunyawunya, zi.
P;perturbateur;m;;zitola, zifola. pervers    a    vlo,  vôdi. perversion    î  gbegblê.
P;perversité;f;;vôdinyenye.
P;pervertir;vt;;gblê ame, tro ame. pesant    a  kpekpe.
P;pesanteur;f;;kpekpeme, dadame.
P;peser;vt;;da nu, te nu kpo, — nu no ame dzi. se  peser    v    da  amedokui peste    î    dovô,  gogoligo. peter    vi    nyë  no,  da  agometu. pétiller    vi    îa,  woe. petit    a  +  m    kpui,  sue,  tukui,  zi.
P;;;doigt;devito, asi kotoe. au-  jour    le  nukeke  me.
P;petit-fils;m;;togbuiyovi, vivi.
P;petite-fille;f;;mamâyovi.
P;petitesse;f;;suenono, nu sue.
P;isétition;f;;mobiagbalê, kukudede.
P;pétitionnaire;m;;kukudela.
P;pétitionner;vt;;de kuku.
P;pétrin;m;;abolokpe, abologbokolo. être  dans  le-    le  haha  me.
P;pétrir;vt;;nyâ nu, fanyâ nu, gbo nu.
P;;;avec les pieds;nyâ anyi.
P;pétrole;m;;dzodrami, akadimi. kerosin.
P;peu;adv;;viade, we, ka, vie, sê. à-  près      klo,  kloe.
P;;;à -;blewublewu, vivivi.
P;peuplade;f;;duko, du.
P;peuple;m;;duko.
P;peur;f;;vovô, dzikatsofo, dzino. avoir-    vovô  le  lame  na  ame,  vô. faire-    do  vovô  na  ame.
P;peureux;m;;vovônotç, klëno,
P;peut-être;adv;;dewohï, anumse, anye.
P;phalange;f;;ha; — asibide kpefe.
P;jîhare;m;;îutadzoho.
P;pharmacie;f;;atikewoîe, amatsiwofe.
P;pharmacien;m;;atikewola, amatsito. pha  —  piè
P;pharynx;m;;venu, vemenu.
P;phénomène;m;;nuwomoya, hihemenudzodzo. philantropie    î  amelglô.
P;philologue;m;;gbesela.
P;philosophe;m;;nunyala. philosophie    î  nunya.
P;phoque;f;;tovit
P;photographe;m;;ametala, nutala fototala. photographie    î    ametata,  foto.
P;photographier;vt;;ta ame, de ame.
P;phrase;f;;nya, nufofo, nyafokpe.
P;phtsisie;f;;gbohi, tsitrenudo, kpetre.
P;physicien;m;;atikewola. physionomie    î    nkume,  nonome.
P;piano;m;;sanku, piano. jouer  du-    îo  piano,
P;pic;m;;agblenu ; — totame; — tokoti. à-    tro  abu,  trp  gbo.
P;picoter;vt;;fie, to do nu. pièce    ft  kake,  home;  ga,  agbalê,  nu.
P;;;de;bois atikpo. mettre  en  -s    gbâ  nu,  ze  nu.
P;pied;m;;afo ; — zo (de table). coup  de-    afototo,  afotutu. donner  un  coup  de-   tu  afo,  to  afo  ame. poser  le-  sur  qc.    tu  afo  nu  dzi. voyage  à-  afozozo. aller  à-    zo  afo,  to  afo. aller  du  même-    zo  le  afodede  deka  me. lâcher-    si,  dzo,  de  asi  le  nu  nu. prendre-    li  ke. mettre  q.  à-    de  ame  le  do  me. se  jeter  aux  -s  de  q.    le  afo  na  ame,  bliba ame. faire  des  mains  et  des  -s    dze  agbagba. plante  du-  afofome. nu-pieds    afo  fuflu,  afo  gbolo.
P;pied-à-terre;m;;dzefe.
P;piédestal;m;;agbati.
P;piège;m;;mô, azâ, gamô, akpa. dresser  un-   tre  mô,  tre  asâ,  fo  mô. pie  —  pip pierre    î  kpe.
P;;;sépulcrale;yododzikpe.
P;;;de meule;tedada, tevi.
P;;;à;aiguiser nunyrekpe. pierreries    îpl    kpe  hoasiwo. pierreux    a  wokpe.
P;piété;f;;mawububu, mawulolô.
P;piétiner;vt;;tu aîo nu dzi, îanyâ nu.
P;;;l'herbe;bu gbe.
P;piéton;m;;aîozola, aîotola.
P;pieu;m;;kpoti, ati. pieux    a   vômiawti,  dzodzoe.
P;pigeon;m;;ahône, afeflolui, agbanyi.
P;pigeonnier;m;;ahônekpo.
P;pignon;m;;ho îe tame, pile    î    ko,  adru.
P;piler;vt;;to nu, tugu nu.
P;pilier;m;;hototi, gligoe, glikpui, soti.
P;pillage;m;;adzodada, aboyolele.
P;piller;vt;;ha nu, da, adzo, îanyâ.
P;pilon;m;;tati, tomati, tsutoto.
P;pilonner;vt;;to, gbâ, îanyâ.
P;pilori;m;;vlodoameti.
P;pilote;m;;kudodola, wukplola.
P;piloter;vt;;kplo Wu, do wu. pilule    î  atikekoe.
P;piment;m;;atadi, yebese, adzibolo, kuklui, aduvee.
P;pin;m;;ati ade.
P;pinacle;m;;hotame, tsuêîe. pince    î    ako,  akobe,
P;pinceau;m;;anosinu.
P;pince-nez;m;;tsitsi, gankui.
P;pincer;vt;;de îe ame, miâ nu, du îomizi. pincettes    îpl    abe,  ako. pintade    î    atsahe,  tolû. pioche    î    agblenu,  kodzi.
P;piocher;vt;;nlô anyigba, gâ nu, ku agble.
P;pionnier;m;;modela, ngonola. pipe    î    atamazeê,  zï. tête  de-  zïgo. tuyau  de-  zïîo. pip  —  pla fumer  la  pipe    no  zï,  no  atamazee. piquant    a    tsutsuê,  bidui.
P;piquant;m;;fu. pique    î    akplô,  wâ.
P;piquer;vt;;to, fo, da.
P;;;(insectes);te ame.
P;;;(plantes);mê ame.
P;piquet;m;;kpoti. piqûre    î    tot  g,  tete.
P;pirate;m;;îudzidzodala. pire    a   gbegblê  wu,  vôdi  wu. pirogue    î    Wu,  lêwu,  agowu. pirouettes    îpl  adanudoe.
P;pis;adv;;gbegblê wu.
P;pis;m;;no. piscine    î    ta,  tegblê,  tsi. pisse    î  adudo. pisser    vi    do  adudo.
P;pissoir;m;;adudodofe. piste    î    afoteîe,'  aîotoîe. perdre  la-    aîo  bu  de  ame.
P;pistolet;m;;tukpui, awumetukpui.
P;piston;m;;kpe. piteux    a  nublanuito.
P;pitié;f;;nublanuikpokpQ, amenuveve, avoir-  de  q*    ve  ame  nu,  kpo  de  me  na  ame. pitoyable    a    wonublanui  nu. pittoresque    a    nyô,  nyuie.
P;pivot;m;;aplatsome, megbega.
P;placard;m;;sigao.
P;place;f;;teîe, noîe; — do.
P;;;publique;asime, ablo.
P;;;forte;mô. faire-    te  da,  na  mo  ame,  kpasa  da. faites-    dze  nam. prendre-    bobo  no  anyi. a  sa-    le  eteîe. il  n'y  a  plus  de-    noîe  megali  o. prendre  la-  de  q.   ho  ame  teîe.
P;placement;m;;do.
P;placer;vt;;tso nu do afi ade, da nu di. pla  —  pla se  placer   v    bobo  no  anyi. placide    a    boboe,  fafe.
P;placidité;f;;dzifafa.
P;plafond;m;;dzisasâ, mi.
P;plage;f;;futa, gota.
P;plagiaire;m;;nugbugbonlola.
P;plaider;vt;;ho nya na ame, dro nya.
P;plaidoirie;f;;nyadodro.
P;plaie;f;;abi. soigner  une-    wo  abi  na  ame.
P;plaignant;m;;amenutsola.
P;plain-chant;m;;hadzidzi kokoe le Ha me.
P;plaindre;vt;;ve ame nu, do baba na ame. se  plaindre    v    îa  konyi,  ha  nu. plaine    î    gbadzafe,  tagba.
P;plainte;f;;konyifafa; — nutsotso. porter-  en  justice    tso  ame  nu. plaire    vi    vivi  ame  nu,  dze  ame  nu. s'il  vous  plait   ne  elôa,  ne  edze  nu  wôa. je  me  plais  ici    nye  mo  dze  anyi  le  afisia. plaisanter   vi    di  ko,  ka  ahatse,  de  gbo.
P;;;q.;di ko le ame nu, îe le ame nu. plaisanterie    î    kodidi,  badede,  gbode.
P;plaisir;m;;dzidzo, nudzedze. prendre-  à  qc.    kpo  dzidzodzo  le  nu  nu. cela  me  fait-  edu  lame  nam,  edzo  dzi  nam.
P;plan;m;;nutata; — tamedodo. faire  un-    ta  nu,  do  tame,
P;planche;f;;v^uîo, gbôgblo, aplati,
P;plancher;m;;homenyigba.
P;planchette;f;;wuîovi.
P;planer;vt;;îo nu gbadza, dzo nu. planer    vi    sa  agba,  do  agba.
P;planète;f;;gletivi.
P;plant;m;;kaka, lalâ.
P;plantain;m;;abladzo.
P;plantation;f;;agble.
P;plante;f;;numiemie.
P;;;vénéneuse;adigbe. plante  (du  pied)    f    af  of  orne,  afowlome.
P;planter;vt;;do nu, fâ nu, wu nu. pla  —  plu planter  un  champ    de  agble.
P;;;de l'igname;do te.
P;;;une croix;tu atitsoga.
P;;;là q.;gblê ame di, de asi ame nu.
P;planteur;m;;nufâla, nudola,. agbledela. plat    a    gbadza,  gbagbe. (nez)-     gbanya,  vanyà.
P;plat;m;;gbadzaîe; agba, kolo.
P;plateau;m;;gbadzaîe si le kokofe, dzigbeme.
P;;;à servir;to, afiânu, agbonu. plate-forme    î    hota  gbadza. platine    î    ga  ade.
P;plâtre;m;;glidonyi. plausible    a    niisi  di  nyateîe.
P;plèbe;f;;duko. plein    a    yoyo,  blibo,  sogbo.
P;;;e;lune gleti sosoe.
P;plénitude;f;;agbososo. pleurs    mpl  adatsiwo. fondre  en-    ne  avi,  wu  adatsi. pleurer    vi    fa  avi. faire  -q.    do  avi  na  ame. cesser  de-    zi  avi,  dzudzo  avi.
P;;;sur q.;ha nu le ame nu. pleuvoir    vi    tsi  dzadza,  tsi  wuwu.
P;pli;m;;nerie, îoîo, agbaîé; — agutofe, goglô.
P;pliant;m;;zikpui. pliant   a   bobo,  wuhewuhe. plier,  plisser    vt    rilô  nu,  lie  nu,  fo  nu,  ha  nu goba.
P;;;en dedans;ha nu de me.
P;plomb;m;;tsumi, subu, subui.
P;plongeon;m;;didodo.
P;plonger;vt;;de nu tsi me, to nu nu me, nyrô nu. plonger    vi    do  di,  nyrô  de  îu  me.
P;plongeur;m;;didôla.
P;ployer;vt;;bi, bo, ha, dru, via nu. ployable    a    ademe,  nusi  woatenu  abo.
P;pluie;f;;tsi, tsidzadza, tsiwuwu.
P;;;fine;agbafie, tsinyônyoe. des  gouttes  de-  tombent    dzi  de  ta. plu  —  ploi la  pluie  cesse    dzi  ke. la-  menace    dzi  le  dodom.
P;;;incessante;dzamake, tsi dro zâ.
P;;;à verse;tsi le gbogbom, gbe nyetsi. la-  passe    tsi  klo,  dzi  klo, saison  de-  dzidzagi,  dzidzanoli,  tsime,  dezâme. plumage  îu. plume    îu,  hefu;  —  pen,  nunlôga. perdre  les-  s    îu  nyô  le  hevi  nu. plumer    nyô  hevi,  nyô  nu.
P;;;une poule;nyô koklo. plupart    akpa  gàto,  ame  gedeawo. pour  la  plupart  gedea. pluralité    hehlême  îe  agbososo. pluriel    so  agbo  le  hehlême. le  temps  est  pluvieux    tsi  le  tsyotsyom ,  tsi  (dzi) le  aîê  worn, plus    gede  wu,  sogbo  wu,  wu  alesi. de-    kpe  de  sia  riuti,  de  dzi. d'autant-    aleke  wu. plus- . . .    plus  . . .    wu  . .  :    gede  wu  ;  zie  ale- si.  » .  nenemake. je  t'aime-  que  lui    melô  wô  wui. ceci  est-  grand  que  cela    eya  elolo  wu  ekemâe. ils  sont-  de  six    wowu  adê. ne  péchez-    mègawo  nuvô  azo  o. de-  en-    sogbo  de  dzi. plusieurs    p  gedewo.
P;;;fois;enuenu, edziedzi. plutôt    cj    bon,  gede  wa je  le  ferai-  moi-même    nyenuto  mawoe  bon. poche   î  kotoku. pochette    î  kotokuvi.
P;poêle;f;;nutogba.
P;poêle;m;;kpo.
P;poème;m;;hakpakpa. poésie   î   hakpakpa,  nyakpakpa.
P;poète;m;;nyakpala.
P;poids;m;;kpekpeme, dadame.
P;poignard;m;;aleli, adekpui, bete.
P;poignarder;vt;;da adekpui ame, poi  —  pol
P;poigne;f;;ko, asinoiilo. poignée    î    asilefe;  —  ame  viadewo;  —  dzedzezâ.
P;;;de mains;asimiamiâ, asinana. donner  une-  de  mains    na  asi  ame,  klâ  ame.
P;poignet;m;;alonukpeîe, deîe; Wotrunusileîe.
P;poil;m;;îu. à-  amamâ. perdre  le-    de  fa poilu    a  toîu.
P;poinçon;m;;îli, nutonu, — agbalêdzidonu, poindre    vi    do,  dze. le  jour  commence  à-   nu  ke.
P;poing;m;;ko, agbagba, asirioiilo. serrer  le-    nlo  ko. coup  de-    kotutu  ame. donner  des  coups  de-    da  ko.
P;point;m;;nunlôdzesi nogui, teîe. être  sur  le-  de    dzi  be,  le  nu  wo  ge. être  à-     do  vo  (te,  agbeli).
P;;;de;vue kpokpo.
P;pointe;f;;tsuêfe, gboe, ta; — nutonu, gatagbadze.
P;;;du jour;fonoli, nukeke. se  terminer  en-    lio  aku. avoir  des-  s  de  côté  dzi  du  ame,  aha  lé  ame. pointu    a    tsuê,  nyro. rendre  pointu     wo  nu  tsuê,  lio  nu  nu.
P;poire;f;;kulsetse ade. pois   î  ayi.
P;poison;m;;adi, adi wuame, amewutike.
P;poisson;m;;tomelâ, la. frai  de-  adrugbo. œufs  de-  tomelâzi. écaille  de-  lâtsro.
P;;;volant;dzodzodroe. prendre  du-    de  tomelâ,  kplo  do,  da  asabu.
P;poitrine;f;;akota, ako.
P;poivre;m;;atadi, kuklui, adzibolo, yebese, able.
P;poivrier;m;;ataditi.
P;poivrer;vt;;de atadi nu.
P;poix;f;;ano yibo.
P;pole;m;;nugbo; — kpoti. pol  —  por poli    a    dowu;  —  tsinitsini.
P;poli;m;;zozrô. police    î    kpovito,  polisi.
P;policier;m;;sedzikpola, senudzola.
P;polir;vt;;zrô nu nu, tutu nu nu, li nu, îa nu.
P;policer;vt;;he ame, na ame woado wu.
P;polisson;m;;kpodomevi, gbevû. politesse    î    amesosrôda,  wudodo,  amebùbu.
P;politique;f;;dzidudunununya.
P;pollen;m;;anyïdzekplê.
P;polluer;vt;;bo busu, gblê ko do na nu, îo di nu* pollution    î    kogbegblê,  difofo,  hadzedze.
P;poltron;m;;klêno, vovônoto.
P;polygamie;f;;srôgededede, nyonugededede.
P;polygame;m;;srôgededela. pommade    î    ami  wewëe,  damemi. pomme  (de  terre  douce)    dzeti,  anagoti. pompe    î    atsyo;  —  tsiyonu,  tsigbonu.
P;pomper;vt;;yo tsi, gbo tsi.
P;pompier;m;;dzotsila.
P;ponctuellement;adv;;le game pepëpe. pondérer    vi    da  nu;  —  susu  tame  de  nu  nu.
P;pondre;vt;;da azi.
P;pont;m;;le, agbogblo, agba, klini, tpsêdzi. construire  un-    wo  tosêdzi,  to  dzisasâ. ponte    î   azidagi,  azidada.
P;pontife;m;;nunola gâ, mawunûnolagâ. souverain  papa,
P;pontificat;m;;nunolagâ fe dzidudu. pontifier    vi    wo  missa  gâ  abe  episkopo  alo  papa ene.
P;populace;f;;duko. populaire    a    amesi  amewo  katâ  lôna.
P;popularité;f;;dukololô.
P;population;f;;anyigbadzinolawo. populeux   a    afisi  ame  gedewo  nona.
P;porc;m;;ha, prako. du-  halâ.
P;porcelaine;f;;ganyi si wotsgna mêa agbawo.
P;porc-épic;m;;dzrïdza, kotoko, hlômade.
P;porche;f;;akpata. por  —  por
P;porcher;m;;hakplola. porcherie    î  hakpo.
P;pore;m;;lûdoe. portage  (frais  de-)    agbatsofe,  agbateho.
P;port;m;;wudzefe ; — dokuiowowo, dokuilélé, ho.
P;portail;m;;agbo., wotru gâ. porte    î   wotru,  wo.
P;;;à double battant;wotru aga 'vee. fermer  la-    tu  wo,  do  wo,  he  wo. ouvrir  la-    wu  wotru. faire  claquer  la-    tu  wo  gblaga. mettre  q.  à  la-  nya  ame  dzo. frapper  à  la-    îo  wo. enfoncer  une-  ouverte    da  tu  de  hawo  yome.
P;portefaix;m;;nutsola, agbatsola.
P;portefeuille;m;;kotoku.
P;portemanteau;m;;agblo, awukunu.
P;porte-plume;m;;agbalênlôgati.
P;porte-monnaie;m;;gakotoku.
P;porter;vt;;tso nu.
P;;;des habits;do awu, ta avo.
P;;;des fruits;tse ku.
P;;;la barbe;to gè, do gè.
P;;;un arrêt;tso afia.
P;;;témoignage;di dase le nu nu.
P;;;amitié;à q. lô ame îe nya.
P;;;q. en terre;di ame.
P;;;q. jusqu'aux nues;do koko ame.
P;;;le deuil de q.;nyi fu le ame nu.
P;;;la main à qc.;lé nu de asi.
P;;;secours à q.;nyâ aîa, kpe de ame nu.
P;;;ses regards sur q.;le nku de ame nu.
P;;;condamnation à mort;tso kufia na ame.
P;;;plainte contre q.;tso ame nu.
P;;;sur q.;nu kpo de ame.
P;;;un enfant sur le dos;kpa vi.
P;;;qc. sur la tête sans le tenir;do agbagba nu.
P;;;la main sur q.;lé ame.
P;;;qc. en haut;tso nu va dzi. bien  se-    sê,  li  sesiê. portez-vous  bien    no  anyi  sesiê. por  —  pos se  porter  garant    fu  asi  ako  de  ame  ta.
P;porteur;m;;nutsola, agbatsola.
P;portier;m;;wotrunudzola, agbonudzola. portière    î  agbo.
P;portion;f;;akpa, gomehoho.
P;portique;m;;akpatae, agbo. Porto-Novo   npr  Hogbonu. Porto-Seguro    npr  Agbôdrafo.
P;portrait;m;;ametata. Portugais    m  Agudayevu. pose    î    dokuilele,  anyidodo.
P;poser;vt;;da nu di, do nu.
P;;;qc. à terre;tso nu do anyi, da nu de anyi.
P;;;qc. sur la table;tso nu do kplô dzi.
P;;;une question;bia nya se.
P;;;q.;do koko ame.
P;;;la première pierre;do gomedokpe anyi. se  poser  sur  (oiseau)    dze  de  nu  dzi. positif    a    blibo,  nusi  dzi  woka  do. position    î    nofe,  teîe. prendre-    do,  tsi.
P;possédé;m;;ame si me gbetsivôe le. être-   trô  dze  ame  dzi.
P;posséder;vt;;kpo nu, ho nu, nu le ame si.
P;;;une langue;du gbe, nya gbe. se  posséder    v    gbo  dzi  di  he,  lé  dokui.
P;possesseur;m;;nuto. possession    î    hoho;  —  alome,  kesinonu.
P;;;diabolique;gbetsivôe no ame me; — alaga. possibilité    î  nutete. possible    a    ate  nu  (awoe)  anye. si-    ne  été  nu  wpea,  ne  etenuia.
P;poste;m;;dowoîe, noîe. poste    î    postho,  agbalêdoîe. envoyer  qc.  par  la-    do  nu  de  ame  to  post^ mettre  une  lettre  à  la-    de  agbalê  post, se  poster    v    do,  tsi,  no  anyi.
P;postérieur;m;;megbe, yomedzela. postérité    î    megbeviwo,  dzgdzomeviwo.
P;postier;m;;posttsola, letatsola.
P;post-scriptum;m;;megbenya. pos  —  pou
P;postulant;m;;tabialase, nubiala.
P;postulat;m;;tabiabiase, didi, dzidzi.
P;postuler;vt;;dzi nu, ti nu yome. posture    î    dokuilele,  dokuifiafia.
P;pot;m;;ze, kutu.
P;;;à;eau zo.
P;;;de;fer gaze.
P;;;de chambre;adudoze, adudogo.
P;;;à;goulot adakluzi.
P;;;sans;goulot kolo.
P;potage;m;;detsi, tsi, lâtsi.
P;poteau;m;;ati, soti, kpoti, hotuti.
P;potence;f;;kadeveti, amewuti. ériger  une-    sa  ati.
P;potentat;m;;riusêtç lïusêkpola. poterie    î    zememê,  anyinu;  —  zemêîe.
P;potier;m;;zemêla.
P;potin;m;;zi, wunyawunyâ. potion    î  amâtsi.
P;pouce;m;;degblefetsu, degletsu.
P;pou;m;;yo, yoe. poudre    î    dù;  —  wo,  Wu\vu?  atike. barrique  de-    dugo,  kotowo,  titrim. réduire         en-   gbâ  nu  kakekake. jeter  de  la-  aux  yeux  de  q.    îlu  ame. poudreux    a  woîuîu. poudrière    î  duho.
P;poulailler;m;;koklokpo, kpôdutse, kokloyoe.
P;poulain;m;;sovi. poule    î    koklo,  koklono.
P;;;d'eau;tokokloe.
P;;;mouillée;vovônoto. avoir  la  chair  de-    dadi  do  to  de  ame  nu,  ame nutiîu  do  to.
P;poulet;m;;koklovi.
P;pouls;m;;wu îe sisi.
P;poumon;m;;dzitodzito, dzokpo, îoîlokodzo. poupe    î    wu  îe  megbe.
P;poupée;f;;îeîenu, ativi.
P;pour;prép;;na, le nu ta, le nu teîe.
P;;;que;cj be, bena. pou  —  pra
P;pourboire;m;;adzo na subola.
P;pourceau;m;;ha.
P;pourparler;m;;nyadodo, nyadodro. entrer  en-    dro  nya. rompre  les-    gblê  nya  de  akpodzi. pourpre    î    avo  dzê,  adabe. pourquoi    cj     nukaiiuti,  nukata, c'est-    le  esia  ta,  le  sia  riuti. pourrir    vi    fafa,  vo,  nyunyô,  gbâ  atri.
P;;;(des aliments);dze nyë, yo, ya. pourriture    î   vovo,  nufafa,  nunyô. poursuite    î    yometiti,  amenutsotso.
P;poursuivre;vt;;ti ame yome. se  poursuivre    v    yi  nu  dzi,  yi  ngo.
P;pourtant;adv;;gake, ke, gake hâ.
P;pourvoir;vt;;lé be na ame, kpo ame ta.
P;;;q. de qc*;do nu na ame, na nu ame. pourvu  que    cj    ne  lanye  be. pousse    î    dp,  dzedze,  dogbo. poussée    î    dada,  îoîo.
P;pousse-pousse;m;;keke.
P;pousser;vt;;tu asi nu, tu nu da, te nu, to nu, sisi nu,  mimi  nu.
P;;;dehors;te nu do gui.
P;;;en avant;do nu de ngo.
P;;;de côté;te nu, mimi nu, kpasa nu da.
P;;;des cris;to gli.
P;;;des dents;to adu.
P;;;des soupirs;de hû, fa hu.
P;;;des feuilles;to angbawo.
P;;;q. à qc.;ble ame de nu me, na wo be . . .
P;poussière;f;;wuwu, wuwudedi, fufu. il  fait  de  la-    yame  wo  fufu.
P;poussin;m;;koklovi.
P;poutre;f;;ati, dadedzi, aplati,
P;pouvoir;m;;riusê, nutete avoir  q*  en  son-    du  ame  dzi.
P;pouvoir;vt;;te nu, nya nu, fo nu. je  ne  peux  pas  le  faire   nye  mate  nu  awoe  o. cela  se  peut    dewohi,  anye  be.
P;prairie;f;;gbetefe. pra  —  pre pratiquable    a    nusi  woatenu  awo.
P;pratique;f;;wowo, konuwowo, konu.
P;pratique;f;;asiflelawo.
P;pratiquer;vt;;wo nu, srô nu, nyi ko.
P;;;une opération;kpa dgng fe nutilâ.
P;pré;m;;gbeteîe.
P;préambule;m;;kpokployideme, nyanudede.
P;préau;m;;sukuhonu. précaire    a    nusi  dzi  womeka  do  o. précaution    î    beleîe,  nudododo. user  de-    kpo  nyuie,  lé  be,  do  nu  do. se  précautionner    v    lé  be. précédent    a    ngoto,  ngogbeto.
P;précéder;vt;;dze ngo, no ngo.
P;;;q*;du ame dzi, dze ngo na ame.
P;précepteur;m;;nufiala.
P;précepte;m;;sedede, nuîiafia. prêche    î    protestantetowo  îe  mawunyagbogblo.
P;prêcher;vt;;gblo nya.
P;;;la parole de Dieu;gblo mawunya.
P;;;q.;hlô nu ame.
P;;;les gentils;gblo mawimya na trôsubolawo. précieux    a    hoasi,  lolô.
P;précipice;m;;abu, aga. précipitation    î    abladede,  hayahaya.
P;précipiter;vt;;tutu ame îu anyi, lo nu.
P;;;ses pas;tso aîo, de abla. se  précipiter    v    de  abla,  ke,  lu  de  nu  dzi. précis    a    tututu,  dzidze,  kote.
P;préciser;vt;;gblo nu tututu. précision    î    gbogblo  tututu. précoce    a    hiô,  kaba  akpa.
P;préconiser;vt;;kafu nu na ame.
P;précurseur;m;;ngonola.
P;prédécesseur;m;;ngonola. prédestination    î    tiatîa  da  di.
P;prédestiner;vt;;tia ame da di.
P;prédicant;m;;protestantetowo îe nyagblola.
P;prédicateur;m;;miawunyagblola. prédication    î  mawunyagbogblo. prédiction    î    aîâkaka,  gbogblo  di. Vocabulaire pré  —  pre prédilection    î    nulolô  wu,  numalômalô  le  nu  gbo. avoir  une-  pour  qc.    lô  nu  wu.
P;prédire;vt;;ka afa, gblo nu di. prédominer    vi     tu  rigo,  so  gbo  wu,  îo  nu  ta. prééminence    î    gâdudu,  taîofo. préface    î    ngodzenya,  agbalêngogbenya. faire  une-    rïlô  ngogt>enya  na  agbalê. préférable    a    iiusi  wolôna  wu.
P;préférence;f;;nulolô wu.
P;préférer;vt;;lô nu wy, kafu nu wu bubiu
P;préfet;m;;dzidula.
P;préfinir;vt;;do nu di.
P;préjudice;m;;gbegblê, nuveveewowo. porter-  à  q.    wo  vô  le  ame  nu.
P;préjugé;m;;îigogbefiatsotso. avoir  un-  contre  q.    se  ame  nko.
P;prélat;m;;mawununolagâ. préliminaire    a  kpokployideme.
P;prélude;m;;nyanudede, nudzitoto. prématuré    a    kaba  akpa.
P;préméditation;f;;tamebubu. je  Pai  fait  avec-     mebu  woe.
P;préméditer;vt;;bu de nu nu. prémices    fpl  ngogbenuwo.
P;premier;m;;gbâto, tato. être  le-  à  faire  qc    tre  wowo. je  suis  arrivé  le-    metre  vava.
P;premièrement;adv;;gbâla.
P;premier-né;m;;ngogbevi, wudonu.
P;prémunition;f;;dzadzrado.
P;prendre;vt;;tso nu, de nu, ho nu.
P;;;garde;kpo nyuie, do to nu.
P;;;à cœur;ho nu de dzime.
P;;;son temps;lala, dzo.
P;;;Phabitude;dze nuwowo.
P;;;les armes;kpla awawonu.
P;;;une forteresse;ho mô.
P;;;q. au corps;lé ame.
P;;;la place de q.;ho ame tefe.
P;;;q. pour;bu ame be.
P;;;la fuite;si, dzo. pre  —  pré ne  rien  prendre  à  la  pêche    îo  aka.
P;;;un logement;ge ho; da ho.
P;;;la parole;gblo nya.
P;;;ses précautions;dzra do di; yi afpdzi.
P;;;des renseignements;bia nu ta se, do nu gome se.
P;;;des renseignements sur q.;do ame gome kpa (se).
P;;;une résolution;do tame.
P;;;sa source;dze gome.
P;;;jour;do nkeke da di.
P;;;patience;gbo dzi di.
P;;;de la peine;dze agbagba.
P;;;plaisir à qc.;kpo dzidzo le nu nu.
P;;;q. en affection;va lô ame.
P;;;q. en pitié;ve ame nu.
P;;;q. pour dupe;flu ame.
P;;;q. en faute;tu ame kodï.
P;;;q. au dépourvu;fiti ame, tso ame do. la  nuit  nous  prit    zâ  do  de  mi.
P;;;Pair;ho yâ.
P;;;du café;no kafe.
P;;;un repas;du nu.
P;;;du repos;gbo de eme.
P;;;de l'âge;du amegâ, tsi, do hoho.
P;;;une maladie;lé do.
P;;;qc. sur soi;ho nya de ako na ame.
P;;;à ferme;ge anyigba.
P;;;le dessus;du ame (nu) dzi.
P;prénom;m;;Mawutsideta fe nko, Kristoto nko.
P;préparatif;m;;\ dzad7rado
P;préparation;f;;/ azaazrado.
P;préparer;vt;;dzra nu do. se  préparer  (advenir)    nu  le  vava  ge. prépondérant    a    sogbo  wu.
P;préposer;vt;;do ame de nu dzi.
P;prérogative;f;;mokpokpo, nusêkpokfo,
P;près;adv;;le nu gbo, le nu nu.
P;;;de;le kpuife. de-   le  nu  gbo.
P;présage;m;;dzesi. 20* pré  —  pré
P;présager;vt;;fia nu si le dzodzo ge.
P;presbytère;m;;mawununola îe ho. prescription    î    dodo,  sedede.
P;prescrire;vt;;do nu, de se. préséance   î    gadudu,  taîoîo. présence    î    anyinono,  teîenono. en  sa-    le  eîe  nkume. présent    a    le  teîe,  li,  îiîiato.
P;présent;m;;nunana.
P;présent;m;;fiîinoli.
P;présentation;f;;nudodo ame îe nkume.
P;présenter;vt;;do nu, kpe nu na ame.
P;;;q. à q.;kplo ame fia ame, do ame ame îe nkume.
P;;;ses hommages à q.;do gbe na ame, da ase na ame. se  présenter  devant  q.    de  dokui  fia  le  ame  îe nkume. préservation   î   dededa  le  nu  gbo.
P;préserver;vt;;de nu da le nu gbo. présidence    î    gâdudu,  nunono.
P;président;m;;nunola, ngonola, tato.
P;présider;vt;;no ngo. présomption    î    dada,  gbagbla. présomptueux    a  datato.
P;presque;adv;;klo, esuso vve, ekpoto viade.
P;;;(joint à un verbe);de. . . . ge (ede kuku ge). presqu'île    î    ko  aîâ,  todomekpo  aîâ. presse    î    miamiâ;  —  nyadzodzogbalê. mettre  sous-    ta  agbalè.
P;presser;vt;;te nu, miâ, nyâ, nyê nu, zi nu.
P;;;q.;de questions . kpo nu me na ame.
P;;;q. dans ses bras;kpla asi ako na ame, lé ame de ako. cela  ne  presse  pas    game  li  ne,  blewublewu  îe nyae. preste    a    kaba,  wa. prestance   î   atsudzodzo  kple  bubu.
P;prestige;m;;bubukpokpo, moîlunu. prestidigitation    î  kpodzidze.
P;présumer;vt;;susu, bu be.
P;présupposition;f;;susu, buibu be, dada. pre  —  pri
P;pressurer;vt;;nyê nu. prêt    a   klalo,  su  te,  so  gbe.
P;prêt;m;;gege.
P;prétendre;vt;;to nya.
P;prétention;f;;didi, nuhohofuako. avoir  des-    dzi  nu  gâ,  wo  aminu.
P;prêter;vt;;ge nu, ba nu, gba nu, do nu na ame.
P;;;de l'argent;do ga.
P;;;secours à q.;kpe de ame nu.
P;;;attention à;do to ame.
P;;;serment;ka atam.
P;prêteur;m;;nugela, nudola.
P;prétexte;m;;adanudoe.
P;prêtre;m;;mawununola, osoîo, trônu.
P;grand-prêtre;m;;mawununola, gâ. prêtrise    î  mawununoladodo.
P;preuve;f;;dodokpo, nugomewuwuîia. prévaloir    vi    dzra  de  nu  ta. prévenance    î    vividodo  de  ame  nu.
P;prévenir;vt;;tre, dze ame ngo wo nu.
P;;;q. de qc.;do du de ame. prévision    î    bubu,  susu.
P;prévoir;vt;;dzesi da di. prévoyance    î    belele,  dododowowo.
P;prier;vt;;do gbe da.
P;;;Dieu;do gbe da na Mawu.
P;;;q. de qc.;bia nu le ame si.
P;;;q. de faire qc.;de kuku na ame be . . . je  vous  en  prie    mede  kuku. prière    î  gbedododa.
P;;;instante;kukudede, aîolélé.
P;prieur;m;;sadagaho îe amegâ. primaire    a    gbâ,  nongo.
P;primat;m;;episkopo gâ.
P;prime;f;;ndigbedododa. prime    î    asi,  nunana,  îetu,  adzo. primer    vi    du  ame  dzi;  tre. primogéniture     î    ngogbevinyenye;  ngogbevi, viwudonu.
P;prince;m;;amegâ, fia, fiavi. prendre  des  airs  de-    du  gâ. pri  —  pro prince  de  l'Eglise  episkopo. princesse    î  fiavinyonu. principal    a    gbâto,  vevieto. principauté    î  fiavidziduîe.
P;principe;m;;nutsofe, dzoîe, tsoîe.
P;printemps;m;;ada, adame. priorité    î    tafofo,  gânyenye. prisée    î  asidodo. prise    î    hoho,  dzidudu,  nulélé.
P;;;d'habit;mawununolawo fe awuhoho. donner-  sur  soi  sukpa.
P;;;en considération;nkulélé de nu nuti, nuiélé de tame.
P;priser;vt;;bu nu, do asi.
P;priser;vt;;do asrâ, gu asrâ.
P;prison;f;;gaho. mettre  q.  en-    de  ame  gaho  (me). surveillant  de  la-  gametowodzikpoîa.
P;prisonnier;m;;gahomenola, gameto, prisina. privation    î    nuhorio  le  ame  ^si  ;   hiâhiâ,  dofukpe- kpe. privé    a    tohe..  deaga,  deka,  gagla.
P;priver;vt;;rio nu le ame si, ho nu kple sesê.
P;;;q. de nourriture;te nududu ame.
P;privilège;m;;vide, mokpokpo.
P;privilégier;vt;;lô ame wu.
P;prix;m;;asihoho, asi. quel  est  le-    esia  fe  home  de  ? îixer  le-    do  asi. baisser  le-    de  asi  le  nu  dzi.
P;prix;m;;îetu', adzo, nunana. probable    a    nusi  di  nyateîe.
P;probablement;adv;;dewohi, anye. probation    î  dodokpo. probité    î    nuteîewowo,  anukodedidû
P;problême;m;;akontabubu.
P;procédé;m;;wowo, dokuilele. procéder    vi    wo  nu,  yi  nu  dzi.
P;procès;m;;nyadodro, wonu. intenter  un-    tso  ame  nu. procession    î    tsadidi  kokoe. pro  —  pro faire  une  procession    di  tsa.
P;prochain;m;;afelika, ahadzinola, ameha, npvi.
P;prochainement;adv;;etefe medzidzi o, nyitsonyitso. proche  (être)    a  gogo,
P;proclamation;f;;gbefadede, gadodo.
P;proclamer;vt;;do ga, do du, de gbe îa. procréation    î  amedzidzi.
P;procréer;vt;;dzi vi. procuration    î  îiusêkpgkpo.
P;procurer;vt;;he nu ve, île nu,
P;procureur;m;;belela. prodigalité    î  gagbegblê. prodigue    a    gblêga,  vlo,  bubu. prodigieux    a  wonuku.
P;prodige;m;;nukunu.
P;prodiguer;vt;;da ahe, gblê ga. production    î    vide,  wowo. productif   a    videto,  wâ,  wonu.
P;produire;vt;;wo nu, wa nu.
P;produit;m;;nuwowo. profanation    î  kogbegblë.
P;profaner;vt;;gblê ko do na nu, wo nu mako- mako.
P;proférer;vt;;gblo nu.
P;;;des injures;do edinu na ame.
P;professer;vt;;wu nu mg, ka de nu dzi.
P;professeur;m;;nufiala.
P;profession;f;;nyawmvu; — do wowo.
P;;;de;foi hosemewuwu.
P;profit;m;;vide, vi. tirer-  de    de  vi  le  nu  nu,  kpo  vide  tso  nu  me. mise  à-  riutidowowo. profiter    vi    kpo  vide,  de  vi. profitable    a    vide  le  me,  videnu,  (nu)  devi. profond    a    goglo,  sesê. profondeur    î    goglofe,  to.
P;profusion;f;;ahedada nu.
P;programme;m;;kaklâgbalê, nudogbalê
P;progrès;m;;ngoyiyi, zodede. faire  des-    yi  hgo,  de  zo* progresser    vi    yi  dzi,  yi  nyuie. pro  —  pro
P;progression;f;;rigoyiyi.
P;prohiber;vt;;he mo na nu, gbe nu.
P;prohibition;f;;mohehe, gbegbe, nyagbegbe. proie    î    haha,  îelé,  adzonu. oiseau  de-    he  îonu.
P;projet;m;;tamedodo.
P;projeter;vt;;do tame, susu; do nuwowo. prolifique    a    dzidzi,  sogbo.
P;prologue;m;;ngodzenya, rigogbenya prolongation    î    kekeme  numehehe.
P;prolonger;vt;;didi nu de dzi, wo nu wôadzidzi de  dzi.
P;prolongement;m;;didiwowo de dzi. promenade    î    tsadidi,  tsadiîe. se  promener    v    tsa,  di  tsa,  yi  tsadife. se-  à  cheval    do  so  di  Isa.
P;promeneur;m;;tsadila. promesse    î    nugbedodo,  adzogbe.
P;promettre;vt;;do nugbe, fia adzogbe, sa gbe. promiscuité    î    wunyawunya,  toto.
P;promontoire;m;;îutato.
P;promoteur;m;;nuwola, nudola.
P;promouvoir;vt;;he nu yi ngogbe, do nu de dzi. promotion    î    amedodo  de  ngo. prompt    a    kaba,  deabla,  vvawâ. promptitude    î    abiadede,  wawa. promulgation    î    gbeîadede,  gadbdo.
P;promulguer;vt;;do ga, de gbe îa.
P;prône;m;;mawunyagbogblo.
P;prononcer;vt;;gblo nya, to nu. se-  sur  qc.    gblo  ame  îe  tamesusu. prononciation    î  gbegbogblo. propagande    ï    nyakaka,  takeke. faire  de  la-  kaka  nya.
P;propagation;f;;nyakaka.
P;;;de;la foi hosetakeke.
P;propager;vt;;kaka nya. se  propager    v    keke  ta.
P;propension;f;;dzodzro.
P;prophète;m;;nyagblpdito, nyagbloladi.
P;prophétie;f;;nyagblodi. pro  —  pro 309>
P;prophétiser;vt;;gblo nya di.
P;propitiation;f;;avulele, nudodo. sacrifice  de-  avulevôsâ,  avulenu. proportion    î  gome,
P;propos;m;;taniedodo, nyagbogblo. à-    le  geyigi  nyuieto  dzi. il  est  à-  que    edze  be.
P;;;malveillant;sakplisasa, apasawowo.
P;proposer;vt;;do nya na ame. se  proposer  de    v    do  tame,  do  nuwowo. proposition    î    tamedodo,  nyadodo. propre    a    tohe,  blibo;  —  dzadze,  dowu.
P;propriétaire;m;;nuto, nukpola.
P;;;foncier;anyigbato. propriété    î    asimenu,  alome,  ho.
P;prorogation;f;;hehe de megbe, geyigidodo.
P;proroger;vt;;tso nya do nkeke bubu dzi.
P;proscrire;vt;;nya anie le ame de.
P;prosélyte;m;;amesi yi ha bubu me. prospère  a    nusi  yi  dzi  nyuie.
P;prospérité;f;;gakpokpo, dzogbenyuie. prospérer    vi    yi  dzi  nyuie,  zâ,  do  ta. se  prosterner   v    dze  klo.
P;prostituée;f;;matre, gbolo, dzakasi, hampo. se  prostituer    v    wo  matre,  wo  hampo.
P;prostiiution;f;;matrewowo, ahantawowo.
P;prostration;f;;gbodzogbodzo.
P;protecteur;m;;takpola.
P;protection;f;;takpokpo.
P;protectorat;m;;takpokpo.
P;protéger;vt;;kpo ame ta.
P;protestant;m;;protestanteto.
P;protestation;f;;tsitretsitsi de nu nu. protester    vi    tsitre  de  nya  hu.
P;prouesse;f;;kalêwowo.
P;prouver;vt;;do nu kpo, fia nu kote, de nu fia^
P;provenance;f;;dzodzome. provenir    vi    do  go  tso  nu  me.
P;proverbe;m;;lododo.
P;providence;f;;takpokpo, belele.
P;province;f;;anyigba fe akpa ade. pro  —  pun
P;provision;f;;belele; nududu, amenyinu.
P;provocation;f;;nudiadia, nyadada de ame gbo.
P;provoquer;vt;;dzi ge ame no, ku dzi na ame. proximité    î  kuiîe. prudent    a  dzeadanu. prudence    î    adanudzedze,  anvasâ. prune    î    kutsetse  ade.
P;pruneau;m;;kutsetse ade. prunelle    î  nkuvi. pseudo  .  ♦ .    a    awatso  . . . puant    a    wêlilili,  wêku. puanteur    î  wêwêlilili. puberté    î  srôdedemedodo. pubère  (être)    a    do  srôdede  me. public    a    gaglâgbe,  le  gaglâîe. devenir-    di  hô,  di  de  amewo  îe  tome,
P;public;m;;duko, amewo.
P;publicain;m;;nudzola, adzohola.
P;publication;f;;gbefâdede; kpododo; agbalêdzraîe.
P;publier;vt;;de gbe îâ, do kpo ; — dzra agbalê.
P;;;au son du tambour;do ga be ... , îo atopani. puce    î  avomeyoe. pucelle    î  detugbui. la  Pucelle  d'Orléans    Yohanna  kokoe  tso  Arc. pudeur    î    nukpe,  dzadzenono. pudicité    î  dzadzenono. pudique    a  dzadze. puer    vi    wê  lilili,  mumû,  wê  badabada. puéril    a    devito,  devinu. puérilité     î  devinuwowo.
P;puis;adv;;einegbe la
P;puiser;vt;;ku nu, ku tsi. puisque  '  cj    elabena,  be. puissance    î    riusë,  dzidudu,  riutete.
P;puits;m;;vudo, to, tome tsidzidzi, tsidzofe. pulluler    vi    sogbo  de  dzi. pulmonie    î  dzitodzitodo.
P;pulpe;f;;kutsetse îe là.
P;pulveriser;vt;;mê nu wluiwlui. punaise    î    tredzoe,  treyoe,  lâkpakpa,  ga.
P;punir;vt;;he to na ame, tu îevô na ame. pun  —  qua punition    î    tohehe,  îevôhehe. pupille    î    îikudo;  rïkugbe;  devi  si  vvoho  dzi.
P;pupitre;m;;nunlokplô. pur    a    dzadze,  kokoe;  —  son,  atiati. purée   î   dzogbo,  dzogboe,  dzegoli,  ayikplê,  abobo. pureté    l  dzadzenono. purgatif    a    dometsranutike,  dodrotike,  atike  do- droe. purulant    a    de  tsi,  tsideto.
P;purgation;f;;dometsatsra.
P;purgatoire;m;;nutiklodzo. purge    î    dometsratike,  dometsranu,  asrâ.
P;purger;vt;;klo nu ; — na atike dodroe ame. se  purger    v    no  dometsratike;  no  atike  dodroe,  no asrâ.
P;purification;f;;koklo, nutikoklo
P;purifier;vt;;klo nu, tutu nu, sia nu, ko nu nu.
P;purin;m;;mïtsi, adudo.
P;pus;m;;abitsi, abimetsi, ahodrô, tsi. pusillanime    a    vovônoto,  klêno.
P;pusillanimité;f;;vovô.
P;pustule;f;;îoîoe, adi, nuvôe. putréfaction    î    vovo,  îafâ,  nyunyô. entrer  en-    dze  fufu,  dze  nyê,  to  faîa  gome, putréfié    a    îaîâ,  dzenyê.  nyunyô. putréfier    vi,  vo,  dze  nyê,  nyunyô.
Q;pygmée;m;;ame kpui, gezele, akotia. <jiuai    m    wudzeîe;   —  mo.
Q;qualification;f;;riusêkpokpo, nutete, nonomefiafia
Q;qualifier;vt;;do husê ame, fia nu îe nonome.
Q;qualité;f;;nonome, nyonyo, nane îe nyenye.
Q;quand;adv;;gekagi, geyigi si. quand    cj    esi,  esime. quand  même    adv    Isa  (mavvoe  tsâ.) quant  à  moi    cj    ne  nye  enyèe  la.
Q;quantième;m;;gleti fe nkeke. qua  —  qui
Q;quantité;f;;àgbgsosg, lolome, nane îe hehlême. en-    kgekge,  sogbg  hi. quarantaine  î  ang  ame  blane;  —  mghehe,  dodokpo, quarante    a  blaene.
Q;quart;m;;miniti wuiatô ; — akpa enelia; — enelia deka.
Q;quartier;m;;gbgta ; — ngîe, amedzrofe; nutowo me.
Q;quartz;m;;kpetsu. quatorze    a  wuiene. quatre    a  ene. quatre-temps    mpl    nubabla  kple  lâmaduzâwo  le  îè îe  akpa  eneawo  me. quatre-vingt    a  bîaenyi. quatre- vingt  dix    a  blaasieke. quatrupède    î    la  afonee. que     cj    be,  bena  ;  —  nusi. ne  que    ko,  deko,  dede  ;  menye  ...  ko,  ke  bon . . . que  si    gake  ne. quel    a  ka. quelconque    a    de,  desiade. quelque    a  ade,
Q;quelquefois;adv;;geadewogi, gbeadewogbe.
Q;quelqu'un;pr;;ame ade. quémander   vi    bia  nu  (to  kukudede  kple  îudename me). querelle    î    dzrè,  anukutsgtsg,  adikadodo. chercher  -à  q.    dzi  ge  îe  ame  nu.
Q;quereller;vt;;wo dzrè kple ame, he nya, tso anuku. querelleur    a    dzige,  dige,  lôdzre,  dzrewgla. question    î    biabia,  —  îukpekpe. adresser  une-  à  q.    bia  nya. presser  q.  de-  s    kpg  nù  me  na  ame. appliquer  à  la-    fia  îu  ame  vevie.
Q;questionner;vt;;bia nya, bia ame se. quête    î    nudzgdzg  ;  —  dzidzi,  emedzodzro. quêter    vi    dzg  nu. queue    î    asike  ;  ble  (oiseaux);  daîoîo. remuer  la-    nyê  asike.
Q;qui;pr;;ameka ; — amesi, si, amesiwo. qui  vive  !    int    ameka  ye  ! qui  —  rac
Q;quiconque;pr;;amesiame, amesike, ame ade.
Q;quiétude;f;;fafa.
Q;quille;f;;fefenu, atigbo, gbo.
Q;quille;f;;wugome, wu îe kpo.
Q;quinine;f;;asrâtike, kinin. quinzaine    î    kwasida  eve  ;  ano  ame  wuiatô. quinze    a  wuiatô.
Q;quintessence;f;;tù.
Q;quittance;f;;dasedigbalê, dasegbalê.
Q;quitter;vt;;gblê nu di, de asi le nu nu, de nu da  ;  dzo.
Q;;;un emploi;de dokui da le nu me.
Q;;;le;lit fô.
Q;;;un lieu;wu (wu le Lome yi Aneho.). se  quitter   v   klâ  ame,  dzo  le  ame  gbo.
R;quoi;pr;;nuka, nusi. quoique    cj    togbo  be,  ne  ga  nye  be,  esi  wo  nye be. quotidien    a    gbesiagbe  nu.
R;rabais;m;;asidede, dzidede.
R;rabaisser;vt;;de nu dzi.
R;;;les prix;de asi dzi.
R;;;Porgueil de q.;bobo ame de anyi. se  rabaisser   v    bobo  dokui.
R;rabattre;vt;;didi nu, de nu dzi.
R;rabot;m;;atikpaîi, atimêfi, atikpanu.
R;raboter;vt;;kpa ati, zrô, îlo nu nu. raboteux    a    dadra,  klitsa.
R;racommodage;m;;nukâkâ, avokâkâ, nudzadzrado.
R;racommoder;vt;;ka nu, do nu do, tsri (ta) nu.
R;raccord;m;;dekawowo, nubabla.
R;raccorder;vt;;kpe nu, sa ko.
R;raccourcir;vt;;wo nu kpuie, gbo kpui nu, de nu di,  kpa  nu  ta.
R;raccrocher;vt;;gaku nu de nu nu, gatsi nu. se-  à  qc.   bla  de  nu,  bala  de  nu. rac  —  rai race    î    amefome,  fomevi,  dzodzome.
R;rachat;m;;amedede, gatsoléafo, — nugbugofle. prix  de-    amedeho,  gatsoléafoga,  nugbugboîleho.
R;racheter;vt;;tso ga lé aîo na ame; gbugbo nu fié.
R;;;q.;ho ame, de ame. racine    î  ke. prendre-    to  ke,  li  ke. raciner    vi    to  ke,  li  ke.
R;râcler;vt;;îla nu, îlo nu, kuko nu:
R;raconter;vt;;gblo nya fia ame, hlê nya fia, to nya.
R;;;qc. en détail;fo nya me dekadeka.
R;raconteur;m;;gblola, tola, nyatola.
R;rade;f;;wudzeîe.
R;radeau;m;;todzizoti, \vu. radical    a    tso  ke  me,  keiiketi,  blibo. radieux    a    dadzo,  keklê,  nlêrilê.
R;radicule;f;;akulsa, ke sue.
R;radis;m;;amâ de.
R;radotage;m;;îânyagbogblo. radoter    vi    îo  nu  bloblobîo,  fo  nu  kpotuikpotui.
R;radoteur;m;;lânyagblpla.
R;radoucir;vt;;fa nu nu, tsi nu nu.
R;radoucissement;m;;fafa.
R;rafale;f;;ahomu.
R;raffermir;vt;;do nusê de dzi.
R;rafle;f;;adzodada.
R;rafraîchir;vt;;fa ko na ame, wo nu fafe, na gbo- dzoe. se  rafraîchir    v    gbo  de  eme,  gbo  dzi  di.
R;rafraîchissement;m;;gbodeme, dzidede, fafa.
R;rage;f;;adâ, nyanyrâ, adâwowo. rager,  vi    wo  adâ,  nyrâ,  dze  agbo.
R;ragoût;m;;nududu, akplê. raide    a    dzeti,  kpadi  ;  —  trogbo,  diabu.
R;raideur;f;;tidzedze ; — atrikuku.
R;raidir;vt;;lia nu, lio nu. se  raidir   v    lia,  dze  ti,  lio  ;  —  no  nya  dzi.
R;raie;f;;fli, flu, flui ; — nulë. faire  la-    fe  da  me.
R;rail;m;;gati^ anyigbawumoti. rai  —  ran
R;railler;vt;;du fewu le ame nu, ka ahatse le ame nu.
R;raillerie;f;;alomedede, fewududu, ahatsekaka, ame- koko.
R;railleur;m;;alçmedela, ainekola. rainure    î  tsiatsiaîe.
R;raisin;m;;vêkutsetsekpo.
R;raison;f;;gomesese ; — tame, tagbo, nyasâ. à  plus  forte-    aleke  wu. demander-  à  q.    he  nya  de  ame  îiu. rendre-  à  q.  de  qc.    do  nya  nu  na  ame. atteindre  l'âge  de-    le  ame  me,  do  ame  me. j'ai-    tonye  dzo. •  avoir  -de  q.    du  ame  dzi. raisonnable    a    nusi  so  kple  nunya,  nusi  edzo.
R;raisonnement;m;;tamesusu,
R;raisonner;vt;;-f vi, bu tame,
R;rajuster;vt;;gadzra nu do.
R;râle;m;;hlilidodo. râler    vi    do  hlili,  fie  kutokutoe,  tra  dzi  do.
R;rallier;vt;;gbugbo îo îu. se  rallier    v    gbugbo  kpe  ta.
R;rallumer;vt;;gado dzo, gasi dzo.
R;ramage;m;;ka, seîoîo; — heviwo îe hadzidzi.
R;ramasser;vt;;îo nu eîu, îo nu, lo nu, ko nu, ha nu. se  ramasser    v    îo  îu,  kpe  ta. rame    î    vvukuti,  atablu,  kotoklo.
R;rameau;m;;alodze, adeîô. dimanche  des-  x    adeîôwoho  kwasidagbe.
R;ramener;vt;;gbugbo nu va.
R;ramer;vt;;de wu ame. ramer    vi,  ku  Wu.
R;rameur;m;;vvukula, wukuvi.
R;ramollir;vt;;de nu tsi. wo nu boboe. se  ramollir    v    gbodzo,  tu.
R;rampe;f;;atrakpuisileîe. ramper    vi    ta,  ta  minyâminyâ. ramure    î    lâdzowo,  todzowo. rance    a  kpokpo. rancœur    î    dziku,  domedzui. ran  —  rap rançon    î    gatsoleafoho,  ametamenu,  amedede.
R;rançonner;vt;;bia gatsoleaîoho (amedehoj.
R;rancune;f;;hlôdzidzi, adika, dzibibi, kelélé. garder  de  la-  lé  ame  de  dome,  lé  ame  de  ke  me.
R;rang;m;;akasa, dodo, ka. en-    agbakagbaka,  alaba,    —  mido  ! en-  s  serrés    nu  dome  tsitsi. marcher  en-    zo  le  ka  me,  zo  le  lika  nu. à  son-    le  akasa.  nu. avoir  le-  sur  q.    du  gâ,  du  ame  dzi.
R;ranger;vt;;do nu de akasa nu, do nu de teîe. ranger    vi,  no  akasa  nu.
R;ranimer;vt;;gbo agbe ame, nyê nu. rapace    a    da  adzo,  lénu. rapacité    î    adzodada,  nulélé. râpe    î    fite,  tsite,  nuliga.
R;rapétisser;vt;;de nu le nu me, kika nu ka. rapide    a    kaba,  dabla. rapidité    î    kabawowo,  abladede. rapiécé    a  kaka.
R;rapiécer;m;;do nu do, ka nu.
R;;;un habit;ka avo. rapine    î  adzodada.
R;rappel;m;;yoyo; — nkudodo nu dzi.
R;rappeler;vt;;yo ame gbugbo, ve, yo ame tro va. essayer  de  -q.  à  la  vie    nyê  ame.
R;;;q;de ame nu me.
R;;;qc. à q.;do nu nu na ame. se-  qc.    do  riku  nu  dzi,  nku  le  nu  dzi.
R;rapport;m;;nyatakaka, riutinyagbogblo, nyatoto ; —  vide. faire  un-    nlp  nya  fia  ame.
R;rapporter;vt;;ka nya ta, gblo nutinya ; — nu ga ame,  gbugbo  nu;  —  wo  apasa,  sa  sakpli; zo  ame  gome. s'en-  à  q.    ka  de  ame  nu.
R;;;une loi;tu se. cela  se  rapporte  à  lui    ekae,  etso  egbo.
R;rapporteur;m;;sakplito, sakplisasa, sakplisala.
R;rapprocher;vt;;tè nu de nu nu. se  rapprocher   v   gogo,  te  de  ame  gbo. rap  —  rav
R;rapt;m;;amesisi, amefifi. rare   a   masogbo,  beblL  vlavo,  ve  (tsi  le  vevem).
R;rareté;f;;ziaziâ, hiâtutu, nu veve. ras.  a  bebe,  koko,  kokloe.
R;raser;vt;;lu gè na ame ; — mû nu îu anyi, te nu.
R;rasoir;m;;gèlûhe, sewpyi.
R;rassasiement;m;;îodidi, îododo. rassasiement  îodidi.
R;rassasier;vt;;di îo na ame, do îo na ame. rassasié    a  diîo. se  rassasier    v      di  îo,  do  îo.
R;rassemblement;m;;îuîoîo, takpekpe.
R;rassembler;vt;;fo nu îu, tso nu fo îu. se  rassembler    v    îo  îu,  kpe  ta,  di  anyi. se-  autour  de  q.    îo  ko  de  ame  riu. rassurant   a    dédie,  dedzieîo.
R;rassurer;vt;;îa dzi na ame, de dzi elo na ame. se  rassurer   v    gbo  de  me,  gbo  dzi  di.
R;rat;m;;alegeli, aleli, kiti, golo, dzaka, zâto. se  ratatiner    v    to  de  me,  si. rate    î  adeemedui.
R;râteau;m;;lâkleîe, gaha.
R;râteler;vt;;tso lâkleîe lo anyigba, wo do kple gaha.
R;rater;vt;;da îu anyi, da îu, bç.
R;râtelier;m;;lânudunu.
R;ratière;f;;alegelizâ, alegelimô. ratification    î    kakadedzi,  kelili.
R;ratifier;vt;;li ke de nu dzi, do kpe nu dzi. ration    î    nkeke  nududu. rationnel    a    nusi  so  kple  nunya.
R;ratisser;vt;;îla nu, îlo nu le nu riu, kuko nu.
R;rattacher;vt;;gabla nu, ga gbugbo bla nu.
R;rattraper;vt;;ho nu, tu, kpe nu, galé ame.
R;rature;f;;îli.
R;raturer;vt;;te fli de nu me. rauque  (voix)    gbe  me  ha. avoir  la  voix-    gbe  me  he.
R;ravage;m;;gbegblê, tsyotsvrô.
R;ravager;vt;;gblê nu, tsyrô nu. Vocabulaire  21 rav  —  réc
R;ravaler;vt;;bobo nu; — (maison) hi ho, dig, ho. se  ravaler    v   bobo  dokui. rave    î  avadze. se  ravilir    v    bobo  dokui  de  anyi.
R;ravin;m;;agame, we, a^lime.
R;ravir;vt;;wli nu ame si, da adzo.
R;;;(enchanter);du lame na ame, dze ame nu.
R;ravissement;m;;vivisese, dzidzokpokpo. se  raviser    v    tro  tame, se  ravitailler    v    hetse  dokui,  nvi  afu.
R;raviver;vt;;gbo agbe ame, nyë.
R;;;le îeu;îlo dzo do, do îuîu de dzo.
R;ravoir;vt;;gaho nu, gbugbo nu ho. rayé    a  îliklaleklale.
R;rayer;vt;;si nu, si nu kpiekpie.
R;rayon;m;;keklê, getotoe.
R;;;de miel;anyigba, anyihe. rayonner    vi,  klë,  dà  dzo,  si  dzo,  di  ko. razzia    î    adzodada,  adzowa. faire  une-    wo  adzowa.
R;réaliser;vt;;wo nu blibo, wo nu de nu. se  réaliser    v    va  eme,  va  veme,  do. réalisation    î    emevava,  dziwowo. réalité    î    nya,  nyateîe. réapparaître    vi,  gbugbo  va  do.
R;rebaptiser;vt;;gade mawutsi ta na ame.
R;rebâtir;vt;;gatu ho.
R;rebattre;vt;;gaîo nu.
R;rebelle;m;;aglâdzela. rebellion    ï  aglâdzedze. rebondir    vi    gadzo  kpo,  lu,  îo  le  nu  dzi.
R;rebord;m;;to, nu, koto, rebrousser  (chemin)    tro  gbo,  gbugbo  va.
R;rebut;m;;nu gbegblê; — gbegbe.
R;rebuter;vt;;gbe ame, tsri ame.
R;;;q.;nyâ ame da, te ame da.
R;recèlement;m;;nugagla.
R;recéler;vt;;gla nu, wlo nu.
R;receleur;m;;nuglala.
R;récemment;adv;;nyitso, eteîe medidi o. rec  —  rec
R;recensement;m;;dukg îe hehlême, nu hehlêkpo.
R;recenser;vt;;îilô dukowo ïe hehlême.
R;recenseur;m;;hlêla. récent    a    yeye,  nyiisoto.
R;réceptacle;m;;fufofe, takpeîe. réception    î  hgho. faire  une  bonne-  à  q.    hp  ame  atu,  wo  amedzro na  ame. recette    î    gadudu,  vide,  hoho,  asiîeîle.
R;receveur;m;;nuhola, nudzoîa.
R;recevoir;vt;;ho nu, kpo nu. recevoir  q.  dans  une  société    ho  ame  de  ha  me.
R;;;le baptême;ho mawutsideta.
R;rechange;m;;teîedodo. réchapper    vi,  gâ  le  nu  me,  gaga.
R;;;d'une maladie;gâ le dolélé me.
R;recharger;vt;;gbugbo gakpe awa.
R;;;un fusil;gasika tu.
R;;;une voiture;gatso liu de tasiadam me.
R;réchauffer;vt;;gaîu dzo, haha dzo nu.
R;;;des aliments;do nududu dzo dzi.
R;;;q.;de dzo lâme na ame. se  réchauffer    v    fu  dzo.
R;recherche;f;;nu me dzodzro, dodokpo; atsyô. être  à  la-  de  qc.    dzi  nu,  dzi  nu  ve. faire  des-  s    dzro  nu  me,  do  nu  kpo.
R;rechercher;vt;;dzro nu me, bia nu ta, ti nu yome.
R;;;q.;bia ame ta se, do ame gortie kpp.
R;;;une fille en mariage;bia nyçnuvi ta. rechute  (avoir  une-)    dze  dzefodzefoe,  tro.
R;récif;m;;tomekpe, akpâ.
R;récipient;m;;nudzradonu, ganu. réciproque    a    ame  noeawo.
R;réciproquement;adv;;tso akpa eve.
R;récit;m;;nyatoto, gli.
R;réciter;vt;;gblo nya, hlê nu tso tame,
R;réclamation;f;;haha; — deklemidede; — nuhohlô.
R;réclamer;vt;;de deklemi, bia nu ta.
R;réclusion;f;;gahomedede.
R;écognition;f;;sidzedze. 21* rec  —  rec recoin    ni  bebefe.
R;recoller;vt;;gadrê nu, gatre nu. récolte    î    nuhaha,  nurierie,  nudede,  nudegi. seconde-     miânyi   (de  miânyi). faire  la-    ha  nu,  de  nuku.
R;récolter;vt;;rie nu, de nu. recommandation    î  kaîukaîu.
R;recommander;vt;;kaîu ame na ame.
R;;;qc. à q.;de nu asi na ame, kafu nu na ame.
R;recommencer;vt;;gbugbo dze gome, récompense    î    fetutu,  adzo,  tefedodo,  nunana.
R;récompenser;vt;;na nunana, na fetu, do tefe, he îetu  nyuie.
R;recompter;vt;;hlê nu kpo. réconciliation     î     avulélé,  kpatakpata.
R;réconcilier;vt;;lé avu, kpata ame, do nu na ame. se  réconcilier    v    do  nu  kple  ame.
R;réconfort;m;;akoîafa, riusêdodo.
R;réconforter;vt;;fa dzi na ame, do riusê ame.
R;reconduire;vt;;kplô ame do da, do ame da le mo dzi.
R;reconnaissance;f;;akpedada, sidzedze, dodokpo. reconnaissant    a    akpedato,  dakpe.
R;reconnaître;vt;;dze si ame, bia nu ta se, \vu me.
R;;;qc.;lô de nu dzi.
R;reconstituer;vt;;do nu do, dzra nu do.
R;reconstitution;f;;dododo, dzadzrado.
R;reconstruire;vt;;gbugbo gatu ho se  recoucher    v    gbugbo  gamlo  anyi.
R;recourber;vt;;glô nu, bi, bo, hâ nu goba, nyê nu. recourir    vi    gafu  du.
R;;;à q.;si ame tso.
R;recours;m;;sietsoîe, sisife.
R;recouvrement;m;;felïlï, nugbugbokpo, nugbugboho.
R;recouvrer;vt;;gaho nu.
R;;;une somme;lï îe ame.
R;;;la santé;haya, ka de me.
R;;;les sens;do ame me. recouvrir  de  qc.    tso  nu  sa  nu  dzi.
R;récréation;f;;gbogbodeme, didideme.
R;recréer;vt;;gawo nu. réc  —  red se  récréer    v    gbo  de  me,  di  de  me. se  récrier   v    do  gli. se-  contre    isitre  de  nu  nu. recrue    î    dzidzi  de  dzi;  —  gbadagba.
R;recruter;vt;;tso awa ; — do nu do, do nu teîe.
R;recteur;m;;kplola, sukugâ îe nuîiala gâ. rectitude    î  dzodzo.
R;rectifier;vt;;do nu do. rectification    î  dododo.
R;rectum;m;;anlome, miefime, kplê.
R;reçu;m;;nuhodasegbalê.
R;recueillir;vt;;fo nu, ho nu, îo nu efu.
R;;;une succession;du dome, nyi dome,
R;recul;m;;megbedede, megbeyiyi. reculer    vi,  tro  yi,  yi  megbe.
R;reculer;vt;;do nu de megbe. reculons  (aller  à-)    zo  megbemegbee,  zo  gbugbo  de megbe.
R;récupérer;vt;;gaho nu.
R;récurer;vt;;klo nu, kpala nu. se  récuser    v  gbe.
R;récusation;f;;nugbegbe. rédaction    î  agbalêrionlo.
R;reddition;f;;tsoiso de asi, tanana. Rédempteur   m    Delà,  Hpla. rédemption    î    dede,  hoho. redescendre    vi,  gbugbo  va  anyigba.
R;redevance;f;;adzo.
R;rédiger;vt;;rilo nu.
R;redingote;f;;dziwui gâ.
R;redire;vt;;gagblo nya, avoir    qc.  à-    he  nya  de  nu  nu.
R;redonner;vt;;gana nu.
R;;;du courage à q.;gade dzi eîo na ame.
R;redoubler;vt;;gadzi nu de dzi; — do nusê de dzi. redoutable    a  dzirio.
R;redoute;f;;akpohonu, tavvligli.
R;redouter;vt;;vô nu.
R;redressement;m;;nudododo. 322  red  —  reî
R;redresser;vt;;do nu do.
R;;;q.;ka mo na ame.
R;réduction;f;;wêwpwo ; — asidede nu dzi.
R;réduire;vt;;gbugbo nu de megbe.
R;;;(rendre plus petit);wo nu wôazu sue alo wë.
R;;;(diminuer);de nu le nu dzi.
R;;;(changer);tro nu.
R;;;en poudre;mê nu kakekake, tu nu wôazu wo,
R;;;(vaincre);du nu dzi, te ame de anyi.
R;réduit;m;;hovi.
R;réédifier;vt;;gbugbo gatu ho. réel    a    va  va.
R;refaire;vt;;gawo nu. se  refaire    v    haya,  gâ  le  dolélé  me.
R;réfection;f;;nududu ; — dzadzrado, dododo.
R;réfectoire;m;;nuduho.
R;référence;f;;totro de nya gbo (nuti).
R;référer;vt;;tro de nu gbo (nuti).
R;réfléchir;vt;;susu tame, dè nugblë, de ta anyi. je  vais-  la  dessus    mabu  enu  akpo,  mayi  susui kpo.
R;refléter;vt;;da dzo.
R;réflexion;f;;tamebubu, riugblëdede, nunutibubu; — dzodada.
R;;;d'une image;luwo, nonometata.
R;reflux;m;;fumiemie ; — kedidi, nutsetse. refluer    vi    mie,  de  nu,  fu  la  di  ke.
R;refondre;vt;;tro nonome.
R;refonte;f;;nonometotro.
R;réformateur;m;;nugbegblêdolado, nudolado.
R;réformation;f;;dododo.
R;réforme;f;;dododo.
R;réformer;vt;;do nu do, dzra nu do.
R;refouler;vt;;do nu de megbe, tu asi nu de megbe, tutu.
R;;;Pennemi;nya futowo, té futowo.
R;refrain;m;;hadzidzi îe akpa si wogbugbo dzina.
R;refréner;vt;;he nu de megbe.
R;réfrigérer;vt;;fa nu, dzro nu.
R;refroidir;vt;;îa nu, wo nu fafe. se  refroidir   v    vuvo  do  ame,  vuvo  wo  ame. ref  —  règ
R;refroidissement;m;;wodi, vuvo.
R;refuge;m;;sietsofe. se  réfugier   v   si,  dzo. se-  chez  q.    si  ame  tso.
R;refus;m;;gbegbe, nuteame.
R;refuser;vt;;gbe nu na ame, tè nu ame.
R;;;de travailler;gbe dowowo.
R;réfuter;vt;;tsi tre de nya nu.
R;regagner;vt;;gaho nu, gakpo nu.
R;;;ses;foyers gbugbo yi aïe.
R;régal;m;;kplôdodo, aglotutu.
R;régaler;vt;;wo amedzro na ame, do kplô na ame.
R;;;q. de qc.;do dzidzo na ame kple nane.
R;regard;m;;kpokpo, nkulélé de nya nu.
R;regarder;vt;;kpo nu, kpo nu da, lé nku de nu dzi.
R;;;(concerner);di, ga, hiâ, ka ame, tso ame gbo.
R;;;bouche béante;kpo nu yâ.
R;;;en arrière;nyê ko, kpo megbe.
R;;;fixement;kpo nu dû, kpo nu ho.
R;;;furtivement;fi nu kpo.
R;;;de tous côtés;tsâ nku (mlamlamla, lialialia).
R;;;devant soi;kpo rigo.
R;;;q. en pitié;kpo ziâ (hiâ) na ame.
R;;;q. de haut;da de ame dzi. se  regarder    v    kpo  dokui,  bu.
R;régence;f;;fiadudu, dzidudu.
R;régent;m;;dzidula, fiadula.
R;régénération;f;;gbugbogadzi, yeyewowo.
R;régénérer;vt;;wo nu yeye, gbugbQ gadzi nu.
R;régicide;m;;fiawula. régimber    vi,  tsi  tre  de  nu  nu.
R;;;(cheval);da afokli.
R;régime;m;;dzidudu, dodo ; — nududu îe dodowo
R;régiment;m;;gbadagbawo fe ha.
R;région;f;;nutowo me, anyigba fe akpa. régional  a  (école  -e)    dzidudu  fe  suku,  fiasuku.
R;régir;vt;;du nu dzi.
R;régistre;m;;agbalê, nkogbalê, rikoyogbalê.
R;règle;f;;dodo, sé, mo; — fliteti; — ko. en-  générale  godo. selon  les  -s    le  dodo  nu,  le  sé  nu. règ  —  réj battre  q.  dans  les  règles    gbe  nya  na  ame. règles    îpl    asidodoanyi,  aloneiie,  dzinukpokpo.
R;règlement;m;;sé, dodo.
R;;;de;compte numebubukpo.
R;réglementer;vt;;do nu, de sé.
R;régler;vt;;do nu do, do nu; — te f li de nu dzu
R;;;un compte;bu nu kpo, bu nu me kpo.
R;;;un différend;lé avu.
R;;;une affaire;fo nya ta.
R;réglisse;f;;gbetike.
R;règne;m;;fiadudu. régner    vi    du  fia,  du  anyigba  dzi.
R;;;(maladie);do gbâ de du me. regorger    vi    gbagba,  gbugba,  do,  sogbo  wu  nu.
R;regret;m;;vevedodo; dzimetotro. à  mon  grand-    evem  nutp. regrettable    a  nublanuito.
R;regretter;vt;;nu ve ame, fa konyi de nu ta.
R;;;ses péchés;nuvôwo ve ame.
R;régulariser;vt;;do nu, so nu kple se.
R;régularité;f;;dodo le sé nu, soso. régulier    a    le  dodo  nu.
R;rehausser;vt;;ko nu de dzi, do nu de dzi.
R;réimprimer;vt;;gâta agbalê. rein  .  m    ayiku,  ayikoyikoe.
R;reine;f;;fiasrô, nyônufia. la-  du  ciel    dzifo  nyônufia  :  Maria,
R;réinstaller;vt;;gado anyi, li.
R;réintégrer;vt;;gado anyi.
R;;;q. en prison;gade ame gaho me.
R;réitérer;vt;;gbugbo wo nu. rejaillir    vi    fu,  kli,  hlê.
R;rejet;m;;gbegbe.
R;rejeter;vt;;gbe nu, tso nu îu gbe.
R;;;Pennemi;nya futowo.
R;;;la faute sur q.;mli nya da de ame dzi.
R;rejeton;m;;do, alo, dzedze; — dzidzimevi. rejetonner    vi,  to  do,  to  alo,  de  do.
R;rejoindre;vt;;kpe nu, tsia nu, wo deka; he ame le  mo  dzi.
R;réjouir;vt;;do dzidzo na ame. réj  —  rem se  réjouir    v    kpo  dzidzo  le  nu  nuti,  do  vivi  de nu  nu.
R;;;aux dépens de;du îewu le ame nu.
R;réjouissance;f;;dzidzokpokpo, agbedudu. relâche    î    dzudzo,  gbodeme,  dideme. sans-  atimadi.
R;relâchement;m;;nudedi, gbodzogbodzo.
R;relâcher;vt;;dzobo, gudu, botsoi; — de asi nu nu.
R;;;q.;de asi le ame nu, de ame gahome. se  relâcher    v    gbodzo,  dedi  te  ame.
R;relater;vt;;gblo nya fia. relatif  (être)    a    ku  de  nu  nu,  tso  le  nu  nu.
R;relation;f;;gbogblo, nyatakaka. entrer  en-  avec  q.    kpo  ame,  alo  nlô  agbalê  na ame  tso  nu  nuti. relaxation    î    gbodzogbodzo,  dzobodzobo,  nudedi.
R;reléguer;vt;;nyâ (ame le anyigba dzi). relevailles    îpl    vidzila  îe  yayirahoho  le  vidzidzi megbe.
R;relever;vt;;gaîo nu de tsitre, gako nu de dzi.
R;;;le courage de q.;de dzi eîo na ame. se  relever    v  gaîo. se-  de  maladie   haya,  ka  de  me.
R;relier;vt;;gabla nu ; — tre agbalê.
R;relieur;m;;agbalêblala. religieux    a  vômawu.
R;religieux;m;;sadagahomenola, sadagato.
R;religion;f;;mawusubosubo, konu ; entrer  en-    yi  sadagahome,  tro  zu  sadagato. la  vraie-    hose  vavâ,  ha  vavâ. acte  de-  hose-me-dowona.
R;reliquaire;m;;nugblëdi kokoe îe adaka nyuie. relique.   î    nugblëdi  kokoe.
R;relire;vt;;gahlë nu. reliure    î    agbalêblafe,  agbalëbabla,  agbalênutinu. reluire    vi    da  dzo,  klë,  ko,  di. reluisant    a    dadzo,  keklê.
R;remanier;vt;;do nu do, gaka asi nu nu. remarquable    a    tohe,  wonuku,  sogbo. remarque    î    sidzedze,  nu  si  nuti  woalé  hku  do^
R;remarquer;vt;;kpo, dze si; — gblo nya, dze si nu. rem  —  rem se  rembarquer    v    gado  vîu.
R;remblai;m;;anyikpo, kpo koko legbê.
R;rembourrer;vt;;îe avo de nu dzi, de golo nu, de nu  nu  me.
R;rembourser;vt;;gbugbo na nu, gbugbo tu îe.
R;remède;m;;atike, amedenu, nusi do nu do. remédier    vi,  de  nu  da,  do  nu  do.
R;remercîment;m;;akpedada.
R;remercier;vt;;da akpe na ame.
R;remettre;vt;;gado nu anyi, tso nu de asi na ame. •  qc.  à  neuf    wo  nu  yeye,  dzra  nu  do.
R;;;qc.;he nu de nkeke bubu dzi.
R;;;q.;îa dzi na ame.
R;;;le cœur à q.;de dzi eîo na ame.
R;;;son habit;gado awu.
R;;;qc. en mémoire à q.;do nku nu dzi na ame. se  remettre    gbo  agbe,  nyi,  ka  de  eme. se-  au  travail    gadze  dowowo  gome, se-  au  lit    gamlo  anyi. se-  en  marche   gadze  mo  dzi,  yi  dzi. s'en-  à  q.  de  qc.    do  nu  de  ame  nu,  de  nu  asi na  ame. reminiscence    î    nku  dodo  nu  dzi. remise    î    tsotso  de  asi,  tso  dikpo  ;   —  agbaho, akpata.
R;remiser;vt;;tso nu de akpata me. rémission    î  tsotsoke.
R;;;des;péchés nuvôwotsotsoke.
R;remonter;vt;;gayi dzi. galia nu.
R;;;une montre;tro gaîodokui, na ka gaîodokui.
R;;;à cheval;gado so. remontrance    î    nuhohlô,  rikumekaka. faire  une-  à  q.    ka  mo  na  ame.
R;remorquer;vt;;he wu.
R;remoudre;vt;;gagbâ bli, ganyô bli, gatu wo.
R;rémouleur;m;;kapenyrela, henyrela, nunyrela.
R;remous;m;;adawla, libla, adawu.
R;rempart;m;;anyikpo. kpo' koko legbê.
R;remplacer;vt;;do teîe na nu, ho de ame tefe.
R;;;se remplacer;v doli teîe, dudo teîe.
R;remplacement;m;;teîehoho. rem  —  ren
R;remplir;vt;;yo nu, wo nu blibo, flo nu, Ho nu.
R;;;la place de q.;no ame tefe.
R;;;sa promesse;wo de nya dzi.
R;;;la;fumée remplit la maison, dzudzg ho la me,
R;remporter;vt;;Isg nu yi, de nu da.
R;;;la victoire;du nu dzi, du dzi.
R;remuer;vt;;wa nu, blu nu.
R;;;les esprits;to zi.
R;;;la queue;nyê asike. (se)  remuer    wa,  wa  dokui. rémunération    î    îetu,  adzo,  nunana.
R;rémunérer;vt;;na îetu. renaître    vi,  gadzi.
R;;;à;la vie haya,
R;renard;m;;abe, abei, woglâ, watakle. renarde    î  abeno.
R;renardeau;m;;abevi. renchérir    vi,  lia  nu  fe  asi.
R;rencontre;f;;kpekpe, gododo, anyididi. aller  à  la-  de  q.    yi  dakpe  ame. rencontrer    tso,  kpe,  do  go  ame,  kli  ame.,  ke  de ame  nu,  îo  go  ame.
R;rendement;m;;vide, wâwâ.
R;;;des;champs agblemenu.
R;rendez-vous;m;;takpekpe.
R;rendre;vt;;gbugbo na nu, tso nu de asi na ame.
R;;;la liberté à q.;de ame le ga me.
R;;;la vie à q.;ho ame de agbe.
R;;;compte;to nya, tsi nya.
R;;;grâces;da akpe.
R;;;témoignage;di dase le nu (ame) nu.
R;;;visite à q.;kpo ame da.
R;;;q. heureux;do dzidzo na ame.
R;;;le;dernier soupir ku. se-  chez  q.    kpo  ame  da. rêne    î    lâkploka,  sokploka  ;  numega,  ka.
R;renégat;m;;godzela, aglâdzela, — hosegbela.
R;renfermer;vt;;ha nu, de to de nu nu.
R;renforcer;vt;;do nusê de dzi.
R;renfort;m;;dzidzi de dzi. ren  —  ren se  renfrogner    yo  mo,  hlô  rikume. se  rengorger    ko  dokui  de  dzi.
R;renîment;m;;nusesê nugbegbe.
R;renier;vt;;sê nu le nu nu, gbe nu (ame).
R;;;sa foi;gbe hose, renifler    vi,  gbo  wê  se.
R;renifler;vt;;wê nu se.
R;renne;m;;la ade.
R;renom;m;;riko, rikohoho, nyonyo de du. bon-    riko  nyuie. mauvais-    nko  vlo,  riko  gbegblë. faire  un  mauvais  -à  q.    gblê  ame  riko,  ta  ame. avoir  un  bon-    nyo  de  du,  ho  riko,  ame  riko  di hô.
R;renommée;f;;riko nyuie, rikohoho.
R;renoncement;m;;asidede le nu nu, gbegbe, dokui- dede  le  nu  me. renoncer    vi,  de  asi  le  nu  nu,  gbe  nu  ;  de  dokui tso  nu  me.
R;renonciation;f;;asidede, gbegbe, dokuidede le nu riuti.
R;renouer;vt;;gabla nu.
R;renouveler;vt;;gawo nu yeye.
R;;;qc. à q.;do riku nu dzi na ame.
R;renouvellement;m;;yeyewowo.
R;renovation;f;;yeyewowo.
R;renseignement;m;;nya, nufiafia.
R;renseigner;vt;;fo nya me na ame, de nya me. se  renseigner    v    bia  nu  se,  bia  nu  ta  se. rente    î    gahoho,  adzo.
R;;;foncière;anyigbanu.
R;rentrée;f;;totrogbo, gbogbo, afeyiyi. rentrer    vi,  tro  gbo,  gbo,  do  aïe. tomber  à  la  renverse    tro  gbo  dze  anyi.
R;renverser;vt;;mû nu fu anyi, gli nu fu anyi, te nu  de  to.
R;;;qc. en courant;fu du hlâ nu de anyi, lo nu îu anyi.
R;;;q.;lo, (îo) ame îu anyi, da nu ame.
R;renvoi;m;;amedededa, nyanyâ ; — nuhehe de me- gbe. ren  —  rép
R;renvoyer;vt;;gbugbo nu do da, — he nu de megbe.
R;;;q.;do ame de aïe, do ame da.
R;réorganiser;vt;;gado nu anyi.
R;repaire;m;;sietsofe, bebefe, mloîe. repaître    vi,  du  nu.
R;repaître;vt;;na nududu ame.
R;répandre;vt;;ka nu, kaka nu, hlê nu, keke nu^ vCuwu  nu.
R;;;une nouvelle;keke nya ta.
R;;;du sang;ko wu de anyi.
R;;;des larmes;fa avi. se  répandre    keke  ta,  zo se-  en  plaintes    îa  konyi. le  bruit  se  répand   nya  la  kaka  de  amewo  dome, reparaître    vi,  gado,  gadze.
R;réparation;f;;dzadzrado, teîedodo, kukudede.
R;réparer;vt;;dzra nu do, do nu teîe.
R;;;un canot;he lêwu.
R;;;un mur;tre gli. repartie    nudodo,  —  nudede. repartir    vi,  ho  nu  dzi,  do  nu  dzi.
R;;;(partir);gadzo, gadze mo dzi.
R;répartir;vt;;ma nu, mâ nu me.
R;répartition;f;;mamâ.
R;repas;m;;nududu.
R;repassage;m;;awudzidodo. repasser  (linge)    vt    do  ga  avo  dzi,  li  ga  avo  dzi. repasser  le  fleuve    îo  to,  de  to,  tso  to.
R;;;qc. à q.;gatso nu na ame.
R;;;qc.;gawo nu, gasrô nu, gahlë agbalê.
R;repasser;vt;;gatro gbo. fer  à-    m  nudzidoga,  awuliga,  awu  dzi  doga.
R;repentance;f;;dzimetgtro, veve. se  repentir    v.    trg  dzinte,  se  veve  le  lu\vo  me  de nu  ta. je  m'en  repens  evem.
R;repère;m;;dzesi.
R;répéter;vt;;gbugbo gblo nya, do dzi, gawo nu, gagblo  nu.
R;répétition;f;;nyagbugbçgblo, nugbugbowo. rép  —  rep
R;répit;m;;dzudzo, gbegblêdi : vovo. n'avoir  pas  de-    mevo  kloa  o.
R;repli;m;;rionlo; rierie; anyikpo.
R;replier;vt;;ganfo nu. nyê nu, garie nu, to gû. se  replier    vt    gbugbo  yi  (de)  megbe. réplique    î    nudodo,  adikadodo,  anukutsotso. répliquer    vi    do  riu,  to,  ho  nu  dzi. répondre    vi  -H  vt  :    do  nu,  ho  nu  dzi.
R;;;qc. à q.;do nya nu na ame, ho nya dzi na ame.
R;;;à un appel;to na ame.
R;;;à une salutation;lô gbe.
R;;;insolemment;to gbe ame, da gbe de ame gbo.
R;;;de q.;îu asi ako de ame ta, ho nya de ame ta.
R;réponse;f;;nutidodo.
R;reporter;vt;;gbugbo nu va.-- se-  à  qc.    do  riku  nu  dzi.
R;repos;m;;dzudzo, gbogboderne, didideme . prendre  du-    gbo  de  eme,  dzudzo,  di  de  me. le-  éternel    dzudzo  mavo.
R;reposer;vt;;gada de anyi. reposer    vi    do  alô,  dzudzo. se  reposer    v   gbo  de  eme,  di  de  eme. se-  sur  q.  de  qc.    do  nu  de  ame  nu.
R;reposoir;m;;altarogâ le mo dzi le tsadidi kokoe repoussant    a    vlo,  nyâmâ.
R;repousser;vt;;te nu, tutu nu de megbe, tu asi nu da.
R;;;l'ennemi;nya futowo, te futowo.
R;;;une prière;tri to de nya hu.
R;repréhension;f;;mokaka.
R;reprendre;vt;;gbugbo gaho nu, gadze nu gome.
R;;;des bas;gbugbo lo aîowui.
R;;;le chemin de Lomé;gatro gbo va Lome.
R;;;courage;galé dzi de fo.
R;;;femme;gade srô.
R;;;le dessus;gadu ame dzi. reprendre    vi,  gato  kè,  ka  de  me,  gatro  gbo.
R;représentant;m;;teîenola, nua.
R;représentation;f;;gbogbloîia, îiafia.
R;représenter;vt;;gblo nu fia, tso nu do ame nkume. rep  —  rés
R;répression;f;;tetedanyi. réprimande    î  mokaka.
R;réprimander;vt;;ka mo na ame.
R;réprimer;vt;;te nu de anyi. reprise    î    gbugbggawo,  —  nukaka,  avgkaka. réprobation    î    nkumekaka,  fifode.
R;reproche;m;;dzudzu, mokaka.
R;reprocher;vt;;do vlo ame, ka mo na ame, dzu ame. reprochable    a    kamo,  dzuame,  vlo. reproduction    î  gbugbggawo.
R;reproduire;vt;;gawo nu. gaîia nu.
R;réprouvé;m;;ame vlo, ame si le dzome.
R;réprouver;vt;;gbe nu, ka mo na ame de nu ta.
R;reptile;m;;nutata. république    î    dzidufe  si  îe  tato  menye  fia  o. repu    a  diîo. répudiation    î  gbegbe.
R;répudier;vt;;gbe nu, do vlo nu.
R;répugnance;f;;tsitretsitsi de nu nu, liunyô. avoir  de  la-  pour  q.    nyô  nu  na  ame. répugner    vi,  tsi  tre  de  nu  nu,  nu  nyô  nu  na  ame. répulsion    î    gbegbe,  ny any â.
R;réputation;f;;riko, nkghoho, nyônyô. bonne-    riko  nyuie,  bubu. (se)  réputer    v  bu.
R;requérir;vt;;dzi nu, bia nu ta. requête    î    dzidzi,  kukudede.
R;requiem;m;;amekuku hadzidzi.
R;requin;m;;dzenedunu, gekpô, agblolui.
R;requisition;f;;didi, nudzidzi. rescousse    î    (venir  à  la-)    kpe  de  ame  nu.
R;rescrh;m;;dodo, sé.
R;réseau;m;;ka, abu. réservation    ij  dzadzrado
R;reserve;f;;j •
R;réserver;vt;;dzra nu do.
R;réservoir;m;;tsiganu gâ, tsinu. résidence    î    noîe,  anyinoîe. résider    vi,  no  aîiade. 'résidum    nu  susoe. rés  —  res résignation    î    tanana,  asidede  (le)  nu  ïiu.
R;résigner;vt;;de asi nu riu, tso uane na ame.
R;;;une cbarge;de dokui nu me, de asi dg me. se  résigner    v    na  ta. résine    î  ane. résistance    î    tsitretsitsi  de  nu  nu. résister    vi,  tsi  tre  de  nu  nu. résolu    a    dodzi,  dotame. résolution    î    tamedodo;  dzidodo. prendre  une-    do  tame, résonner    vi,  di,  di  hô,  di  emegbe. se  résoudre    v    nyi,  lolo. se-  à    do  tame,  do  dzi.
R;respect;m;;bùbu, amebùbu, sosrôda. marque  de-  bùbunana. avoir  du-  pour   bù  ame. sauf  votre-  taflatse. respectable    a    dze  na  bùbu,  bùbuto.
R;respecter;vt;;bù ame, sro ame da. respectueux    a    dowu,  bubuto. respiration    î  gbogbo. arrêter  la-  tsi  gbogbo  de  fo,  he  gbogbotsihe  de  îo.
R;respirer;vt;;gbo.
R;;;difficilement;gbo fûfûfû.
R;;;Pair frais;ho yâ. resplendir    vi,  da  dzo,  klê,  ko,  di.
R;responsabilité;f;;nyanuhoho. nyanungno. sous  ma-    le  nyeiiutonye  afoku  dzi,  nye  nutpe  le nya  nu. responsable  a  (être-)    ho  nya  nu.
R;ressemblance;f;;didi. ressembler    vi,  di.
R;ressemeler;vt;;do gr ne na aîokpa, do aîpkpa gome.
R;ressentir;vt;;se nu, dze si nu me.
R;ressentiment;m;;dziku, domedzui.
R;resserrer;vt;;haha nu, miâ nu, mimi nu. ressortir    vi,  do,  do  go,  gadzo  ;  gbugba.
R;ressource;f;;kpekpedenu, mo. se  ressouvenir    v    gado  nku  nu  dzi. ressusciter   vi  +  vt  —  tsitre  (îô)  tso  ame  kukuwo res  —  ret dome  ;  fô  ame  de  agbe.
R;restaurant;m;;ame dzrodzefe.
R;restauration;f;;yeyewowo, dzadzrado, dododo.
R;restaurer;vt;;wo nu y eye, do nu do; — gbo agbe ame.
R;reste;m;;nu susoe, nukpotoe, mle, mloea. du-    kpe  de  esia  riuti. être  de-    kpoto,  suso,  tsi  anyi. rester   vi,    no,  no  anyi,  isi  anyi,  suso.
R;;;absent;tsi megbe, tsi afia de, meva o.
R;restituer;vt;;gbugbo nu na ame.
R;restitution;f;;nugbu^bo na ame ; — tefedodo.
R;restriction;f;;mohehe.
R;restreindre;vt;;he mo na nu.
R;résultat;m;;nya fe gododo, nuwuwu, yomedzenu. résulter    vi,  nu  do  go  tso  nya  me,  tso,  dze  nu gome.
R;;;clairement;tso kote tso nu me.
R;résumer;vt;;gblo nya kpuie, ka nya ta.
R;résurrection;f;;tsitretsitsi (so amekukuwo dome,
R;rétablir;vt;;gado anyi, do nu do. se  rétablir   v   haya,  ka  de  me,  gakpo  lâmesesê,  do ame  me.
R;rétablissement;m;;anyidodo, dododo; — hayahaya, kakademe,
R;retard;m;;megbetsitsi. être  en  retard    tsi  megbe.
R;retardataire;m;;miegbetsila. retarder   vi,  do  kplamatse  ame,  do  nyazâ,  sika  amer to  ame,  he  mo. la  montre  retarde    gaîodokui  la  tsi  megbe.
R;retardement;m;;nuhehe de megbe.
R;retenir;vt;;ho nu na amedokui, — he ame de me- gbe, he  mo,  le  ame  di,  sika  ame  di.
R;;;qc;lé nya de ta me.
R;;;une date;do geyigi, do azâ.
R;;;son haleine;tsi gbogbo de îo,
R;;;ses larmes;zi avi.
R;;;qc sur le salaire;de îe dzi, de ga ga me. retentir   vi    di,  di  hô. retention    î  mohehe. ret  —  rév
R;réticule;m;;kotoku.
R;retirer;vt;;gbugbo nu de megbe. se  retirer   v    te  da  tso  nu  gbo;  —  tse  nu  (eau). retomber    vi,  gadze  anyi,  gadze  nu  me.
R;;;dans la maladie;dze dzefodzefoe.
R;;;dans le péché;gawo nuvô.
R;retoucher;vt;;do nu do.
R;retour;m;;totro, gbogbo, aîedede, totrogbo.
R;;;à;Dieu dzimetotro.
R;retourner;vt;;tro bu nu de anyi, tso nu bu anyi, tro  nu.
R;;;q.;tro ame îe tamesusu. retourner  vi,  tro  va,  gbugbo  va,  tro  gbo. se  retourner    v    tro  megbe.
R;retracter;vt;;gbe nu. se  retracter    v    tro  nya. retraite    î    megbeyiyi,  megbedede  totro;  —  bebefe; — i  nubabla,  dokuidede  de  aga,  dokuime- dzodzrokpo.
R;retrancher;vt;;là nu, tso nu, sê nu da. (se)  rétrécir    v    haha,  miâ,  yo,  to  nu,  bu  sua.
R;rétribuer;vt;;tu îe, do nu tefe. restreint    a    mimi,  haha. retribution    î    fétu,  tefedodo,  adzo. rétrograder    vi,  yi  megbe,  de  megbe.
R;rétrogradation;f;;megbeyiyi, megbedede.
R;retrousser;vt;;tro nu.
R;;;son habit;gu avo, klo avo.
R;retrouver;vt;;gaîo nu, gakpo nu. rets    mpl    do,  asabu. réunion    î  takpekpe.
R;réunir;vt;;gawo deka, gabla nu. se  réunir    v    wo  deka,  bla  nu.
R;réussir;vt;;yi dzi nyuie, dze dzi na ame. mal-    glo,  do  kpo. réussite    î  dzidzedze.
R;revanche;f;;tefedodo.
R;rêve;m;;drôe, drôekuku. revêche    a    veve,  tamesêto. rêver  vi,  ku  drôe.
R;réveil;m;;nyonyô. rév  —  rév
R;réveiller;vt;;nyô ame. se  réveiller    v  nyô. se-  trop  tard,    do  do  ira.
R;révélation;f;;nyadefia.
R;révéler;vt;;de nu fia.
R;revenant;m;;rioli, lmvo.
R;revendication;f;;biabia, didi.
R;revendiquer;vt;;dzi nu si enye ame to.
R;revendre;vt;;gadzra nu. revenir    vi    gbugbg  va,  gatro  gbo.
R;;;de suite;yi gbo.
R;;;à l'esprit;do nku nu dzi.
R;;;sur ses pas;tro gbo.
R;;;à soi;do ame me, nyê.
R;;;en;santé haya. faire-  q.    na  ame  natro  gbo. cela  revient  à  2  francs    eho  frâ  eve.
R;revenu;m;;gahoho, fetu.
R;réverbère;m;;akadi gâ le mo dzi. révérence    î    amebùbù,  bubu.
R;révérend;m;;bu ame, bubuto.
R;révérer;vt;;bu ame.
R;revers;m;;megbe; — dzogbevôe.
R;revêtir;vt;;ta avo na ame, do awu na ame.
R;revirement;m;;totro.
R;revirer;vt;;tro nu, do li nu.
R;reviser;vt;;kpo nu me, dzro nu me kpo.
R;revision;f;;numedzodzro, numekpokpo. revivre    vi    gagbo  agbe.
R;revivification;f;;agbegbogbo.
R;révocation;f;;nyagbegbe, numedede, nyakoklo.
R;révoquer;vt;;klo (gbe) nya, de ame da, de ame do me.
R;revoir;vt;;gakpo ame da, gado nu kpo. au-  miagbo  bla  !  miagado  go  ke  !  miaga  kpe  l
R;révolte;f;;aglâdzedze, zitoto. étouffer  une-    du  aglâdzedze  dzi.
R;révolté;m;;aglâdzela, zitola.
R;révolter;vt;;de zi amewo me. se  révolter    v    dze  aglâ,  dze  aga. révolution   î   totro  ;  —  aglâdzedze  de  dzidudu  nutù rév  —  ris
R;révolutionner;vt;;de zi amewo dome,
R;révolver;m;;tukpui. revue    î    numedzodzro,  dodokpo;  —  nyadzogbalê. faire  une-    dzro  nu  me.
R;rhinocéros;m;;la tonotidzo.
R;rhum;m;;aha sesë ade.
R;rhumatisme;m;;siti, titi.
R;;;articulaire;agbaklikpe.
R;rhume;m;;(de cerveau) wodi, kpe, kpefoame. avoir  un-    wodi  îo  ame.
R;;;de;poitrine kpékpe. ricaner    vi,  klê  nù.
R;riche;m;;-fa, kesinoto. richesse    î  kesinonu.
R;ricin;m;;ati ade7 dzogbale, kasuwoeli. huile  de-    dodrotike,  kasuwoeli,  dzogbalekumi.  ^
R;rictus;m;;nukoko.
R;rideau;m;;nutsyovo, îesrênuvo.
R;ride;m;;hatetre, ayilolo, ayiîofo. se  rider    v    tre  ha,  lo  ayi,  îo  ayi. ridicule   a  dikokoe.
R;rien;adv;;naneke . . . o ; — o. cela  ne  fait-    mewo  naneke  o.
R;rieur;m;;nukola. rigide    a    sesê,  lia,  dzeti. rigole    î    tsitoîe,  tsili,  tsilûmodo. rigoureux    a  sesê.
R;rigueur;f;;sesê.
R;rincer;vt;;kotso nù me, klo nù me, kpala nù me. se-  la  bouche    kpala  nù  me.
R;riposter;vt;;do liu hem, piâm
R;rire;m;;nukoko.
R;;;étouffé;nukoko tititi. rire    vi,  ko  nu.
R;;;aux éclats;ko nu haha.
R;;;aux dépens de q.;du fewu le ame nu. je  l'ai  dit  pour-    de  megbloe  yakatsyo. étouffer  de-    ko  nu  de  tsitsi  de  eme.
R;risée;f;;amekoko, fewu. risible    a  dikokoe.
R;risque;m;;nutetekpo. ris  —  ron
R;risquer;vt;;do dzi, katse wo nu.
R;rite;m;;konudodo, kg, konuwowo.
R;rituel;m;;konuwogbalé.
R;rival;m;;riuwâla, nuwlila kple ame, asitsuto. rivaliser   vi   do  adika,  tsyo  anuku,  wli  nu  kple  ame. rivalité   î    adika,  adikadodo. rive    î    go,  gota,  togo,  ta.
R;;;droite;nudusimego.
R;;;gauche;miâmego.
R;rivage;m;;îuta, gota.
R;rivière;f;;tosisi.
R;rivet;m;;gatagbadze sue. rixe    î    avu,  avuwowo.
R;riz;m;;molu, moli.
R;robe;f;;dziwui, legbe. robuste    a    sesê,  kpolâme.
R;roc;m;;kpe gâ, aga. rocailleux    a  wokpe.
R;roche;f;;kpe gâ.
R;rocher;m;;aga. rocheux    a    yo  kple  kpe,  wokpe. rogations    fpl    tsadidi  kokoe  etô  hebia  Mawu  îe yayira  na  agblemenukuwo  îe  wowo. roder    vi,  zo  fo  hlâ  nu,  tsa  nu  me.
R;rogner;vt;;kpa nu, tgo nu. rognure    î    atinyâiiui,  atiîêîèe.
R;roi;m;;fia, dzidula. insignes  du-    îiawonuwo,  îianuwo,  îiadonuwo. vivre  en-    wo  fia,  du  gâ,  du  fia.
R;roitelet;m;;awlesikpui. heleboe.
R;rôle;m;;nkogbaiê. romain    a    romato,  papato. Eglise-  e    katoliko  kristoha  kokoe.
R;roman;m;;liutinyagbalê. Rome    np    Roma,  papa  fe  du.
R;rompre;vt;;ne nu, gbâ nu, ka nu, fo nu.
R;;;du pain;ka abalo, fli abolo.
R;;;le cou;rie ko.
R;;;toute relation avec q.;de dokui tso ame riufi. ronce    î    nu,  riudzâ. rond    a    nogo,  todo,  todoe. Vocabulaire 22a ron  —  rou ronde    î    hlâfofo,  zozo  kpedo. rondeur    î  nogonono.
R;rondin;m;;kpo. ronfler    vi    no  îâ.
R;ronger;vt;;du nu nu, kuko nu kple adu, nyi nu.
R;rosaire;m;;rosario. rose    î    seîoîo  nyuie  ade,  rosa.
R;roseau;m;;afla, keti, avâ, ayeti, ada.
R;rosée;f;;zamû, ahû, gbenu, miatsi.
R;rosignol;m;;hevi dziha ade, aloe.
R;rostre;m;;do.
R;rôti;m;;là toto.
R;rôtir;vt;;to lâ, mê nu. rôti    a    toto,  totoe.
R;rosser;vt;;îanyâ ame. rotule    î    klonu,  klotevi,  klokpakpe. roucouler    vi,  hlô  abe  ahône  ene.
R;roucoulement;m;;ahônê îe hohlô. roue    î  kekefo. rouerie    î  nudrawowo. rouge    a    dzé,  bia. rougeole    î  gbaboe.
R;rougir;vt;;biâ; — do wusrâ.
R;;;de qc.;kpe nu. rouille    î    gamï,  akada,  gebia. rouillé    a  dzeakada. se  rouiller   v    le  gebia,  dze  akada.
R;rouleau;m;;nu mligo, keke.
R;;;de;drap avokpo.
R;rouler;vt;;mli nu, mlo nu, hatsa nu. se-    nyê  avuzi. rousseur   î  nutsotsui.
R;route;f;;mo. suivre  une-   lé  mo. nettoyer  la-    ta  mo. grand'-route   mo  gâ. fausse-  motatra. se  mettre  en-    dze  mo. construire  une-    de  mo,  ta  mo.
R;routier;m;;mozola.
R;rouvrir;vt;;gavvu nu. roii  —  rus roux    à  dzê. royal    a  îialg.
R;royaume;m;;fiaduîe. le-  des  cieux    dzifo  fiaduîe.
R;ruban;m;;nublanu, ka. rubicond    a  dzê.
R;rubis;m;;kpe ho asi.
R;rubrique;f;;sé, dodo, ruche   î    anyito,  anyigba.
R;rucher;m;;anyiho. rude   a   klatsa,  dzaka,  nlomito,  nyariui. rudesse    î    sesê,  nlomiwowo.
R;rudiment;m;;gomedzenu.
R;rudoyer;vt;;blu de arne ta, wo anyrâ le ame nu, ve  nkume  de  ame.
R;rue;f;;mo. ruelle   î   movi,  dume  movi,  kpodomee. ruer    vi    (cheval)    da  afokli. se  ruer   v    dze  nu  dzi. rugir   vi    de  gbe,  hlô,  vvlu.
R;rugissement;m;;gbedede, hohlô, gbetete. rugueux    a   glodzô,  klitsa.
R;ruine;f;;mumû, tsyotsyrô, gbegblê, aîedo, atrigba- gbâ. ruines    fpl    gli  gbagbâ,  gbagbâwo. tomber  en-    gblê,  gbâ. ville  en-  aîedo.
R;ruiner;vt;;gbâ nu, gblê nu, tsyrô nu, gbâ atri nu-
R;ruisseau;m;;tosisi, towu. ruisseler    vi,  si,  si  gâ,  dudu,  tsyo. rumeur    î    zifofo,  nko,  aîluï.
R;ruminer;vt;;dzo nu du.
R;ruminant;m;;lâ dzonudu. rupture    î    nene  ;  —  akloloe. rural    a  anyigbâto.
R;ruse;f;;ayedzedze, nyasâ, amebeble. rusé    a    ayevôdola,  ameblela,  ayeto. être-    dze  aye,  dra. rustique    a    kofemeto,  akaîola.
S;rustre;m;;amevlui, kpolu, yakame, îilgmiwola. rustre    a    nlomito,  vlo,  vlui. 22^ sab  —  sac Sabaoth    m    awakowo  îe  Mawu.
S;sabbat;m;;memledagbe, Yudatowo îe dzudzogbe.
S;sable;m;;ke, dzehe, riusike. grain  de-    kekui.  , banc  de-  kekpo. jeter  du-  dans  les  yeux  de  q.    flu  ame. sablonneux    a  woke,
S;sabot;m;;aîokpukpu, atiîokpa.
S;;;du cheval;so îe aîo, aîokli.
S;sabotage;m;;atiîokpawowo, — dogbegblê.
S;saboter;vt;;gblê nu, tsyrô nu, nyê zi kple atiîokpa.
S;sabrer;vt;;îo ame kple yi.
S;sabre;m;;yi, sabla, samla.
S;sac;m;;kotoku, akpanyâ, sako. saccade    î  gudu.
S;saccager;vt;;da adzo, gblê nu, îanyâ nu.
S;sacerdoce;m;;mawununolanyenye, nunono.
S;sachet;m;;kotokuvi.
S;sacoche;m;;akpanyâ, kotoku gâ, kabjikotoku.
S;sacre;m;;yayira, episkopo dodo. i sacré    a    yayirato,  kpkoe. les  livres  -s    nunonlo  kokoe. Sacré-Cœur    Yesu  îe  Dzi  kokoe.
S;sacrement;m;;sakramento. le  saint-    sakramento  kokôe  gâ. les  derniers-  sakramento  mamleawo  :  dzimetotro, altaro  îe  sakramento  kple  amikokoesisi na  doléla. frequenter  les-    ho  sakramentowo,  ho  kommumo.
S;sacrer;vt;;wo nu kokoe, y ira nu, ko nu nuti.
S;sacrificateur;m;;vosâîa, nuhela.
S;sacrifice;m;;vosasâ, numemê, nuhehe. le  saint-  de  la  Messe    Missa  (îe)  vosasâ  kokoe. offrir  un-    sâ  vor  më  nu,  de  dza  di. offrir  un-  aux  fétiches    da  tro,  da  nu  na  tro.
S;sacrifier;vt;;sa vo nu^ mê nu, tso nu sa voe na . . .
S;sacrilège;m;;mawumenudzodada, nu madzemadze wowo,  busunu,  gbôdidi  nu  kokoe. sac  —  sal faire  une  communion  sacrilège    ho  kommunio  de nuvô  dzi  (madzemadze).
S;sacristain;m;;mawuhodzikpola. sacristie   î  mawuhonutinuwo  dzradofe. sagacité   tamekoko,  ayedzedze. sage    a    nyanu,  dzeadanu,  vômawu.
S;sage;m;;nyasâto. sage-femme  vihela.
S;sagesse;f;;nunya, gomesese, nyasâ, Sahara   np   Sahara  :  gbegâdzi  le  Afrika  fe  dziehe. saigner    vi,  di  wu,  to  uu;  (noti  me  le  fi  nom),
S;saigner;vt;;wu la ; — (îo nyadui nu na ame). il  saigne    wu  le  dodom  le  eriu.
S;saillie;f;;nya dikokoe, ayuenu. ; sain    a  sesê.
S;;;et;sauf dédie,
S;saindoux;m;;hami. saint    a  kokoe.
S;saint;m;;ame kokoe. la  -e  Trinité    Trinita  kokoe  gâ. la  -e  Vierge    Maria,  detugbui  kokoe. l'Ecriture  -e    Nungrilo  kokoe. La  Terre  -e    palestina,  Yesu  denyigba. le  saint-père    m    papa,  mia  îoîo  kokoe. Saint-Sépulcre   m    Mia  'Feto  îe  yodo  le  Yerusalem.
S;sainteté;f;;kokgenyenye.
S;saisie;f;;feisotso.
S;saisir;vt;;lé nu, tso nu de asi, tso fe de nu nu.
S;;;(comprendre);no de nu me. se-  de  qc.   kpo  nu,  ho  nu.
S;;;l'occasion;kpo mg. être  saisi  d'horreur    ku  de  tsitre,  ame  nu  tsi  ter tsi  yâ.
S;saisissement;m;;vodidi, dzodzo nyanyanya.
S;saison;f;;fè îe azâ alo akpa deka. les  quatre  -s  adame,  dzomengli,  keleme,  vuvôngli.
S;salade;f;;amagbe, gbekui.
S;salaire;m;;fetu, adzg, ho. faire  une  retenue  sur  le-   de  fe  dzi  na  ame.
S;salaud;m;;féwgla. sal  —  san sale    a    fodi  ;  blibâ.
S;saler;vt;;de dze nu me, de nu dze me. la  soupe  est  salée    detsia  îo  dzeve.
S;saleté;f;;difofo, îé, ba.
S;salir;vt;;îo di nu, dre nu. salive    î    ta,  ade. salle    î    akpata,  aîaba,  home,
S;salon;m;;aîaba, akpata, amedzrohoîe.
S;salpêtre;m;;akanua. salubre    a    nyo  na  lâmesesê.
S;saluer;vt;;do gbe na ame.
S;;;q. de ma part;do gbe na ame nam. aller-  q.  da  ase  na  ame,  yi  dado  gbe  na  ame.
S;salut;m;;dede, hoho; — gbedoname; — subosubo faire  son-    kpo  hoho. rendre  le-  à  q.   lô  gbe  na  ame. salutation    î  gbedoname. la-  angélique    dzifodola  îe  gbedodo. recevez  mes  -s    medo  gbe  na  wô. salve    î  tudada.
S;samedi;m;;memleda.
S;;;saint;memleda kokoe.
S;sanatorium;m;;donoho. sanctification    î  kokoewowo.
S;sanctifier;vt;;wo nu kokoe.
S;;;le dimanche;wo kw?sidagbe kokoe. sanction    î    kakadedzi  tohehe.
S;sanctionner;vt;;ka de nu dzi.
S;sanctuaire;m;;gbedodaho, kokoeîe.
S;sandale;m;;tokota. mettre  des  sandales    do  tokota,  (aîokpa). faire  des-    wo  aîokpa.
S;sang;m;;wu; — fome, dzodzome. traces  de-  wunu.
S;;;coagulé;wunu, ana, wuko. flux  de-  wusisido. être  du  même-    nye  wù  deka,  woadzemawoadze. sanglant    a    do  wùsra,  di  wù,  fo  wù.
S;sang-froid;m;;kalëwowo.
S;sangle;f;;domeblanu.
S;sanglier;m;;gbeha, ha dzê. san  —  sau
S;sanglot;m;;hehedodo, avitsimegbe dodo. sangloter    vi    do  hehe,  do  avitsimegbe.
S;sangsue;f;;ahô. sanguinaire    a  sêiiuta. sanitaire    a    lâmesesêto,  nyo  na  lamesesê.
S;sans;prép;;mêle nu o, mêle me o.
S;;;cesse;adv tegbe, tegbetegbe, tê.
S;santé;f;;lâmesê, lâmekoko, recouvrer  sa-    ka  de  eme,  gakpo  lâmesê. être  en  bonne-    le  sesiê,  lame  ko. à  votre-    „mefia  aha  wô".  —  „aha  neyi  na lô."
S;sapeur-pompier;m;;dzotsila.
S;saphir;m;;kpe hoasi.
S;sapin;m;;ati ade.
S;sarcasme;m;;alomedede. sarcastique    a    si  îo  ahamâ  de  ame  nu.
S;sarcler;vt;;ho gbe, nlô gbe, vu gbe.
S;sarcloir;m;;agblemenu. sardine    î    degi  (sandi).
S;sas;m;;nutsonu, atoe.
S;sarment;m;;ka, kadede. pousser  des-  bala.
S;sasser;vt;;tsra nu, tso nu.
S;satan;m;;abosam, gbogbo vôdi. satiété    î    îodidi,  fododo.
S;satin;m;;seda îomevi. satire    î  alomedegbalê. satisfaction    î    nudzedze,  dzidzo. satisfaire    vi,  na  nudzedze,  ame.
S;;;à un payement;tu fe. se  saturer    vi,  di  îo.
S;sauce;f;;lâtsi, detsi.
S;saucisson;m;;blon. saucisse    î  lâti. saumâtre    a    veve,  îo  dzeve. l'eau  de  mer  est-    îutsi  vena,
S;saumon;m;;adege, dzadu, salmo.
S;saupoutrer;vt;;de nu dze me, de dze nu me.
S;saut;m;;dzodzo, aîutiti, kpôtiti, kpodzodzo. sau  —  sea sauter    vi,  dzo,  dzo  kpo,  ti  kpo,  ti.
S;;;par dessus qc.;dzo kpo flo nu.
S;;;en bas;di le nu dzi, ti kpo di.
S;sauterelle;f;;welsuvi, wetra, wetsre. sautiller    vi,  dzo  kpo,  zo  :  (hevi  zo  anyigba), sauvage    a    woadâ,  agbo,  nyanyrâ.
S;sauvage;m;;ame mawunku, gbemeto. sauvagerie    î    agbodzedze,  godzedze.
S;sauvegarder;vt;;kpo nu ta, dzo nu nu.
S;sauver;vt;;de ame, ho na ame.
S;;;la vie à q.;ho ame de agbe. Jésus  nous  a  sauvés    Yesu  de  mi. se  sauver    v    si,  de  edokui.  ,
S;sauveur;m;;delà, hola. Le  Sauveur    np    Delà,  Hola  :  Yesu  Kristo. savane    î   dzogbe,  gbègbé. savant    a  nyanu.
S;savant;m;;nunyala. savate    î    aîokpa  ade. saveur    î    vivisese,  vivi.
S;savoir;vt;;nya nu. faites  le  moi-   na  manye.
S;;;d'avance;nya nu tsâ (di).
S;;;à fond;fo nu, do kpo le nu me, bi de nu me, je  ne  veux  rien  en-    medzrom  o,  megbee.
S;;;jouer de l'harmonium;nya sankuîoîo.
S;;;lire;nya agbalëhehlê.
S;savoir;m;;agbalêmenunya. savoir  -  faire   m  adaiiudzedze.
S;savoir-vivre;m;;dokuilélé.
S;savon;m;;adzalê, koe; — mokaka.
S;savonner;vt;;le adzalê na nu, de adzalê nu.
S;;;q.;ka mo na arne.
S;savourer;vt;;do nu kpo.
S;saxophone;m;;kpe. scabreux    a    klitsa,  dzugo,  dzakadzaka.
S;scalpe;m;;tayi.
S;scandale;m;;nukikli, kpodenuvôdinana. scandaleux    a    nusi  na  kpodenu  vôdi,  kpodenuvô- dinala.
S;scandaliser;vt;;na kpodenu vôdi, dia ame nu. sea  —  sec
S;scapulaire;m;;awuvi kokoe, skapula.
S;scarabée;m;;mlimï, adogo, adongo.
S;scarifier;vt;;do go na ante, îo nyadui na ame.
S;sceau;m;;nutrenu. scarlatine  nudzâ.
S;scélérat;m;;ahohlôbola ; ame vedî.
S;sceller;vt;;tre nu nù. scène    î    îefeîe,  nukpofe.
S;sceptique;m;;dikela, adikadola.
S;sceptre;m;;fiatikplo.
S;schisme;m;;mamâ tso hame, h a me ni a ma.
S;sciatique;f;;alido. être  atteint  de-    ali  ve  ame. scie    î    lahalaha;  —  nyanyake  (poisson), science    î  nunya. scientifique   a    le  nunya  nu.
S;scier;vt;;dze ati. scieur  atidzela.
S;scintillement;m;;keklê. scintiller    vi,  da  dzo,  klê,  wo  fluîîu,  si  dzo.
S;scission;f;;dzedze, mamâ. sciure    î    asiodo,  asiolo,  atiwo. scolaire    a  sukuto.
S;scorie;f;;gagbo, akamï, garni,
S;scorpion;m;;dzidegbe, agadzago, ahô.
S;scrupule;m;;dikeke, dzitsinya fe dzimaditsitsi.
S;scrutateur;m;;numedzrola.
S;scruter;vt;;dzro nu me. sculpter  (sur  bois)    kpa  ati  adanutoe,  lilo  nu.
S;sculpture;f;;kpekpakpa, kpefufu. séance    î  takpekpe.
S;seau;m;;tokpo, tsikuganu, tsikunu. sec    a    fu,  îuîu,  yoyiro,  diku. le  pain  est-   abolo  îu  tsi.
S;sécher;vt;;sia nu, wo nu wôaîu.
S;;;qc. au soleil;sia nu de iidôgbe. sécheresse    î    kudidi,  îuîu,  kudigi,  ku. second   a   evelia,  yometo. secondaire    a  evelia.
S;seconde;f;;miniti îe akpa blâdêlia.
S;seconder;vt;;kpe de ame nu, ho na ame. sec  — <  séj
S;secouer;vt;;wuwu nu, dzobo, wa nu.
S;;;un arbre;\vuwu ati, Wa ati. secourable    a    nusi  kpena  de  ame  nu.
S;secourir;vt;;kpe de ame nu, ho na ame.
S;secours;m;;kpekpederiu, hohoname. demander  le-  à  q.    dzi  kpekpederiu  le  ame  gbo. prêter-  à  q.      kpe  de  ame  nu. crier  au-    do  bobo,  do  aîa. accourir  au-  de  q.    nyâ  aîa  na  ame. secousse   î   dzodzo,  vvawa,  nututu. secret    nya  gagla,  tomenya. révéler  un-    fi  toîi  na  ame. extorquer  un-  à  q.    de  acte  nu  me  na  ame. garder  le-    gla  nya. secret    a  gagla.
S;secrétaire;m;;nurilôla ; — nurilôkplô.
S;secrétariat;m;;dzidudowofe, agbalêrilôîe.
S;sécréter;vt;;de nu, de nu de aga, tsyo. se  sécréter    v    dzo  de  aga. secte    î    komamâ,  mamâ  le  hose  me. section    î    akpa,  ko. séculaire    a    îè  alaîa  deka  to. séculier   a    dziduduto,  hehemeto. sécurité    î    dedienono,  dzideîo. sédentaire    a    no  anyi,  mawamawa.
S;sédiment;m;;fâ. séditieux    a  dzeaglâ. sédition    î  aglâdzedze. séduction    î   kpokplo  tra,  amegbegblê.
S;séducteur;m;;amegblêla.
S;séduire;vt;;bada, kplo ame tra, gblê ame, ble nu nu. ségrégation   î   dede  de  aga.
S;seigneur;m;;aîeto. Le  Seigneur    m    Mia'-Feto  Yesu  Kristo.
S;sein;m;;no, vidzido. donner  le-  à  un  enfant    na  no  devi. dans  le-  de  la  terre    le  anyigba  me,  tu. seize    a  wuiadê.
S;séjour;m;;nofe, tefe, anyinoîe. séjourner    vi,  no  atiade. sel  —  sen
S;sel;m;;dzè.
S;;;à gros grain;dzèdoku, dzeko. sélection    î  tiatia.
S;selle;f;;sokpa, akpa ; — afodzi. sellette  aîodonu. sellier  akpawola.
S;seller;vt;;bla akpa na so, do sokpa so dzi. selon    cj    le  nu  nu.
S;semaille;f;;nuku, ku, nudodo. saison  des-  s    nufâgi,  nudogi. semaine    î  kwasida.
S;;;sainte;kwasida kokoe. semblable    a    sôsoe,  deka  nugbi,  deka  îomevi. sembler    vi,  wo  abe  de . . .  ene. semelle    î    afoîome,  aîowlome.
S;semence;f;;nuku, ku, îaîâ.
S;semer;vt;;wu nuku.
S;;;du blé;wu lu de agble me.
S;semestre;m;;îè afâ. semestriel    a    îè  aîâto.
S;séminariste;m;;séminariste, îadadusukudela.
S;séminaire;m;;seminari, sukugâ, îadadusuku. semonce    î    mokaka,  nuhohlô.
S;semoncer;vt;;ka mo na ame. sempiternel   a   mavo,  mavogbedea.
S;sénat;m;;amegawo fe îuîofe.
S;sénevé;m;;wumbe veve, tsotsi, si nape.
S;sens;m;;anyasâ, sidzenu, gomesese, tame. les  cinq-    sidzenu  woamatôwoe  nye  :
S;;;auditif;: ouïe nusese.
S;;;gustatif;: goût nudodokpo.
S;;;visuel;: vue nukpokpo.
S;;;tactile :;toucher lâmenusese.
S;;;olfactif;: odorat wevCêsese. bon-  tamesesë.
S;sensation;f;;lâmenusese, sidzedze. sensible    a    senu,  senu  gome,  senudelâme. sensuel    a    nutilânudzroto,  nutilâdzroto.
S;sensualité;f;;nutilânudzodzro. sentence    î    afiatsotso  ;  —  nya,  nyadodro;  —  lo- dodo. sen  —  ser sentence  de  mort    kuîia,  kuîiatsotso.
S;;;injuste;aîia takpo, aîia madzomadzo.
S;senteur;m;;wewê.
S;sentier;m;;aîomo, aîotefe, gbedzemg.
S;senfinient;m;;niisese, susu, sese de lame, sentinelle    î  riudzola.
S;sentir;vt;;se nu, se nu de lârne, dzesi nu, ka asi  nu  liu,  se  nu  îe  wewê. ici  je  me  sens  chez  moi    afia  mo  dze  anyi  nam.
S;;;une îleur;wê seîoîo se.
S;;;bon;wê nyuie, wê lilili.
S;;;mauvais;wê badabada, kû, lilîlî. se-  heureux    kpo  dzidzo. seoir    vi,  no  anyi,  so  kple  ame,  dze  ame. cet  habit  lui  sied  bien    awu  sia  soe. séparation    î    marna,  kaklâ;  —  srôgbegbe.
S;séparer;vt;;ma nu, de nu de aga, ma nu me. se-  de  q.    klâ  le  ame  nu,  klâ  ame. sept    a  adrê.
S;septembre;m;;September, gleli asiekelia.
S;septentrion;m;;wego.
S;sépulcre;m;;amediîe, yodo.
S;sépulture;f;;amedidi.
S;séquestrer;vt;;tso îe nu.
S;séraphin;m;;dzifodoiagâ, serafim. serein    a    koko  (heheme  koko). sérénité    î    koko,  numekoko.
S;sergent;m;;asaîohlï. série    î  akpa. sérieux    a    vevie,  isitotsito,  butame,  moveviedoto*
S;sérieux;m;;moveviedodo, nusese. seringue    î    goe,  ssisâgoe,  Isitunu. serment    atabu,  atam,  atamkaka,  nutata. affirmer  par-    ka  de  nu  dzi. faire-    ka  atam,  ka  atabu. violer  le-    tu  atabu,  da  le  atamkaka  dzi. sermon  mawunyagbogblo. aller  au-    se  mawunya. prononcer  un-  gblo  mawunya. sermonner  q.  ka  rikume  na  ame.
S;serpe;f;;yi, krante, akpatsa nù hahe. ser  —  seu
S;serpent;m;;da. serpenter    vi  glô. serre    î  îè.
S;serrement;m;;tete, miamiâ.
S;serrer;vt;;tege nu, miâ nu, zi de nu îiuti. q.  dans  ses  bras    kpla  asi  ko  na  ame,  lo  ame  atû.
S;;;les genoux Tun contre l'autre :;miâ ata.
S;;;la main à q.;na asi ame,
S;;;les dents;du adukli, kpe adu. se-  contre  q.  kù  de  ame  nu,  miâ  de  ame  (nu)  nu. serrure    î    kladoba,  akrando,  srâto,  srôto trou  de-    safuidefe,  safuido. serrurerie    î  kladobawoîe.
S;serrurier;m;;kladobawola.
S;sérum;m;;atike.
S;servant;m;;subola, dowola, riutime, amegbovi.
S;;;de;Messe missasaibovi. servante  subolanyônu.
S;service;m;;subosubo; — gbadagbadudu.
S;;;divin;Mawusubosubo, soleme. faire  son-    du  gbadagba. engager  q.  à  son-    da  ame,  do  ame. rendre  un-  à  q.    wo  nu  na  ame,  kpe  de  ame  nu. aimer  à  rendre-    do  wu. serviable    a  dowu. serviette    î    papahû,  nusisitse.
S;servir;vt;;subo ame.
S;;;à table;subo kplô.
S;;;un malade;kpo dono dzi.
S;;;la Messe;subo Missa. se-  de  qc.    wo  nu  nutido,
S;;;le dîner;tso nududu, do kplô dzi.
S;;;à boire à q.;na aha ame.
S;serviteur;m;;subola.
S;;;de Dieu;Mawusubolâ. , servitude    î  kluvinyenye. session    î    wonudroîe;  —  anyinono.
S;seuil;m;;kpui, kokui, agbonu kokui. seul    a    deka,  akogo,  dede ,  ko. une-  e  fois    zi  deka  koe.
S;seulement;adv;;dedekoe, dede, , son. , , sèv  —  sig non  pas-,  mais  menye  . .  .  deka  ko  o,  ke  bon  . .  .
S;sève;f;;tsi, atimetsi, numetsi.
S;;;humaine;avvatsi, riutsunu. sévère    a    sesë,  hesesê. sévérité    î    sesê,  nutasesë,  sesêhehe. sévir    vi,  së  riuta,  wo  anyrâ  le  ame  nu.
S;;;(maladie);do gbâ de dume.
S;sevrer;vt;;de devi le no nu.
S;sexe;m;;dzidzime, fome. sexuel    a    dzidzimeto,  fometo. si    cj  ne.
S;si;adv;;aie, alea, nenemâe, sigbe, e, nyateîe.
S;sicaire;m;;amewula.
S;siècle;m;;îè alaîa (aloîa).
S;siège;m;;zi, nunodzi, zikpui, ablengo ; — nofer anyinofe.
S;;;(d'une ville);hlafofo, duhaha, todede de du mu siéger    vi    kpe  ta.
S;sien;pr;;to, ameto. sieste    î  ndolôdodo. siffler    vi    lia  aku,  lio  aku  ;  —  hlô  abe  da  ene.
S;sifflet;m;;dzè, kete.
S;signal;m;;dzesi. signalé  (important)    a  nyuito,  vevieto.
S;signaler;vt;;na dzesi, gblo nu fia.
S;signature;f;;nkonorilo de nu Jte, asidede agbalë me.
S;signe;m;;dzesi, sidzenu.
S;;;de;la croix atitsogadzesi. faire-  à  q.    mia  asi  ame. faire-  de  la  tête    lô  ta. donner  un-    à  q.  avec  le  pied    tso  afo  gblo  nya na  ame. se  signer    wo  atitsoga  fe  dzesi.
S;signer;vt;;nlo nko de nu te, de dzesi, de asi agbalë  me. significatif    a    vevie,  gâ.
S;signification;f;;gomedede, gome, signifier    vi  :  egome  enye. que  signifie  cela    egome  de  ! cela  ne-  rien    mewo  naneke  o,  menye  nya  de- ke  o. sil  —  soc signifier  qc.  à  q.    gblo  nya  na  ame,  de  sé  na  ame.
S;silence;m;;dodoezizi, zizikpi, dodoe. faire  faire-  à  q.    na  ame  woazi  dodoe. garder  le-    zi  kpi,  miâ  nu,  do  to,  zi  dodoe. silencieux    a    zidodoe,  dzâdzâdzâ.
S;silex;m;;atsrokpe, atsodukpe.
S;sillon;m;;agblenlômotofe.
S;sillonner;vt;;nlô motoîe le agble me. similaire    a    di,  togbe.
S;similitude;f;;didi; — lododo, abebua, lo. simple    a    déka,  dzimefâto,  tsibome.
S;simplicité;f;;madramadra, dzimekoko, nuteîewo- wo;  —  bometsitsi;  —  dzimefatonyenye.
S;simulacre;m;;legba; — alakpadada.
S;simulation;f;;alakpa, didri. simuler    vi     da  alakpa,  wo  anyrânu. simultané     a    zi  deka. sincère    a    nyateleto,  anukodeto,  gobi. être-    wo  nuteîe.
S;sincérité;f;;anukwarenyenye, anukode.
S;singe;m;;kese, kabli, kadza, fie, agbabli.
S;singer;vt;;dia ame nu, srô ame.
S;singulier;m;;dekahehlê, nudekafianya. singulier  a   tohe,  deka,  akogo  ;  —  nukunuto. sinueux  gôdô.
S;sinistre;m;;dzogbevôe, batawu, ahovinu. sinon  cj  negbe,  ne  menye  nene  o,  deko.
S;sire;m;;afeto.
S;sirène;f;;kpê; — dze, wudze; — fumeloklovi, nyo-
S;sirop;m;;suklitsi, atâde, atâhe.
S;site;m;;nofe, anyigba.
S;situation;f;;nofe, npnome; — dowowo. situé    a    no,  le.
S;situer;vt;;do nu, do nu. six   a  adê. sobre    a    moko,  nyanu,  dowu.
S;sobriété;f;;mokoko. sociable    a  dowu. social    a    bo  —  ha,  de  —  ha,  dukoto.
S;société;f;;habobo, hadede; ameha.
S;socle;m;;zo. 352  sod  —  sol
S;soda;m;;tsi îaîe.
S;sœur;m;;novinyonu ; — sista.
S;;;ai née, cadette;da, îoe, fi,
S;soi;pr;;amedokui. soie    î  seda.
S;;;(de;cochon) haîu.
S;soiî;f;;tsikowuame, tsiko. avoir-    tsiko  wu  ame. apaiser  sa-     di  ko.
S;;;de;vengeance hlôbiabia.
S;soigner;vt;;lé be na ame, lé fo de ame nu, le îo  na  nu.
S;;;un malade;kpo dono dzi. soigneux    todola,  beléla.
S;soin;m;;belélé îolélé. prendre-  de  qc.    lé  be  na  nu. avec-  pe,  pepëpe,  kolokolo,  kotekote,  tsitsotsitso.
S;soir;m;;îiê, îiênyi, getodofe. vers  ie-    îiêba,  îiê  loîo,  le  îiême. le-  tombe    zâ  le  dodom,  anyigba  le  tsyotsyom. étoile  du-  îiakumanoîiateîe. bon-    fié  na  wô  !  (Rép)  îiê  goto,  îiêto. repas  du-  îiênududu. prière  du-  îiêgbedododa. ce-;  demain-    egbe  îiê;  etso  îiê soit  !    int  melô. que  ce  soit  —  ou  . . .    edanye  . .  .  edanye. soixante    a  blâdê. soixante-dix    a  blâdrê.
S;sol;m;;anyigba. solaire    a  geto.
S;soldat;m;;gbadagba, asrafo. 9 être-    du  gbadagba. solde    î  îetu.
S;solde;m;;îè.
S;solder;vt;;tu îè, na îè ame ; — dzo nu.
S;soleil;m;;ge, wo. le-  m'éblouit    ge  du  rikume  nam. le-  se  lève    ge  dzè. le-  est  caché  par  des  nuages    rido  tsi. le-  se  couche'    èe  4°  t°- sol  —  som éclipse  de  soleil    gleti  iso  mo  na  ge,  gleti  lé  ge. le-  se  trouve  au  zénith    ge  do  ta, s'exposer  au-    îu  ridokutsu. le-  brille    ge  le  keklêm,  lido  le  wuwum. mettre  qc.  au-    sia  nu  de  ndokutsugbe. solennel    a    vevie,  gâ. solennellement    kple  nutikokoe.
S;solenniser;vt;;du azâ, du nkekenyuie. solennité    î    azâdudu,  nutikokoe,  gâdodonu. solide    a    sesê-noanyi,  tsitotsito,  lô. solidité    î    sesêanyinono,  lolo,  wudodo,  kelili. solitaire    a    deka,  tsi  akogo. solitude    î    dekanono,    akogotsitsi  koliagbe  ;  — dzogbe.
S;solive;f;;atikpo, aplati, sollicitation    î  kukudede.
S;solliciter;vt;;de kuku na ame.
S;;;q. à faire qc.;îo nya de ame nù. q.  à  qc    de  nya  to  me  na  ame,  wo  du  na  ame. sollicitude    î    belélé,  takpokpo,  îolélé. solution    î    gomedede;  —  tsizuzu. sombre    a    bîuko,  he  liti,  wo  îitî,  babi. il  fait-    anyigba  le  tsyotsyom. sombrer    vi,  nyrô.
S;sommaire;m;;emenya vevieto. sommation  hol?lô. somme  î  hehlême,  agbososome  ;  —  ga  ;  —  alô.
S;sommeil;m;;alô, alôdodo, alôtsoame. maladie  de-  alôdo. parler  durant  le-    îo  alômenù. avoir  sommeil    alô  tso  ame. sommeiller    vi,  do,  do  alô.
S;sommer;vt;;hlë nu îolu.
S;sommer;vt;;hiâ nu de ame nu, yo arne na kodzo- dodo.
S;sommet;m;;nutame. ta, totame, dagbo; kokoîe. sommité    î    nutame  ;    —  amegâ. somnolence    î    alôtsoame,  alômûame. somnolent    a     fuli,  îundra. somptueux    a    nyo,  nyui,  gâ. somptuosité    î  atsyô. son  —  sot
S;son;m;;blitsro, tsakiti, tsyakli.
S;son;m;;didi, nu fe gbedidi.
S;son;pr;;eto, to. sonder  q    bia  ame  se  kolokolo,  te  ame  fe  gbe  me se,  ku  nu  gome,
S;sonder;vt;;dzidze nu.
S;songe;m;;drôe, drôekuku. faire  un-     ku  drôe. raconter  un-    lï  drôe. interprêter  un-    de  drôe  gome,  do  drôe  na  ame. songer    vi,    ku  drôe  ;  —  susu  de  nu  nu. sonner    vi  +  vt    di;  —  îo  ga. l'horloge  sonne    gaîodokui  le  îoîom.
S;;;de la trompette;ku kpe.
S;;;la cloche;vt îo ga, do ga. il  sonne  midi    ga  wuieve  le  îoîom.
S;sonnerie;f;;gaîoîo, kpekuku.
S;sonneur;m;;gaîola; — kpekula. sonore    a    didi  sesïe.
S;sorcellerie;f;;adze, dzo, aîâkaka, dzodudu, adze- lelé.
S;sorcier;m;;adzeto, bokono, dzosala, amedula. sordide    a  fodi.
S;sorgo;m;;îo.
S;sort;m;;aklamâ, dzogbe, kpa. le-  m'est  favorable    nye  aklamâ  di  nam. tirer  au-    da  ako  de  nu  dzi,  dze  ako. sortez  !    do  go.
S;sorte;f;;îomevi, togbe. toutes  -s  de . . .  nu  kuklui,  nu  hamehame. de-  que    bena,  be. de  la  même-    deka  fiugbi,  deka  îomevi. de  la-    aie,  alea,  sigbe.
S;sortie;f;;gododo, dzoîe, tsadidi.
S;sortilège;m;;adze, dzoduame. sortir    vi,  do  go,  dzo. faire-    de  nu  do  go. le  plus  sort  de  Pabcès    tsi  do  le  îoîoe  la  me.
S;;;de la chambre;do go le ho me.
S;;;de la forêt;do go tso ave me. sot    a    tsibome,  movito,  abuneto. sot  —  sou
S;sot;m;;bometsila.
S;sou;m;;koba.
S;soubresaut;m;;hehe, vodidi, kpotiti.
S;souche;f;;nu takpo, atikpo, fome.
S;;;(origine);dzodzo.
S;souci;m;;nuhaha, dzimadi; — belélé. soucoupe    î    agba  îe  zo,  tigba  gomevi. se  soucier    v    ha  nu  le  nu  nu,  dzi  nya,  lé  be. il  ne  s'en  soucie  pas   medo  naneke  de  nu  o,  meka ma  ne  o.
S;soudain;adv;;enumake, zi deka, kpata.
S;souder;vt;;tre ga, tre nu kple sanyâ.
S;souffle;m;;gbogbo, fufudodo. souffler   vi,  do  Mu  de  nu  dzi,  îuîu;  —  gbo  hehehe.
S;;;le feu;flo dzo do.
S;;;qc. à q.;do dalî na ame, de nya to me na ame.
S;;;la discorde;îo avu do. ne  pas-  mot    zi  dodui.
S;soufflet;m;;wu (dzofloyeti). actionner  le-    yo  \vu. soufflet  (gifle)    m  tomeîoîo. donner  un-  à  q.  j  , souffleter  q.  |
S;souffrance;f;;vevesese, fukpekpe.
S;souffrir;vt;;kpe fu. souffrir    vi    se  veve,  du.
S;;;de la tête;ta du ame.
S;soufre;m;;dzokpe.
S;souhait;m;;didi, dzodzro, dzidzi. à  vos  souhaits  !    noti  fê  wô  (pr.  les  enfants). (lorsqu'on  éternue)  medo  le  wo  si,  mege  wo  si.
S;souhaiter;vt;;dzi nu na ame.
S;;;bonne santé à q.;dzi lâmesê nyuie na ame.
S;souiller;vt;;fo di nu.
S;;;l'honneur de q.;îo di aine, gble ame nko.
S;souillure;f;;difofo, féwowo. soûl    a    difo,  dofo.
S;;;(être-);mû aha, ku aha.
S;soulagement;m;;nunùfafa, nudzedze, kpekpedenu.
S;soulager;vt;;fa nu nu, tsi nu nu.
S;;;la douleur;fa veve nu. sou  —  sou soulager  -q.    kpe  de  ame  riu.
S;soûlard;m;;ahamûla. soulèvement    dziyiyi;    —  aglâdzedze,  dziku.
S;;;d'estomac;domehoho.
S;soulever;vt;;do nu de tsitre, kg nu edzi; — wu.
S;;;un f euple;to zi, de zi amewo me, bada a me wo. cela  me  soulève  le  cœur    nu  nyô  nu  nam. soulier    rn  aîokpa. mettre  les-  s    do  aîokpa. le-  grince    aîokpa  le  fafâm. quitter  les-  s    de  afokpa.
S;souligner;vt;;te fix de nu te (gome),
S;soumettre;vt;;du ame dzi, te nu de anyi.
S;;;qc. à q.;do nu ame hkume. se  soumettre    v    na  ta,  bobo  dokui. soumis    a  doto. soumission    î    tonusese,  tanana,  dokuibobo.
S;soupçon;m;;susu vô de ame nu. concevoir  des-  mal  fondés  susu  nu  vô  manyenya- teîe  de  ame  iiu. soupçonner  (vt)    susu  nu  vô  de  ame  nu. soupe    î    detsi,  tsi,  lâtsi. faire  de  la-    îo  detsi. manger  de  la-    kplo  detsi,  du  detsi,  no  detsi-
S;souper;m;;fiênududu. souper    vi,   du  fiênu.
S;soupière;f;;detsize, adâze.
S;soupir;m;;hûdede, îierie, hûîafa. pousser  un-    de  hû. rendre  le  dernier-  ku. soupirer    vi,  de  hû,  fa  hû,  du  tse.
S;;;après qc.;dzi nu, dzro nu vevie.
S;;;pour q.;lô ame fe nya gbo. souple    a    nusi  bina  kaba.
S;souplesse;f;;adasasa ; — nono wuhewuhe.
S;source;f;;tsidzidzi, ta tsidzofe ; — dzofe.
S;sourcil;m;;adzu, àdzugo, adabata, adabatigo. sourciller    vi,  fo  adaba. sourd    a+m    tokukuto,  trito.
S;;;muet;a tokuno mafonu, tokuno adetututo. sourdre    vi,  dzo,  dze  gome. sou  —  spé souricière     î     afimô,  aîikpoe. sourire    vi,  ko  alogbonui,  ko  nu  nyônoe.
S;;;à q.;ko mo de ame.
S;;;de qc.;ko atseme nu.
S;sourire;m;;nukoko. souris    î    aîi,  dzi. prendre  des-    lé  aîi.
S;;;des;champs gbemefi. crotte  de-  afimi. trou  de-  aîido.
S;sous;adv;;le nu te, te.
S;souscripteur;m;;amesi nlô nko de nu te.
S;souscription;f;;nkononlô de nu te.
S;souscrire;vt;;rilo hko de nu te. sous-  marin    m  tsigomewu.
S;sousssigner;vt;;nlô nko de nu te. soustraction    î    nudede  le  nu  me.
S;soustraire;vt;;de nu le nu me, de nu le ame dzi. soutane    î    mawununola  fe  awuv^laya,  îadawu. soutanelle    î    missasubovi  îe  awu,  awuwlaya  kpui.
S;soutenir;vt;;de ati nu te, glâ nu.
S;;;q.;nyi ame, kpe de ame nu.
S;;;qc.;ka de nu dzi, lé nane de te.
S;;;une gageure;ke di le nu nu.
S;soutien;m;;kpekpederiu, nuziodenu, nugodenu.
S;souterrain;m;;tomemo, lu memo, domemo, lûmôdo. trouver  un-    kpo  kpekpedenu  tso  ame  gbo. soutirer  du  vin    de  vê  Pati  go  me. se  souvenir    do  hku  nu  dzi,  riku  le  nu  dzi. faire-  q.  de  qc.    do  nku  nu  dzi  na  ame.
S;souvenir;m;;nkudodo, nudodonu, nkudodzinu.
S;souvent;adv;;enuenu, edziedzi, gbadrê. le  plus-    zi  gedewo. souverain    a    vevieto,  tato.
S;souverain;m;;dzidula, fia. souveraineté    î  dzidudu. spacieux    a    lolo,  keke.
S;spasme;m;;yiyi îe ga dede ame, lialia, boleame, hehedo,  gadza. spécial    a    tohe,  konu.
S;spécialement;adv;;vevieto. Vocabulaire spe  —  s  te spécialité    î  dowona.
S;spécifier;vt;;yo deka deka, gblp tututu. spécifique    a    tohe,  konu.
S;spécimen;m;;kpodenu, asifia.
S;spectacle;m;;nukpokpo.
S;spectateur;m;;nukpola, spectral   a   abe  noli  ene.
S;spéculation;f;;tamebubu, nutetekpo, nudodokpo spéculer    vi,  bu  tamie,  té  nu  kpo,  do  nu  kpo.
S;sperme;m;;awametsi, nutsunu.
S;sphère;f;;nu nogo ; — dziîo îe nonome. spiral    a  totroe.
S;spiritualité;f;;gbogbonyenye. spirituel    a    gbogboto  ;  —  hameto. pouvoir-    kristoha  îe  dzidudu  (nusê). spiritueux    mpl  aha.
S;splendeur;f;;atsyô, nu nyui, nyonyo. splendide    a    dadzo,  hoasi,  nyuie.
S;spoliation;f;;adzodada.
S;spolier;vt;;da adzo. spontané    a    si  dzi  womezi  o^  tso  dokui  gbo.
S;spore;f;;nku, ku.
S;sport;m;;fefe.
S;squelette;m;;nukuku îe îuvvo. stable    a    noanyi,  sesê.
S;stabilité;f;;kelili, nusesê. stagnant    a    toto,  tote,  mayingo.
S;stagnation;f;;tetoto.
S;station;f;;noîe, toîe. stationnaire    a    noanyi,  madezo. stationner   vi,  no  anyi,  to  te.
S;statuaire;m;;mêla, kpala.
S;statue;f;;ame kpakpa, nu kpakpa, amemëmê.
S;statuer;vt;;do nu, do nu anyi, de sé.
S;stature;f;;nonome.
S;statut;m;;dodo, anyidodo.
S;stéarine;f;;bosomi. stérile    a    mawonu,  mawânu,  tsiko,  kono. rendre  une  femme-    gblê  vidzido  na  nyônu.
S;stérilité;f;;numawomawo, kotsitsi, ko.
S;sternum;m;;akoîu, akotaîu. sti  —  sub
S;stigmate;m;;abidzesi, abiteîe.
S;stigmatiser;vt;;de dzesi.
S;stimuler;vt;;na dzo ame, do nu, do nusê ame. stipulation    î  kpetsotso.
S;stipuler;vt;;do nu dzi.
S;stranguler;vt;;lé ve na ame, wu ame.
S;stratagème;m;;aye, adanu. stratégie    î  awawonunya. strict    a    sesê,  tututu. strident    a    di  tsrili. strie    î    babîadzesi,  dodro,  îli.
S;strier;vt;;si nu, si nu kpiekpie, te îli. strié    a  fliklaleklale.
S;structure;f;;hotutu îe nonome; hotutu. studieux    a    dovevie,  butame,  nusrôla,  si  lô  nu- sosrô. stupéfaction    î    îenyikuku,  nuwomoyânuto.
S;stupéfier;vt;;toto tame na ame, do moyàto ame.
S;stupeur;f;;tametoto, tidzedze. stupide    a  tsibome.
S;stupidité;f;;bometsitsi.
S;style;m;;huîofo alo nunonlo fe nonome.
S;suaire;m;;avo si me woblaa amekuku do, amedivo. suave   a   vivi,  enyo,  dzenu.
S;suavité;f;;vividodo, nyonyô, nudzedze.
S;subir;vt;;kpe fu, do dzi.
S;;;une punition;he fe de nu ta, ho tohehe.
S;;;un examen;wo dodokpo.
S;;;la mort;kpe ku. subit    a    zi  deka,  kasiâ,  kpatakpata.  s
S;subjugation;f;;tetedanyi.
S;subjuguer;vt;;te ame de anyi, du ame dzi. sublime    a    koko,  gâ.
S;sublimité;f;;koko, gânyenye.
S;submerger;vt;;nyrô ame de tsi me.
S;submersion;f;;tsidodo, amenyonyrô de tsi me. mort  par-  toku.
S;subordonner;vt;;do ame ame bubu te.
S;suborner;vt;;ble ame de nu bada me.
S;subornation;f;;amebeble de nu bada me; — zâ- nunana. 23* sub  —  sué subséquent    a  yometo. subséquement    megbedome,  le  nu  megbe.
S;subside;m;;fetu, kpekpedeiiu to ganana me. subsistance    î    nunyiame,  nududu,  amenyinu. subsister    vi,  no  anyi  ;  nyi. substance    î    nu,  nu  vevieto,  emenya,  emenu. substantiel   a    va  va  ;  emeto,  vevieto.
S;substantif;m;;nurïko.
S;substituer;vt;;do nu tefe. substitution    î  tefedodo.
S;subterfuge;m;;adanudoe, adanudodo. subtil    a    sue,  vivi,  kple  adariu. subvenir    vi,  kpe  de  ame  nu.
S;;;aux besoins de q.;kpo ame ta, lé be na ame. subvention    î    kpekpedenu  to  ganana  me. subversion    î  tsyotsyrô.
S;suc;m;;tsi. succéder    vi,  dze  ame  yorne,  dze  dzi  na  ame.
S;;;à;q. (hériter) nyi dome,
S;succès;m;;dziyiyi, dzidzedze. être  couronné  de-    dze  dzi  nyuie.
S;successeur;m;;yomedzela. successif    a    wonoeawo  yome.
S;succession;f;;yomedzedze; — domenyinyi. recueillir  une-    nyi  dome,  tsrô  nyinyi. succinct,    a    sue,  kpui. succomber    vi,  dze  anyi,  tsi  nu  me.
S;;;sous le poids du fardeau;agba wu ame, dze anyi  de  agba  te. succulent    a    vivi,  wotsi.
S;sucer;vt;;gbugbo nu, no nu, nyi nu (kutsetse).
S;sucre;m;;sukli. canne  à  sucre    f  fofon.
S;sucrer;vt;;de sukli nu me.
S;sucrerie;f;;sukliwofe, suklidaîe.
S;sucrier;m;;suklize.
S;sud;m;;îugo. vers  le-    dota  fugo,  fugo  loîo.
S;sud-ouest;m;;îugo-getodofe.
S;sud-est;m;;fugo- gedzefe.
S;suée;f;;îifia, ade. sue  —  suj suer   vi,  îifia  te  ame,  îiîia  wo  ame,  dze  ade.
S;;;du sang;dze wu îe ade. je  sue    mete  îiîia,  îiîia  worn  (le  teyem,  îo  de nunye). sueur    ï    îiîia,  ade. suffire    vi    so  gbo,  de  nya  nu,  su,  nu  ede.
S;;;à qc.;do kpo le nya me.
S;suffisamment;adv;;sogbo.
S;suffisance;f;;agbososo, nudede ; — amedokuinu- dzedze. suffisant    a    sogbo,  sunu. suffocation    î  gbogbohehedeamefo.
S;suffoquer;vt;;he gbogbo de ame fo. suffoquer    vi    tsi  gbogbo  de  fo  na  ame.
S;suggérer;vt;;do adanu na ame, tso nya de ame gbo  ;  do  nu  na  ame,  de  nu  tame  na  ame.
S;suggestion;f;;adanudodo na ame.
S;suicide;m;;dokuiwuwu, mitsotso.
S;suicidé;m;;amewudokui, mitsola. se  suicider    v    wu  ame  dokui. suie    î    dzoble,  zêmabayi,  adzudzoyi.
S;suif;m;;lâmi.
S;suiffer;vt;;si lâmi na nu. suinter    vi,  dudu. suite    î    yomedzedze  ;  —  yomenolawo,  nutimewo.
S;;;(continuation);dziyiyi.
S;;;(ordre,;résultat) dodo. se  mettre  à  la-  de  q.    ti  ame   yome,  dze  ame yome. tout  de  suite    adv    enumâke,  kasia,  îiîilayi.
S;suivant;m;;kplola, dolada. suivant    a  yometo.
S;suivre;vt;;dze (no) ame yome, do megbeîo.
S;;;des yeux;kpo ame yome. (poursuivre)    ti  ame  yome.
S;;;furtivement;ti ame yome minyaminya.
S;;;un chemin;tso mo, to mo, yi dzi.
S;;;les traces de q.;tso ame îe ko, do aîo na ame.
S;;;le parti de q.;ho de ame dzi.
S;;;un cours;de suku gâ. sujet   a    nusi  le  te,  ametenoto. suj  —  sup
S;sujet;m;;tenola,
S;sujet;m;;ame, nya vevieto, nya îe ati. bon-    sukuvi  nyuie. au-  de    de  nu  ta. sujétion    î    tenono,  dzizizi. superbe    a    dada    ;  — nyui,  gâ,  dodokuidedzi. superbe    î    dada,  gbagbla,  dokuidododedzi. supercherie    î    amebeble,  ayevôdodo,  ameîlunu. superficie    î    dzi,  îo. superficiel    a    magoglo,  adayeto. superfin    a    nyui,  hoasi. superflu   a    nusi  sogbo  akpa,  nusi  mêle  vevie  o. supérieur    a    koko  wu,  gâ  wu,  gato,  gâ. être-  à  q.    le  ame  nu.
S;supérieur;m;;dzikpola, tato. supériorité    î    gâdudu,  dzidudu,  tafofo. superlatif    a    sogbo  wu  wo  katâ. superstition    î    yakanudzihose.  lânudzihose,  trôsu- bosubo. superstitieux   a   lânu  dzihoseto.
S;suppléer;vt;;kpe de nu nu, wo nu blibo, do nu nu  teîe.
S;;;q.;no ame teîe, ho ame tefe.
S;;;à qc.;do teîe, tso nu do nu tefe.
S;supplément;m;;megbenya, megbenu, teîedodo.
S;suppliant;m;;kukudela. supplication    î    kukudede,  afolélé  na  ame,  kokoîoîo.
S;supplice;m;;fukpekpe gâ de, ametsotso, momenu- veve. condamner  q.  au  dernier-    tso  kuîia  na  ame.
S;supplicier;vt;;wu ame, tso ame.
S;supplier;vt;;de kuku na ame, lé afo na ame. supplique    î   kokoîoîo  de  leta  me,  kukudede.
S;support;m;;nu ziodeiiu, kpekpedenu.
S;supporter;vt;;tso nu, do nu (îe) dzi.
S;;;des douleurs;do vevesese (îe) dzi.
S;;;la faim;do do dzi. je  ne  peux  pas-  cet  homme    nye  dzi  meho  ame sia  o.
S;supposer;vt;;susu, bu, bu hâ bena.
S;supposition;f;;tamebubu de nu nuti. sup  —  sur supposé  que ...    ne  lanye  be,  susu  be,  ne  woa- tsoe  be. suppression    î    tetedanyi,  dededa.
S;supprimer;vt;;te nu de anyi, he mo na nu, sa nu  di,  gla  nya,  de  nu  da. suppuration    î  tsidede. suppurant    a    de  tsi?  tsidetg. suppurer    vi,  di  tsi. suprématie    î    dzidudu,  gâdudu. suprême    a    koko,  gâto, sur    cj.    dzi>  le  nu  dzi. sur    a  veve. sûr    a    vavâ,  nyateîe,  dédie, à  coup-  kokoko. être-  de  q.    do  nu  de  ame  nu,  ka  de  ame  dzi. surabondance    î    agbososo  fû. surabondant    a     sogbo  akpa. surabonder    vi    so  gbo  îû. surcharge    î   agbososo  wu  nu. surchargé    a    (être-)    agba  wu  ame.
S;surcroît;m;;dzidzi de dzi. surdité    î    tokuku,  totitri. sûreté    î    dedienono;  —  asiîofo  ako. mettre  qc.  en-    gla  nu  ta.
S;surexiter;vt;;to zi, do dziku na ame akpa. surface    î    dzi,  fo,  gbadzafe,  mo,  nuîome,  nu.
S;;;du;globe anyigbafo. surgir    vi,  tsi  tre,  do  go,  dzé.
S;surintendant;m;;dzikpola.
S;sur-le-champ;adv;;îiîilayi, enumâke.
S;surlendemain;m;;nyitso si gbona, nyitso rnê.
S;surmener;vt;;dze agbagba akpa. se  surmener    v    wo  do  akpa.
S;surmonter;vt;;du nu dzi, wu nu, fo nu ta. surnager    vi,  îu  tsi,  nyi  di  ame,  ho  de  tsi  dzi. surnaturel  (être)    a    wu  gomesese,  îo  dzodzometa.
S;surnom;m;;megbenko nkoîofodo, nkogbonkoe.
S;surnommer;vt;;tso megbenko na ame, îo nko do na  ame.
S;surpasser;vt;;te ame wu nu, îo nu ta, gbo nu dzi, yi  ame  nu. sur  —  syc
S;surplis;m;;mawununola îe awu gi kpui, mawunya- gblowu.
S;surplus;m;;susoe, mamloe.
S;surpoids;m;;nudzidede, hodedzi.
S;surprendre;vt;;lili ame, ke ame do, di kpe de ame  nu,  fiti  ame.
S;;;(étonner);wg nuku. la  nuit  nous  surprit    zâ  do  de  mi. surprenant    a    moyato,  wonuku. surprise    î    amelili,  amekekedo,  fitiîiti,  didikpede. sursauter    vi,  dzo  kpo,  dzo  yi  dzi,  dzo  haha.
S;sursis;m;;nu hehe de megbe.
S;surtout;adv;;vevieto.
S;surveillance;f;;dzikpokpo, nuriudzodzo, nunono, takpokpo.
S;surveillant;m;;dzikpola.
S;surveiller;vt;;kpo nu dzi. survenir    vi,  do,  vame,  va  kpe  de  nu  nu. survivre  vi,    tsi  agbe,  tsi  agbe  le  nu  (ame)  gbo. en  sus  adv.    eye  hâ,  emegbe  hâ. donner  en-    de  nu  dzi. susceptible    a    dze  na  nu,  domedzuidola,  dzibila, domeveto. susceptibilité    î    domedzuidodo,  dzibibi  kaba.
S;susciter;vt;;nyi nu, wo nu.
S;;;des prophètes;do nyagbloditowo.
S;;;un tumulte;to zi. suscription    î    nunonlo  de  nu  dzi. susdit    a    dzito,  ngoto.
S;suspecter;vt;;susu vô de nu nu, ke di.
S;suspendre;vt;;ku nu de nu nu, he nu de megbe.
S;;;qc. autour du cou;de nu ko.
S;;;q.;de ame le dome, en  suspens    adv    tsi  akpa  dzi,  le  eve  dome, suspense    î    amedede  le  dome,
S;suspension;f;;dikeke, hehe de megbe, mohehe.
S;suspicion;f;;susu vô, tamevôbubu.
S;sustenter;vt;;nyi ame, na nududu ame. s.  v.  p.  (s'il  vous  plaît)    dzro,  mede  kuku. svelte    a    tsrala,  dzrala,  legbê,  laba.
S;sycophante;m;;amenuzola. syl  —  tac
S;syllabe;f;;nya deka îe akpa deka, nyakpa.
S;symbole;m;;dzesi, kpodenu, nufiafia. le-  des  apôtres    apostolowo  le  hosemewuwu. symétrique    a  sosoe. sympathie    î    amelolô,  babadodo,  amenuveve,  nu- haha  kple  ame. exprimer  sa-  à  q.    do  baba  na  ame. sympathique  a  (être-  à)    lô  ame  îe  nya  (gbo). sympathiser  (avec  q.)    vt    ve  ame  nu,  lô  ame  îe nya  (gbo). synagogue    î    Yudatowo  îe  îuîoîe. syncope    î    gbafa,  nuzi,  abo. tomber  en-    gbaîa  îo  ame,  yi  abo.
S;syndicat;m;;habobo. syntaxe    î    nyawododo  îiaîia.
S;synode;m;;hamemegâwo îe takpekpe. syphilis    î    nulolo,  aîudodo,  baba,  dekakpuido  de- tugbido,  Wugbame. avoir  la-    io  nu.  *
T;système;m;;dodo.
T;tabac;m;;atamâ, bo. tabatière    î  atamâgoe. tabac  à  priser  asrâ.
T;tabernacle;m;;agbado, avoho ; — altarohovi, taber- nakulo. table    î  kplô. à-    le  kplô  nuti. bénir  la-    gblo  gbedododa  le  nududu  rigo;  yira nududu. dresser  la-    do  kplô.
T;;;de;matière emenyawo.
T;tableau;m;;nonometata, tata.
T;tablier;m;;fokle, dowovo.
T;tabouret;m;;atikpe, zikpui, aîodonu. tâche    î    do,  dowowo,  dowona. tache    î    diîoîo,  kpotsotso. faire  des-  s    îo  di  nu  (agbalê  le  nunonlô  me.) travailler  à  la-    wo  agbatedo,  tso  apa. tac  —  tan
T;tacher;vt;;îo di nu. tacheté    a  riorioe. lâcher    vi,  dze  agbagba. tacite   a  zidodoe. taciturne    a    kpô,  zikpi,  maîonù.
T;tact;m;;nusese de lame, dokuilélé, dometsotso. laie    î  nutsyônu.
T;taillade;f;;sisi, kpakpa, aba, îéfé, dzedze.
T;taillader;vt;;ko, dze, te aba de ati nu, îé nu. taille    î    nutsotso,  kpakpa,  sisi,  sese,  nonome.
T;tailler;vt;;tso nu, îé nu, kpa nu, rilô nu.
T;;;un crayon;kpa nunlôti.
T;;;un arbre;kpa ati.
T;;;la soupe;de abolo detsi me. taillerie    î  awutoîe.
T;tailleur;m;;awutola.
T;taillis;m;;avevi, gbeme, avedodo, avekoe
T;taire;vt;;gla nya. faire-  q.    rie  nya  de  ame  nu. se  taire    v    zikpi,  zi  dodui,  miâ  nù.
T;talent;m;;tamekoko, anyasâ.
T;talisman;m;;dzoka, atible, akpodzoka, tila.
T;talon;m;;aîokpodzi, aîokpedzi.
T;;;de;soulier aîokpako.
T;talonner;vt;;do konukonui na so, de aîo ka me nà ame.
T;talus;m;;abu, abudiîe, todiabuto, tokodiabu.
T;tambour;m;;wu, Wuîola. battre  le-   îo  vvu.
T;tamis;m;;asôe, atoe, nutsyônu.
T;tamiser;vt;;tsyo nu, tsra nu, gbo nu.
T;tampon;m;;nutunu, stampu.
T;tamponner;vt;;kpe nu.
T;tam-tam;m;;wuîoîo, wu. tandisque    cj    esi,  esime,  le  esime,  vpa. tangible    a    nusi  woate  nu  alé,  alo  ade  asi  eriu. ianière     î    do,  lu,  to,  bebeîe,  dome,
T;tanner;vt;;te kpe agbalê. tannerie    î    agbalê  -  kpeteîe.
T;tanneur;m;;agbalêkpetela.
T;iant;adv;;aie, alea, alegbegbe. tan  —  tau tant  que    cj    esi,  esime,  zi  alesi. tante  î   tasi,  te,  nodia,  nogâ,  dagâ,  tegâ,  tevi,  dadia.
T;tantôt;adv;;fifilayi, enumâke.
T;taon;m;;adzôe, togbato.
T;tapage;m;;vtfunyavVunya, zigidi. tapager    vi,    wo  hô,  wo  gidigidi,  to  zigidi.
T;taper;vt;;îo ame.
T;tapioca;m;;agbeliwo, tafiaka. se  tapir    v    bobo  dokui,  do  dogôe,  no  klotsinui.
T;tapis;m;;anyigbakuntru, avozodzi.
T;tapisser;vt;;ka agbalê de gii nu. tapisserie    î    gli  nugbalê. taquinerie    î  gedzidzi.
T;taquiner;vt;;dia ame nu, dzige ame nu, via ame nu.
T;tard;adv;;megbe, gamedi. il  arrive  trop-    etsi  m  eg  be. tarder    vi,  tsi  auyi,  he  de  megbe. il  tarde  à  venir    etsi  megbe. il  lui  tarde  de  . . .    edzro  be  .  . . tardif    a    tsimegbe,  megbeto,  megbetsito.
T;tarer;vt;;gblê nu, tsyrô nu. targette    î  gameti.
T;tarif;m;;asi, asifiagbalê.
T;tarir;vt;;îu nu, mie nu, se  tarir   v   mie,  îu. tarte    î   akpono  vivi,  tatâlï.
T;tartine;f;;abolo kple butru.
T;tas;m;;ha, ko, kolili, îufolo, adru, zi. en-    kokoko,  bibibi. mettre  en-    li  ko,  îo  nu  îu,  tu  nu  do.
T;tasse;f;;kopo.
T;tasser;vt;;îo nu îu, tu nu do, tege nu. l'affaire  se  tasse    enya  la  yi  to.
T;tâter;vt;;ka asi nu nu, de asi nu liu, îo asi nu. tâtonner    vi,  tsa  asi.
T;tatouage;m;;nusisi, nkumesisi, akaba, blinui. (se)  tatouer   vt   si  nu,  si  rikume,  si  blinui  na  ame.
T;taudis;m;;hovi îodi. taupe   î  agbleîi.
T;taupe-grillon;m;;bo, boe, bokiti. tau  —  tern taupinière    î    agblefikpo,  agblefido.
T;taureau;m;;nyitsu.
T;kux;m;;asi, asime, adzo.
T;taverne;f;;amedzrotefe, ahanufe, ahadzefe. taxation    î  adzobiabia. taxe    î    adzo,  fianudzodzo,  amlôkoe.
T;taxer;vt;;bia adzo, do asi. tek,  teck    m   loko,  lokoti. teigne    î    tamefoîo,  gafa,  wodi.
T;teindre;vt;;do nu, de nu a ma me.
T;teint;m;;nonome.
T;teinturier;m;;amâdola. teinture    î    ano,  amâ,  amâdede. teinturie     î  arnâdoîe.
T;tel;pr;;nenem, alea, aie îe nu, nenem. tel  que    pr,  nenem.
T;télégramme;m;;telegram.
T;télégraphe;m;;didifenurilonu, telegraî.
T;télégraphier;vt;;nlo nu to telegraî me.
T;téléphone;m;;didiîenuîonu, telefon.
T;téléphoner;vt;;fo nu to telefon me.
T;télescope;m;;didiîenukponu. téméraire    a    kaleto,  kudzrala,  kutrala. témérité    î    kalewowo,  dziwowo.
T;témoignage;m;;dase, dasedidi. faux-    kasadidi,  avvatsodasedidi. rendre-    di  dase. témoigner    di  dase.
T;;;de q.;di dase le ame nu. rendre  un  faux-    di  awatsodase.
T;témoin;m;;dasedila, dasefo; — kpokplenkuito. être-    du  dasefo  na  ame,  nye  dasefo.
T;tempe;f;;tolû, tonu.
T;tempérament;m;;nonome.
T;tempérance;f;;dokuilélé, ahatsitsri.
T;température;f;;yâ fe nonome.
T;tempérer;vt;;fa nu nu, tsi nu nu, de nu dzi.
T;tempête;f;;ahomu, dziyâ. tempétueux    a  dzeagbo.
T;temple;m;;gbedoho, mawuho.
T;;;païen;trôho. tern  —  ten temporaire    a    nusi  menoa  anyi  dâ  o. temporiser    vi,  tsi  megbe,  Jala,  kpo  mo  na  nu. temporel    a    nusi  menoa  anyi  dâ  o.
T;temps;m;;ge, geyigi, noli, azâ. de  tout-  gesiagi.
T;;;passé;geyigi si vayi.
T;;;futur;geyigi si gbona. à  quel-  gekagi. à  bon-    le  geyigi    nyui  dzi,  le  game  pepepe. du-  de  K.    le  K.  îe  nkekewo  me,  le  K.  noli. au-  où     gesigi  si. en  ce-  là    le  gemâgi  me  la. combien  de-    aleke  wodzidzi. demain  à  pareil-    etso  gealeawogi  ke.
T;;;libre;vovo, vovogi, adadze. de-  en-    geadewogi,  gbeadewogbe. il  y  a  peu  de-    teîe  medzidzi  o. à  tel-    gealeagi,  geyagi. à  un  autre-  gebugi. la  plupart  du-    zie  gedewo. je  n'ai  pas  le-    nye  mekpo  vovo  o,  vovo  mêle asinye  o. il  fait  beau-   heheme  ko. avoir  le-    kpo  vovo. tenace    a    dade,  nyadri,  dri,  kuno.
T;ténacité;f;;ade, adedada, dedrê, kutrekuku. tenailles    fpl    akobe,  ako,  bé.
T;tendance;f;;tadoîe.
T;tendon;m;;lâmeka.
T;tendre;vt;;he, didi, de nu, te nu.
T;;;une;corde : he ka, te ka.
T;;;Parc;he da me, bo da.
T;;;un piège;tre mô, azâ.
T;;;une tapisserie;klâ agbalë de gli nu. tendre    vi,  do  ta.
T;;;à qc.;dzi nu, dze agbagba le nu nu, klê hu de  nu  iiu.
T;;;la main à q.;na asi ame, kpe de ame nu.
T;;;la main;bia nu. tendre    a    boboe,  matsimatsi,  fê.
T;tendresse;f;;boboenono, dzimefafa, lolô, vividodo. tén  —  ten ténèbres    îpl    viviti,  bluko. ténébreux    a   doviviti,  blukutû.
T;ténia;m;;domekpleve, danukpleve.
T;tenir;vt;;lé, ho nu, kpo nu. faire-  qc.  à  q.    tso  nu  de  asi  me  na  ame.
T;;;qc. de q.;ho nu le ame si. je  suis  tenu  de  le  faire    ele  nam  be  mawge.
T;;;une séance;wo takpekpe.
T;;;compagnie à q.;no ame nu, bo ha kple ame.
T;;;tête à q.;tsitre de ame hu.
T;;;à;dzi vevie be, dzro be.
T;;;q. pour;bù ame (nu) abe . . . eue.
T;;;à qc.;tso, te, de nu nu
T;;;de q.;di ame.
T;;;pour q.;ho na ame, no ame dzi.
T;;;contre q.;tsitre de ame nu.
T;;;q. sur les fonts baptismaux;du to (no) na ma wutsidetahola. tiens  !  tenez  !    kpo  da,  mikpo  da  ! tenez  bon    do  dzi  ko  !
T;;;lieu de q.;no ame teîe.
T;;;le premier rang;du gâ.
T;;;qc. (pour) vrai;ho nya dzi se. j'y;  tiens  beaucoup    ele  vevie  nam. cela  tient  de  votre  désobéissance    etso  wô  to madomado  gbo. cela  ne  tient  qu'à  lui   eku  de  eya  hu. elle  tient  beaucoup  de  sa  mère   edi  noa  riuto. se-    lé  dokui.
T;;;q. sous sa puissance,;du ame dzi. se  tenir  debout    tsi  tre,  dzo  ka. se-  à  genoux    dze  klo. se-  tranquille    no  anyi  kpô,  zi  kpi,  do  to.
T;tennis;m;;fefe kple bolu.
T;tension;f;;hehe, numehehe.
T;tentateur;m;;ametelakpo, telakpo.
T;tentation;f;;tetekpo, teteame.
T;tentative;f;;nutetekpo.
T;tente;f;;agbado, avoho, mozoho, hotsotso.
T;tenter;vt;;te nu kpo. cela  me  tente    edua  lame  nam,  édzrom. ten  —  ter tenu    a    fragbe,  sue. tenue    î  dokuilélé. tergiversation    î  adanudoe. tergiverser    vi,  do  adafiudui.
T;terme;m;;liîo, nuwuwu, azâdodo^ sefe. le-  est  échu    azâ  do,  azâ  kpe. mettre  un-  à  qc.    wu  nu  nu. accouchement  avant-    fndzodzo,  îugege. nous  'sommes  en  bons-  s    mia  dome  nyo,  mi  a dome  bi.
T;terminaison;f;;nuwuwu, nuwuîe.
T;terminer;vt;;wu nu nu, do liîo na nu. se  terminer    v    wu  nu,  vo,  nu  tso,  nu  ke,
T;terminus;m;;nuwuîe, seîe.
T;termite;m;;baba, babayi. termitière    î    babako,  adzrako. terne    a  flukpê.
T;ternir;vt;;blu nu, îlu nu.
T;terrain;m;;anyigba, agble.
T;terrasse;f;;ablanda, anyigba troabu.
T;terrasser;vt;;îu nu anyi, gbâ ame do, du ame dzL terre   î   hiheme,  anyigba. prendre-    di  go, jeter  à-   îu  nu  anyi. tomber  à-    ge  dze  anyi. tomber  par-    dze  anyi. mettre  qc.  par-    tro  nu  da  de  anyi. porter  q.  en-    di  ame. être  sur-    no  agbe.
T;;;en;friche îlunyigba.
T;;;étrangère;du, duta, bodome.
T;;;natale;denyigba. terrestre    a    anyigbato,  hihemeto,  anyigbadzito. terreur    î    nodzi,  vovô,  vodidi.» inspirer  de  la-  à    do  vovô  na  ame. terrible    a    dzirio,  divo.
T;terrifier;vt;;dzi no na ame, do vovô na ame,
T;terrine;f;;agba, ze.
T;territoire;m;;anyigba mamâ deka.
T;terroir;m;;anyigba^ agble.
T;terroriser;vt;;dzi ho na ame, do hodzi na ame. ter  —  ihè
T;tertre;m;;anyikpo, kpo.
T;tesson;m;;ze kake, sonu, nu kake.
T;testament;m;;nubabla, — domenyinugbalê. faire  son-    do  domenyinu. l'ancien-    nubabla  hoho. le  nouveau-    nubabla  y  eye.
T;testateur;m;;amesi gble domenyinuwo di, dome- nyinudola. tester    vi,  rilo  domenyinugbalê.
T;testicule;m;;voku, neku.
T;tétanos;m;;hehedo, gbadzado.
T;tctard;m;;ko ko, fukokui. tête    î    ta,  tame,  tagbo.
T;;;chaude;dzibila kaba, dzikabeto.
T;;;carrée;ta gbadza.
T;;;de;mort ametakolui. de  la-  aux  pieds    tso  tagbo. rejeter  la-  en  arrière    da  ta  de  wudome. il  a  une  bonne-    tame  le  esi. il  lui  vint  en-    eva  do  eîe  tame. avoir  mal  à  la-    ta  du  ame. avoir  la-  dure    ame  îe  tame  sê. secouer  la-    wuwu  ta. trancher  la-    tso  ta  le  ame  nu. se  mettre  sur  la-    tro  ta  koe.
T;;;première;koe. se  payer  la  -de  q.    via  ame  nu,  dia  ame  nu. il  n'a  pas  de-    efe  ta  ku,  tagbo  meli  ne  o. se  casser  la  -sur  qc.    gbâ  ta  le  nu  nu. baisser  la-    bobo  ta,  na  ta. téter   vt+vi,  no  nô. tétine    î    nokui,  no.
T;téton;m;;no, noku. têtu    a    kolialia,  tamesêla,  tamesêto.
T;texte;m;;nurionlo. texture    î  nutsiatsia.
T;thaumaturge;m;;nukunuwola.
T;thé;m;;ti.
T;théâtre;m;;nukpoîe, îèfefe, tatemênti, teata.
T;théière;f;;tïze, tïkplu. .
T;thème;m;;nya, tanya, nyati. thé  —  tir théologie    î  mawuriutinunyanya.
T;théologien;m;;mawunutinunyala. théorie   î   nunya,  nyanyâ. thermes    mpl  tsilefe.
T;thermomètre;m;;dzohohodzidzenu ; termometa. thèse    î    nunya,  nya,  nyati.
T;thuriféraire;m;;missasubovi si wona dzodanu riuti  do. tiare    î   papa  fe  îiakuku.
T;tibia;m;;afotigbe. tiède    a    gblo,  dugblo. être-  yiro. tiédeur    î    gbogblo,  yoyro.
T;;;spirituelle;liudede le mawusùbosubo me. tiers    a    akpa  etôlia  fe  deka. tige    î    ati,  aîoti,  afo,  ahôliti.
T;tigre;m;;lâkle. tigresse    î  lâkleno.
T;tilde;m;;dzesi : —
T;timbale;f;;Wu.
T;timbre;m;;letadzinu; stampu, gavi, dzesidenuga.
T;timbre-poste;m;;leta dzinu stampu.
T;timbrer;vt;;do stampu leta dzî. timide    a    vovônoto,  kleno.
T;timidité;f;;vovô, tametoto. tine    î   tsikunu, . . .  tokpo.
T;tinette;f;;gauuvi.
T;tintement;m;;gaîoîo deka deka e didi.
T;tinter;vt;;îo ga deka deka. tique    î  ahô.
T;tir;m;;tudada.
T;tirailleur;m;;gbadagba, tudala.
T;tire-buchon;m;;ahawunu, atukpaWunu.
T;tirer;vt;;he, te, de, ho nu.
T;;;une dent;ho adu, de adu.
T;;;un coup de fusil;da tu, fe tu. cela  tire  en  longueur    nya  la  va  dzidzi.
T;;;sans viser;da datsra, da adagba. tirer  à  conséquence   he  nu  ve,  ele  vevie. cela  ne  tirç  pas  à  conséquence  :    eya  mewo  na- neke  o. Vocabulaire tir  —  toi tirer  au  sort    dzidze  nu,  da  ako.
T;;;sur le rouge;de dzê wo ge.
T;;;la porte derrière q.;do wo de ame nu.
T;;;les oreilles à q.;he to na ame.
T;;;le chapeau devant q.;wù kuku na ame.
T;;;de l'eau;ku tsi.
T;;;des larmes des yeux à q.;de adatsi nkume na ame.
T;;;profit de qc.;de vi le nu me, kpo vide le nu me.
T;;;gloire de qc.;îo adegbe le nu nu.
T;;;une ligne;te îli. se-  d'une  difficulté    kpo  monu,  gâ  le  nu  me.
T;tiret;m;;dzesi ( — ).
T;tiroir;m;;drô.
T;tisane;f;;atike, gbe.
T;tison;m;;d'zoti, aka dzodzo.
T;tissage;m;;avololô, nulolô.
T;tisser;vt;;lô avo.
T;tisserand;m;;avolôla. peigne  du-    ha,  avolôha. navette  du-  avolôwu. métier  à  tisser  agbati.
T;tissu;m;;avo, edo.
T;titre;m;;bùbunko, nko, tanya, gagbalê, dasedigbalê^ nku. tituber    vi    zo  sogôsogô.
T;titulaire;m;;ame si eljo nko, alo dowowo.
T;tocsin;m;;nodzinu gâ; ga si woîo le haha me.
T;toge;f;;Romatowo fe dziwui.
T;toile;f;;aklala, gagâ, lugudo, awu.
T;toilette;f;;awudodo kple tsilele, atsyododo. faire  sa-   le  tsi  do  awu.
T;toise;f;;Fransetowo îe dzidzenu hoho ade, dzidzeti^
T;toiser;vt;;kpo ame dû, zrô ame.
T;toison;f;;alêfû, fûsese.
T;toit;m;;hota; mi. toiture    î    hotanuwo,  hosunuwo.
T;tôle;f;;ga, ganu, zinki.
T;tolérance;f;;dzigbodi blewu.
T;tolérer;vt;;gbo dzi di, na mo, de gbe le nu torn  —  ton
T;tomate;f;;timati.
T;tombe;f;;yodo.
T;tombeau;m;;yodo. tombée   î    anyidzedze  ;  (tombée  du  jour)  :  zâdodo- tomber    vi,  ke,  dze,  dze  anyi,  ge,  dzo,  ge  le  nu dzi.
T;;;sur q.;dze ame dzi; — blu de ame ta.
T;;;d'accord avec q.;wo deka kple ame.
T;;;à genoux;dze klo.
T;;;à la guerre;tsi awa.
T;;;à la renverse;dze anyi megbe megbi, tro gbo> dze  anyi.
T;;;à terre;ge de anyi. d'un  arbre   ge  le  ati  dzi.
T;;;par terre;dze anyi.
T;;;(des feuilles);ge, lûlû, (amakpawo îe gege).
T;;;(en quantité);dudu zâ.
T;;;à travers;ge to nu me.
T;;;tête première;ti aflui, tu ta gù.
T;;;des nues;hehe ke dzo de ame nkume, ku nu,» ku  de  tsitre,  mo  wo  yà. il  tombe  de  la  pluie   tsi  le  dzadzam» il  va-  de  Peau    tsi  be  yeadza,  tsi  le  dzadza  ge. la  foudre  est  tombée  sur  la  maison   so  da  ho  la.
T;;;malade;le do, do le ame.
T;;;dans Terreur;da, tra, da vo.
T;;;en syncope;îo gbafa.
T;;;dans le péché;wo nuvo, dze anyi.
T;;;en ruine;gblê, tsyrô.
T;;;entre les mains de q.;no ame îe nusê te, no ame si,  ge  de  ame  si  me.
T;tombereau;m;;keke, tasiadam.
T;ton;m;;gbe, didi, gbedidi. de  bon-    edze  na  ame.
T;tondeuse;f;;talûhê.
T;tondre;vt;;lû, kpa, flo, se.
T;;;des brebis;kpa fu na alêwo.
T;tonne;f;;atigo, dzidzenu.
T;tonneau;m;;atigo, tokpo.
T;tonnelier;m;;atigowola, kupa. tonner    vi,  blu,  wlu,  wô. ton  —  tou il  tonne    dzi  le  gbe  dem.
T;tonnerre;m;;dzidegbe. torche    î    akati,  akakati.
T;torcher;vt;;tutu nu. j
T;torchon;m;;avo vuvu, dovuvu.
T;tordre;vt;;tro, fia, dudu, tro nu rïuti, nyê. se-  de  douleur    fo  dablibe  le  vevesese  me.
T;;;le cou à une poule;tro ko le koklo nu. tornade    î    dziyâ,  ahomyâ. torpeur   î    gbodzogbodzo,  lâmetutu. torpille    î  awawutukpe.
T;torpilleur;m;;awawu.
T;torréfier;vt;;to nu, haha le dzo îiu.
T;torrent;m;;tosisi kplakplakpla. torride    a    dzedzo,  hodzo.
T;torrifier;vt;;mê nu.
T;torse;m;;lo borne, kpo. torsion    î  totro.
T;tort;m;;madzomadzo. avoir-    ameto  medzo  o. faire-  à  q.   wo  vô  de  ame  nu,  wo  nu  vevi  ame. j'ai  tort  :  tonye  medzo  o.
T;tortiller;vt;;hatsa nu, nlo nu. tortue    î  klo.
T;;;de;mer îumeklo. tortu,  tortueux    a    goglô,  glomô,  gôdô.
T;torture;f;;fukpekpe, fuinyâfunyâ. mettre  son  esprit  à  la-    gbâ  ta  le  nya  nu. être  à  la-    kpe  îu  vevie.
T;torturer;vt;;de fu na ame, wo anyrâ le ame nu.
T;tôt;adv;;kaba. total    m+a    blibo,  îofu,  nu  bliblo.
T;totalité;f;;nublibo.
T;touche;f;;asikaka nu nu.
T;toucher;vt;;ka asi nu nu, wâ dzi na ame, do nu kpo.
T;;;de Pargent;ho ga, ho fetu.
T;;;le piano;îo sanku gâ (piano),
T;;;terre;dze go, di go.
T;;;à Page viril;do ame me.
T;;;à qc. (changer);do li nu. tou  —  tou toucher  la  main  à  q.    na  asi  ame.
T;toucher;m;;asikaka nu riu; nusese, sese. touchant    a    nusi  wâ  dzi  na  ame.
T;touffe;f;;nu kpoyo, kpoyo, adza. touffu    a    kpoyo,  kpoyi.
T;toujours;adv;;dâ, dasi, gesiagi, dayi.
T;toupet;m;;agbate, dakoriglô.
T;toupie;f;;ve, ave, wudosê, todo.
T;tour;f;;hotame tsuê, mo koko, tawoa.
T;tour;m;;totro ; lolome, hlâîoîo, tsadidi. faire  un-    di  tsa. faire  le-  de  la  ville    ditsa  îohlâ  du  me,  lo  gbo de  du. jouer  un-  à  q.    îo  asi  ame,  fe  le  ame  nu. c'est  mon-    edo  dzinye,  edo  gbo  nye,  edo  riunye.
T;tourbillon;m;;papadruloe, adawla, yali. tourbillonner    vi    tro  bisï,  fie.
T;tourment;m;;fukpekpe, fuwowo, momenuveve.
T;tourmente;f;;dziyâ, ahomu.
T;tourmenter;vt;;de fu na ame, ka fê ame, wo îunya- funyâ,  wo  anyrâ  le  ame  nu.
T;tournant;m;;mo hahe.
T;;;d'eau;liblâ.
T;tournée;f;;mozozo, tsadidi, hlâîoîo.
T;tourner;vt;;tro nu, tro zu, do ta, tre nu.
T;;;la tête vers q.;tro ta de ame gbo. se  tourner   tro  edokui. le  vent  tourne    ya  le  totrom.
T;;;bride;tro gbo.
T;;;le dos à q.;tro dzo le ame gbo.
T;;;la tête à q.;tro tame na ame.
T;;;ses;pas vers q. te de ame nu.
T;;;la conversation sur qc;îo nu de nu nu.
T;tourneur;m;;atikpala.
T;tournevis;m;;atikpala îe dowonu. tournoyer    vi,  tro,  dudu,  do  to  godui.
T;tournure;f;;totro.
T;tourtereau;m;;akpakpavi. tourterelle   î  akpakpavi. Toussaint    f  amekokoewo  katâ  îe  azâgbe. tousser    vi,  kpe  kpe,  kpe  îo  ame,  ku  veme. ton)  —  tra toussoter    vi,  kpe  kpe  vi  ade,  keke  veme.
T;tout;pr;;katâ, son, nusianu; keriu, tim, pete. avant-  vevieto. tous  les  deux    wo  kple  eve.
T;tout-à-coup;adv;;kpata, le vo me, îâ. du  tout    adv    kura  o,  dabi  dabi  ;  kpao. tout  de  même  ha. tous  les  trois    wo  kple  tô. tous  les  deux  jours   nkeke  eve  sia  nkeke  eve. de  toute  façon   le  mo  sia  mo  nu. tout  le  monde    amesiame,  gâwo  kple  viwo,  ame- hoho  kple  viwo. toutefois  cj+adv   ké,  gake;  voa. tout-puissant    a  nusêkatâto.
T;toux;f;;kpe, kpefoame.
T;tracas;m;;domevee, hiâkaka, fukpekpe.
T;tracasser;vt;;wo funyâfuniyâ.
T;trace;f;;afotefe, afodoîe, afonuto.
T;tracer;vt;;ta nu, ta mo.
T;trachée-artère;f;;hlo.
T;tradition;f;;ko, hodada, tsptso de asi, hotuitu, nya tsitsiwo.
T;traducteur;m;;gomedela, gbesela, nyanudela. traduction    î    gomedede,  nyanudede.
T;traduire;vt;;de nya go me, se gbe na ame, de nya nu.
T;;;q. en justice;sa ma ame.
T;trafic;m;;asitsatsa. faire  le-  de  Phuile    do  ami.
T;trafiquant;m;;asitsala. trafiquer    vi,  tsa  asi. tragique    a    nusi  wo  nublanui.
T;trahir;vt;;de gu ame, fia ame yome, de ame asi.
T;;;un serment;tu atabu.
T;trahison;f;;yomemofiafia, alakpawowo, amedede asi.
T;trainard;m;;megbetsila.
T;train;m;;anyigbâdzudzowu ; zozo. je  suis  en  -  de  partir   mêle  mo  dze  ge. l'arbre  est  en-  de  tomber  ati  be  yeamû  dze  anyi. trainée    î    dzesi,  teîe,  fli. tra  —  tra
T;trainer;vt;;he nu da, te, he klololo, he nu dranyi- dranyi. cette  affaire  traine  en  longueur    nya  la  va  didi. les  chevaux  trainent  la  voilure     sowo   le  keke hem.
T;traire;vt;;fia nyinotsi.
T;irait;m;;fli, flui ; atsro, anutro.
T;;;d'esprit;nya dikokoe, ayuenu. décocher  un-    da  atsro. passer  un-  sur  qc.    te  fli  de  nu  me.
T;traite;f;;asitsatsa, gagbalë.
T;traité;m;;nufiagbalë.
T;traitement;m;;amedzrowowo, wowo, gbedada. mauvais-    anyrâwowo,  nlômiwowo.
T;traiter;vt;;wo, wo nu de nu nu, îo nu de nu nu.
T;;;bien q.; mal q.;wo ame nyuie; wo nu vevie ame.
T;;;qc.;dro nya.
T;;;q. en ami;dze holô ame.
T;traître;m;;yomemoîiala, amegomezola.
T;trajet;m;;mozozo; mo.
T;tranchant;m;;nù (he îe nù). à  deux-  s    nù  evee.
T;;;du couteau;he fe nù.
T;tranche;f;;tsotsui, kake.
T;tranchée;f;;do legbë, we, tsikplomo, tsili.
T;trancher;vt;;la, tso, se nu da, lu nu da, be. tranquille    a    fafe,  zidodui.
T;tranquilliser;vt;;fa dzi na ame.
T;tranquillité;f;;fafa, doduizizi, tomefafa.
T;transaction;f;;wowo, nufoîo.
T;transcendance;f;;gânyenye.
T;transcrire;vt;;ganlo nu.
T;transe;f;;dzinô, vovô.
T;transférer;vt;;tso nu do afi bubu, he nu de nkeke bubu  dzi. transfert   tsotso  do  afi  bubu.
T;transfiguration;f;;nonometotro, nutikoko. transfigurer    vi,  tro  nonome,  ko  nu  nuti.
T;transformer;vt;;tro nonome.
T;transformation;f;;nonometotro.
T;transfuge;m;;awasila, ketowodzidela, sisila. tra  —  tre
T;transgresser;vt;;da nu dzi.
T;transgression;f;;dzidada.
T;transgresseur;m;;dzidala. transitoire    a    nusi  vayi,  si  nù  vayina.
T;translation;f;;dodo de afi bubu.
T;transmettre;vt;;tso nu de asi na ame ; da ho.
T;transmigration;f;;wuwu yi afi ade transparent    a      yiralâ,  koko,  dzeîâ  ;  lâhê,  yirale.
T;transpercer;vt;;rip nu, to nu.
T;transpiration;f;;fifiateame, fifia, ade. transpirer    vi,  fifia  te  ame,  te  fifia,  dze  ade.
T;transport;m;;dodo de afia de; nudododa, dodo, tsotso  yi.
T;transporter;vt;;tso nu yi, do nu de afia de, — dze  ame  riu  riuto.
T;transsubstantiation;f;;nonometotro. transversal    a  tsoga. trapu    a    kako,  kpokplo.
T;trappe;f;;mô, azâ, asôdo ; sadagaho.
T;trappiste;m;;sadagahomenola
T;travail;m;;do, dowowo.
T;;;manuel;asinudo. il  vit  de  son-    edu  efe  asime  do. aller  au-    yi  dowofe,  yi  do  me. travailler    vt-j-vi,  wo  do.
T;;;pour q.;tso do na ame.
T;;;avec zèle;do vevie dowowo.
T;travailleur;m;;dowola.
T;travers;m;;gatsotso ; dadafu. de-    goglô  ;  gigli,  kpasâ.
T;traverse;f;;atitsoga.
T;traversée;f;;mozozo le fu dzi, nutitoto, numetoto.
T;traverser;vt;;to anyigba me yi, to nu me.
T;;;le désert;to gbedzi.
T;;;Pocéan;to fu dzi yi (Ablotsi).
T;;;une rivière;to tosisi dzi.
T;travestir;vt;;do ame bubu fe awuwo.
T;trébuchement;m;;atikikli, afokikli. trébucher    vi    kli  afo,  kli  nu,  lo  kpe.
T;treillis;m;;kpototo, nulolô.
T;treillage;m;;adzralawo. treize    a  wuietô. tre  —  tri
T;tréma;m;;dzesi : ( • • )
T;tremblement;m;;wuwu, dzodzo.
T;;;de;terre anyigbawuwu. tremblant    a  dzodzo. trembler    vi,  dzo  hahâ,  dzo  nyânyânyâ,  dzo  tititi. trémousser    vi,  wa,  wuwu  behebehe. trempe    î    sesê,  nononie.
T;tremper;vt;;sisi, tso nu sisi nu, de nu tsi.
T;tremplin;m;;afutikpo, aîlitikpo. trente    a  blaetô.
T;trépas;m;;ku. trépasser    vi,  ku, trépigner    vi,  tu  aîo  anyi.
T;très;adv;;akpa, tà, riuto. Très-Haut    m  Dzifowito. Très-Saint-Përe    m  papa.
T;trésor;m;;nu hoasi, kesinonu.
T;trésorier;m;;gadzikpola. trésorerie    î  gadzradofe.
T;tresser;vt;;g be nu, gbi nu, lô nu de nu me.
T;;;les cheveux;fo da.
T;tresse;f;;daîoîo, dakoe.
T;tressaillir;v;;wa, dzo hahâ. trêve    î  dzudzo. triangulaire    a    dzogoe  etô.
T;tribu;f;;to, ko, duko, hlô.
T;tribulation;f;;îukpekpe, nuhaha, ziaziâ.
T;tribunal;m;;wonudrofe, kodzodiîe. tribune    î  dziîonoîe,  nukpoîe,  galari.
T;tribut;m;;adzo.
T;tributaire;m;;adzohela. fleuve-  alodze.
T;tricher;vt;;ble ame, flu, ba, tafu.
T;tricot;m;;awudedi.
T;tricoter;vt;;lô nu.
T;trier;vt;;tsia nu, tia nu, do, tra nu le nu dome, tsrè  nu.
T;trimestre;m;;ïh fe akpa enelia, gleti etô.
T;tringle;f;;gaci. Trinité    f    Trinita  kpkoe  gâ.
T;triomphe;m;;dzidudu, nutikokoe, aseyitsoiso.
T;triomphateur;m;;dzidula. tri  —  tro triompher    vi,  du  ame  dzi,  du  gâ,  tso  aseyi. tripes    îpl  domenuwo. triple    a    akpa  etôtoe,  etô  fomevi. trique    î    ati,  atam.
T;trisaïeul;m;;togbotogbotogbui. triste    a    vedome,  hanu. tristesse    î    domeveve,  nuhaha.
T;triturer;vt;;nyunyô nui, gbâ nu, tù nu. trivial    a    madinui,  badabada.
T;trognon;m;;atikli, tsro, go, akpa. trois     a  etô. trombe    î    adawu  ;  —  do.
T;;;d'eau;libla, adawu.
T;tromper;vt;;ble, îlu, ba ame, ka awatso. se  tromper    v    îlu  dokui,  da  nù,  tra,  bu. tromperie    î    beble,  baba,  îuîlu,  ameblenya.
T;trompette;f;;kpe.
T;trompeur;m;;ameblela, îlula, bala.
T;tronc;m;;zekpe, kpeti, atikpo.
T;;;humain;lobome, amekpo, ametakpo.
T;tronçon;m;;atitakpo, nu susoeto.
T;trône;m;;îiazikpui. monter  sur  le-    ho  îiazikpui,  du  îia.
T;tronquer;vt;;la nu. Irop    adv    akpa,  wu  nu,  gbo  me. trophée    î  aboyonu. tropical    a    anyigba  hpdzoto. tropiques   îpl    anyigba  hodzowo  (abe  Aîrika  ene).
T;trot;m;;du dzoboe. trotter    vi,  îu  du  dzoboe,  do  aîoze. trottoir    ra    movi  de  mo  gâ  to.
T;trou;m;;do, vu, lû. creuser  un-    ku  do,  de  vu. combler  un-    he  do,  he  ke  de  do  dzi.
T;trouble;m;;nuhaha, îudede, gidigidi.
T;troubler;vt;;blu nu, wo wunyawunya, wo gidi- gidi; nyamâ  nu;  —  toto  tame  na  ame.
T;;;Peau;wa tsi, blu tsi.
T;irouer;vt;;no nu. trouée    î  norioîe. troupe    î    gbadagbaha,  awakp,  ameha. tro  —  tyr  383
T;troupeau;m;;ha, lâha.
T;trousse;f;;nubabla.
T;trousseau;m;;nubabla; — srôdenu, awuwo; kpo.
T;trouver;vt;;îo nu, kpo nu, tu nu. comment  trouvez-vous  ce  vin   vê  la  nyo  nuwôa  ? je  le  trouve  bon    enyo  nunye.
T;;;du plaisir à;kpo dzidzo le nu nu. aller-  q.    yi  kpo  ame  da. truelle    î    glikpanu,  hoplasagà. truie    î  hano. truite    î    tomelâ  ade.
T;tu;pr;;wô,
T;tub;m;;tsileze.
T;tube;m;;govi.
T;tubercule;f;;nudodo abe te alo agbeli ene.
T;tuer;vt;;wu nu, wu ame.
T;;;q. d'un coup de fusil;îo tu ame. se  tuer    v    wu  edokui. tuerie    î  wuwu. tuile    î    hogbakpe,  anyikpe. faire  des-  s    mê  hogbakpe.
T;tuilier;m;;kpemëla.
T;tuilerie;f;;kpemêîe.
T;tumeur;f;;adi, îoîoe, nutete.
T;tumulte;m;;wowo gidigidi, wunyawunya, zitoto. tumultueux    a  gidigidi.
T;tunique;f;;awu.
T;tunnel;m;;anyigbatemo.
T;turban;m;;tablavo. turbulence    î    zitoto,  gidigidi,  zigidi. turbulent    a  gidigidi.
T;turpitude;f;;riukpe, nukpenuwowo, ahohlô. tutélaire     a     (ange-)  dzikpodola. tutelle    î  ametakpokpo.
T;tuteur;m;;amehpladzi, takpola, nuîiala, amehela.
T;tuyau;m;;govi, ayeti.
T;type;m;;kpodenu.
T;typhon;m;;ahomu, dziya.
T;typographe;m;;agbalëtala. typographie    î  agbalêtata.
T;tyran;m;;nutasêdzidula.
U;tyrannie;f;;nutasêdzidudu. ulc  —  usa
U;ulcère;m;;îofoe, adi, abh ulcération    î  tsididi. ultérieur    a  yometo. ultime    a    mamleto,  mloeto. ululer    vi,  hlô  abe  faviewuto  ene. un,  une    a    deka,  dé.
U;;;et demi;deka kple aîâ. unanime    a    kple  gbe  deka,  le  gbe  deka  dzi,  nu- sosoe. unanimité    î    nusoso,  gbesoso,  gbedekadzinono. uni    a    zozrôe,  didi.
U;unifier;vt;;wo deka.
U;unification;f;;dekawowo. unicolore    a    ario  deka  îomevi. uniforme    a  sosoe.
U;uniforme;m;;awu tohe, awu deka riugbe, sisikeriu
U;uniformiser;vt;;so nu kple nu bubu. uniformité    ï  nusoso. unilatéral    a    akpadekato,  zï  de  nu  deka  dzi. union    î    dekawowo,  nubabla. unique    a    deka,  akogo,  deka  akogo,  tô,  ku  deka, tenu. s'unir    wo  deka.
U;unisson;m;;gbesoso, didideka, gbedekadidi. à  Y-    le  gbe  deka  dzi,  kple  gbe  deka.
U;unité;f;;dekanyenye.
U;univers;m;;hiheme, dzifo kple anyigba. universel    a    wo  katâ  to,  afisiafito,  dugbadzata
U;université;f;;sukugâ. urbain    a    du  to,  gbodo  to.
U;urbanité;f;;wudodo.
U;urgence;f;;kpatakpata, hiahiâ, tsiâ. urgent    a    vevie,  kpatakpata. urine    î  adudo. uriner    vi    do  adudo.
U;urinoir;m;;afodzi, adudozi. urne    î  kplu.
U;usage;m;;nudowowo, ko, konu. il  est  d'-    wowona,  enye  ko  ria  . . . usa  —  vac faire  usage  de  qc.    wo  uu  riuti  do,  zâ  nu. user    vi,  ma,  wona. en-  de  q.  zo  kple  ame,  de  ha  kple  ame.
U;user;vt;;wo nu nu do ; gblê nu, nyi nu.
U;;;de menaces;do nodzi na ame.
U;;;mal de qc.;wo nu riuti do nyâmânyâmâ. en  bien-  avec  q.    wo  ame  nyuie,  zâ  ame  (nu) nyuie. usine    î    adanuwofe  gâ,  dowofe.
U;ustensile;m;;nu, dowonu, nuwonu. usuel    a    nusi  wowona  godogodo,  zu  ko  (ma).
U;usure;f;;kasadidi, kasa. exercer  P-    di  kasa.
U;usurier;m;;kasadila
U;usurpateur;m;;amesi ho nu kple sesê.
U;usurper;vt;;ho nu kple sesê.
U;utérus;m;;vigolo, vidzito, amena utérins  dadaviwo. utile    a    nudowowo  alo  vide  le  me,  liudowonu. utilisable    a  si  riutido  woatenu  awo,  zâzâ.
V;utiliser;vt;;wo nu nu do, zâ nu. utilité    î    vide,  nudowowo. cela  n'est  d'aucune-    vide  alo  nudowowo  mêle me  o utilisation    î  nuiiutidowowo. vacances    fpl  mokeke. passer  ses-    du  mokeke. nous  avons  deux  semaines  de-    woke  mo  mi kwasida  eve. le  temps  des-  mokegi.
V;vacarme;m;;wunyawunya, wowogidigidi, hôwo- wo,  zitoto.
V;vacation;f;;vovogi ; takpekpe.
V;vaccin;m;;atike hena abosisi, sakpanatike. vaccination     î    abosisi,  sakpanatikedodo.
V;vacciner;vt;;si abota na ame, do sakpanatike na ame. 386  vac  —  val vache    î  nyino. vacherie    î  nyihome.
V;vacher;m;;nyikplola. vaciller    vi,  wâ,  wuwu,  dzo,  mû,  da  kpo.
V;vacuum;m;;nu si me yâ megale o.
V;vagabond;m;;godzela, tsatsala, gbevu.
V;vagabondage;m;;hadzedze, gbevunuwowo.
V;vagin;m;;kolo, do. vaSrervi,Vi'  !     îa  avi,  ne,  îa  avi  dzâ.
V;vagissement;m;;avifafa, ïiene. vague    a    esi  dzi  womeka  do  o,  eme  meko vague    î    tsitsotsoe,  futsotsoe. vaillance    î    kalêwowo,  dziwowo. vaillant    a    kalêto,  wokalê.
V;vaillamment;adv;;kalêtoe. vain    a    dzodzro,  gbolo  ;  —  dada,  foadegbe. en-    dzro,  glo.
V;vaincre;vt;;du nu dzi.
V;;;une passion;te nonome bada de anyi.
V;;;sa colère;gbo dzi di. se  vaincre   v   du  amedokui  dzi.
V;vainqueur;m;;dzidula.
V;vaisseau;m;;vvu.
V;;;sanguin;vvuka.
V;;;de;guerre av^avvu. vaisselle    î  agbawo. écurer  la-    tutu  agbawo  me.
V;valet;m;;subola. valeur    î    asime,  asihoho  home  ;  —  kalêwowçL valeureux    a  wokalê. valide    a    sesê,  nyo,  dudua. validité    î  nyonyo. valise    î    kotokugâ,  kevi,  asidakavi. vallée    î    bali,  weme.
V;vallon;m;;balivi, abudife.
V;valoir;vt;;nyo, so, dze. il  vaut    mieux    enyo  wu. faire-    zâ  nu. cela  vaut  un  franc    eho  frâ  deka. valse    î  gedudu. val  —  vau valser    vi,  du  ge. valve    î    ho,  mô.
V;vampire;m;;sogblê, lawâ.
V;van;m;;keke.
V;vandale;m;;nugblêla.
V;vandalisme;m;;nugbegblê. vanille    î    kutsetse  wewe  ade. vanité    î    adegbefofo,  dada  ;  —  dzodzronyenye. vaniteux    a    foadegbe,  dada. être-    he  atsyônya. vanne    î    tsro,  gi.
V;vanner;vt;;tsya bli.
V;vannier;m;;kusilôla, kevilôla.
V;vantard;m;;adegbefola.
V;vanter;vt;;kaîu nu na ame. se  vanter    v    îo  adegbe,  do  dokui  de  dzi. vapeur    î  dzudzo. dégager  des-  s    do  dzudzo. se  vaporiser    v  mie. vaquer    vi,    wo  nu,  kpo  nu  dzi. variable    a    vovo,  bubu  fomevi,  iro  nu. varenne    î  dzogbe. variante    î    nu  vovo. variation    î    vovototo,  lidodo. varicelle    î    klasi,  fufukoe,  gbagi,  aklâbi. varié   a  vovovo.
V;varier;vt;;do li nu, tro nu. varier  vi,  tro,  to  vovo. se  varier    v    do  li,  tro. variété    î    bubu  fomeviwo,  vovovowowo,  lidodo^ variole    î    sakpate,  sakpana,  anyigbato. .  avoir  la-    sakpate  lé  ame.
V;vase;m;;kplu, go.
V;vase;f;;ba, banyabanya.
V;vaseline;f;;atike ade.
V;vasistas;m;;îesrê. vaste    a    lolo,  keke,  lolo  zâ. Vatican    m    papa  fe  fiamo. vaticiner    vi,  gblo  nya  di,  ka  afâ.
V;vaticination;f;;afâkaka.
V;vaurien;m;;godzela, yakame. vau  —  vén
V;vautour;m;;pente, akagâ, awako, tsui, yïtsui. se  vautrer    v    do  ba,  si  ba,  wg  fê.
V;veau;m;;nyivi.
V;vedette;f;;liudzodzo.
V;végétal;m;;numiemie, nudodo,
V;végétarien;m;;lâtsrila. >
V;végétation;f;;numiemie. véhémence    î    sesê,  dzodedelâme. véhément,    a    sesïe,  dzodzoe
V;véhicule;m;;keke.
V;veille;f;;riudzodzo, riudodo ; nkeke si le nkeke bubu  ngo.  /
V;veillée;f;;nudodo, zâdodro. faire  la-    to  zâdodro  dzi,  dro  zâ.
V;veiller;vt;;dzo nu, no nudzo, do liu.
V;;;sur q.;kpo ame dzi.
V;veilleur;m;;nudola, zâdrola. veilleuse    î  zâkadi.
V;;;du sanctuaire;akadi matsimatsi le altaro gbo. veine    î    Wuka  ;  —  dzogbe  nyuie. vêler    vi,   (nyi)  dzi  vi. vélocité    î  abladede.
V;velours;m;;ago. velu    a    fu  keyekeyer  îu  dzekedzeke.
V;venaison;f;;adelâ, adegbelâ. vénal    a    nusi  wodzrana,  vlo.
V;vendange;f;;ahakpakpa. vendanger    vi,  kpa  aha. vendetta    î  hlôbiabia.
V;vendeur;m;;nudzrala.
V;vendre;vt;;dzra nu.
V;;;(liquides, grains);do nu.
V;;;aux enchères;dzra nu awusiawu, dzra gbandzo.
V;;;à perte;bu de asiîeîle me, gugu. combien  vendez-vous  cela    ho  nenie  woho.
V;vendredi;m;;îidag^be. vénéneux    a  adi. plante-  se  adigbe.
V;vénin;m;;adi. vénimeux    a  adi vénérable    a    dzenabùbu,  bùbuto. vén  —  vêp vénération    î    bùbu,  amebùbu.
V;vénérer;vt;;bù ame. vénerie    î  adedada. vengeance    î  hlôbiabia. se  venger    v    bia  hlô.
V;vengeur;m;;hlôbiala. véniel    a    nusi  wotsona  kena. péché-    nuvô  vi. venir    vi,  va.
V;;;de;tso afiade.
V;;;par;(passer) to.
V;;;à pied;to afo.
V;;;à bout de qc.;wu nu, vo nu.
V;;;à;maturité di.
V;;;à l'idée;îo tame na ame. en-  aux  mains    kpe  avtfa. s'en-    gbo,  tro  gbo. faire  -qc.    do  nu,  dro  nu. viens  chez  moi    va  gbonye. il  va-  de  suite    ele  vava  ge  fifilayi. d'où  viens-tu    aîika  nètso. je  viens  de  chez  moi    metso  aïe  (me). je  viens  de  Lomé    metso  Lome. d'où  vient  que . . .    nuka  wo  be,  nuka  dzo  be. l'année  qui  vient    fè  si  gbona.
V;vent;m;;ya, yaîoîo.
V;;;léger;ya îafe.
V;;;violent;ahomu, dziya. le-  souffle    ya  le  fofom. avoir-  de  qc.    se  seîlui.
V;vente;f;;dzadzra. mettre  en-    do  asi  nu,       nu  asi. venter    vi,  ya  le  îoîom. ventilation    î  yagbogbo. ventiler    vi,   gbo  ya.
V;ventouse;f;;go, godogoe. ventouser  vi,  îo  nyadui  na  ame.
V;ventre;m;;do, dome, îo, îodo, îome. gros-  îogolo. venue    î    vava,  dodo. vêpres    fpl    getrome  subosubo. Vocabulaire ver  —  ver
V;ver;m;;rio.
V;;;luisant;zâdzui, samadza, koklode, kedzuikedzuu
V;;;dans;la viande nyê.
V;;;dans;l'eau lè.
V;;;intestinal;avlakui, avlokui. véracité    î    anukwaredidi,  anukode,  nyateîe.
V;veranda;f;;ablanda, akpata.
V;verbe;m;;gbe, nya. le  Verbe  divin   Mawu  îe  Nya  :  Yesu  Kristo.
V;verbiage;m;;nyaîuîlu. verbeux    a    kple  nya  gedewo.
V;verdict;m;;aîiatsotso. verdire    vi    )  , verdoyer    vi  /   de  ama'  mie- verdoyant    a    mumû,  dama. verdure    î    amâdede,  numumû,  numiemie. verge    î  atam.
V;verger;m;;kutsetsebo. vergogne    î  nukpe véridique    a    tonyatefe,  anukodeto.
V;vérifier;vt;;fia nyateîe, ka de nya dzi, do nu kpo.
V;;;un calcul;bu nu kpo, gbugbo akonta bu.
V;;;le poids;da nu kpo. véritable    a  vavâ.
V;véritablement;adv;;nyateîetoe. vérité    î    nyateîe,  anukode. vermeille    î  adabe. vermine    î    dzodzoe,  nudzodzui. vermoulu    a    babadui,  nodui.
V;vernir;vt;;si ano na nu.
V;vernis;m;;ano, nutreno. vérole    î    baba,  kotisâ,  awusakpa,  adibaku. petite-    sakpate,  sakpana.
V;verrat;m;;hatsu.
V;verre;m;;hahûhôe, glase ; konko.
V;;;de;lampe tsimini.
V;verrou;m;;Avomedeti, gameti. verrue    dzegogoe,  dzedzegui. vers    prp    dota,  vi  de,  godzi,  loîo.
V;versant;m;;abu, abudiîe, lô, sô. versé    a  dzeadanu. ver  —  via
V;versement;m;;ganana, îehehe.
V;verser;vt;;ko nu di, tro nu ko de anyi.
V;;;(payer);lu fe.
V;;;du riz dans le sac;ko molu de akpanya me.
V;;;l'argent sur la table;tro ga ko de kplô dzL
V;;;à boire;ko aha de konko me.
V;verset;m;;kpuikpui, hehlê.
V;versifier;vt;;kpa ha. version   î  gomedede.
V;verso;m;;me, megbe. vert    a    amâ,  dama,  anutigbui,  mumû. être-  nyô.
V;vert-de-gris;m;;gamâ, ga îe amâdede. vertébrale  (colonne-  e)  megbefu. vertical    a    tutsitre,  dzoka.
V;vertige;m;;nuzi, mototro, aîetrô. avoir  le-    afetrô  tso  ame. vertigineux    a    kaba  akpa,  mogbegblêto. vertu   î   nyonyo,  de,  asihoho,  gbogbomenusê. en-  de    to  nu  me. vertueux    a    blibo,  down,  nyuie. vessie    î    îufutodoe,  adudotê,  adiatui.
V;veste;f;;dziwui.
V;vestiaire;m;;awudzradoîe.
V;vestibule;m;;akpata.
V;vestige;m;;dzesi, aîodoîe, aîonuto.
V;vêtement;m;;nutata, avotata.
V;vétéran;m;;gbadagba tsitsi.
V;vétérinaire;m;;lâwo îe atikewola.
V;vêtir;vt;;do awu na ame. se  vêtir    v    do  awu,  ta  avo. vêture    î    awudodo,  nutata. vétusté    î    tsitsi,  dohoho.
V;veuf;m;;ahosinutsu. être-    ho  aho. veuve    î  ahosinyonu. vexation    î  îudede.
V;vexer;vt;;de îu na ame, dia ame nu.
V;viaduc;m;;tsimo, tosëdzi. viande    î  la.
V;;;fumée;la yiyi, lâyi. , 25* via  —  vie
V;viatique;m;;modoho, sisi. le  saint-    kommunio  si  wotso  na  kudoîola. vibrer    vi,  wa,  dzo,  nyê,  di  gliriuglinu.
V;vicaire;m;;teîenola, fadavi. le-  de  Jésus-Christ    Yesu  Kristo  teîenola  :  papa.
V;;;apostolique;papa teîenola le mission'nyigbawo dzi  :  episkopo.
V;vicariat;m;;vicariatu : episkpo îe dziduîe.
V;vice;m;;nu bada, nuvô, nuvlowowo. vice- . . .  teîenola.
V;vice-roi;m;;îiateîenola.
V;vicier;vt;;gblê nu. vicieux    a    vôdi,  vlo, vicissitude   î   lidodo,  totro.
V;vicomte;m;;amegâ. victime    î    vosasâ,  vosalâ. victoire    î  dzidudu. remporter  la-    du  ame  dzi. victorieux    a  dudzî. victuaille    î    nunyiame,  nududu. vidange    î    nukpokplo,  nutsotso  yi. vidanges    mpl    mi,  adudo. vidanger    vi    tso  mi  îu  gbe.
V;vide;m;;-fa îuîlunono; îuîlu, gbolo.
V;vider;vt;;de nu le nu me ; wo îuîlu, di gbolo.
V;;;un différend;lé avu. vie    î    agbe,  agbenono,  agbenogi. plein  de-  agbagbe. mener  joyeuse-    tu  agio,  du  agbe. mener  une  mauvaise-    dze  ha,  no  agbe  bada. mener  la-    du  agbe. la-  présente    kodzogbe,  agbe  sia. la-  future    agbe  dodoe,  agbe  mavo. à  la-  à  la  mort   Pagbe  kple  ku  me,  na  kugbe  — agbegbe. gagner  péniblement  sa-    dagba  le  agbe  me. être  en-    le  agbe,  no  agbe. rendre  la-  ku. rendre  la-  à  q.    gbo  agbe  ame. sauver  la-  à  q.   ho  ame  de  agbe,  de  ame  fe  agbe. sans-    agbe  manomee. être  fatigué  de  la-    agbe  ti  ame. vie  —  vio
V;vieillard;m;;ametsitsi, amehoho, amegâ dedi. vieillesse    î    tsitsi,  amegâkuku,  nyagâkuku. vieillir    vi    tsi,  ku  amegâ,  ku  nyagâ.
V;vielle;f;;sanku, kasanku. vierge    î    detugbui,  detugbui  Pafe,  (nogbedzi). la  sainte-    detugbui  kokoe  :  Maria. marier  une-    kpo  nyonu  aîe. vieux    a    hoho,  tsitsi. vif    a    agbe  le  me,  vvawa,  zâzê.
V;vigie;f;;riudzonola le wu me, gbediala. vigilance    î  nudzodzo. vigilant    a  nonudzo.
V;vigile;f;;nudzodzo, nkeke si le azâgbe ngo, vigilia.
V;vigne;f;;vêti. vignette    î  tata.
V;vignoble;m;;vêgble. vigoureux    a    sesïe,  kotï. vigueur    î    nusê,  agbe. vil    a    vlo,  vôdi,  badabada. vilain    a    manyomanyo,  nyâmâ,  vlo.
V;vilebrequin;m;;gaiionu.
V;vilénie;f;;yakawowo, gudodo. villa    î    agbleho  nyuie.
V;village;m;;du sue, koîe.
V;villageois;m;;koîeto.
V;ville;f;;du, gbo, gbodome.
V;;;maritime;îutadu.
V;vin;m;;vê ; — aha. —
V;;;fort, faible;aha sese, boboe.
V;;;de;palme deha.
V;;;de palme vieux;aha tsitsi, ahakukui, guglui.
V;;;pur;aha atiati, ahakuaku.
V;vinaigre;m;;aha tsitsi, vinigar, aha siasia, aha lé atse. vingt    a    blave,  blaeve.
V;vingtaine;f;;ame blave, ano blave.
V;violation;f;;nuvlowowo, nudzidada.
V;violateur;m;;nudzidala.
V;violemment;adv;;kple nusê, kple sesê, bam.
V;violence;f;;sesê, adâ, agbodzedze, dzizizi. faire-  à  q.    zi  ame  dzi,  gblê  alo  de  ame  nu,  le ame  îe  vôe  îe. vio  —  vit violent    a    sesïe,  kple  sesê,  adadâ.
V;violer;vt;;zi nu dzi, wg busu, da nu dzi, wg nu vlo,  gblê  nu.
V;;;une fille;gblê detugbi. violet    a  blg. violette    î    seîofo  ade.
V;violon;m;;kasanku. jouer  du-    îo  kasanku. joueur  de-  kasarikufola. vipère    î    da,  îâ. virago    î    nyônu  wokalê,  adonavi,  adona.
V;virement;m;;totro.
V;virer;vt;;trg nu. virginal    a    detugbuitg,  dzadze. virginité    î    detugbuinyenye,  dzadzenono. virgule    î    dzesi  :  (,). viril    a  wonutsu. virilité    î  riutsuwowg. virtuel    a  wgdo. virtualité    î  riusë. virulence    î    adi.  * vis    î    gatagbadze  totro.
V;visage;m;;nkume. faire  mauvais-  à  q.    yo  nkume  de  ame.
V;vis-à-vis;adv;;godo, le rigodze, kpe nku me, dze ngo. viscères    îpl    domenuwo,  dgviwo. visée    î    nukpgkpo,  nudzodzro.
V;viser;vt;;dzidze nu. visible    a    nusi  woatenu  akpo.
V;vision;f;;nukpgkpg, dimenukpgkpg, dimenong. avoir  une-   kpe  nu,  kpg  dimenu,  kpg  nu  le  dime,
V;visionnaire;m;;nukpola, dimenukpola. Visitation    f  amekpgkpoda.
V;visite;f;;amekngkpgda.
V;visiter;vt;;yi dakpg ame da, dzro nu me, tsa ame- wo  dzi.
V;visiteur;m;;amekpolada. amedolakpg.
V;viscosité;f;;adedada. visqueux    a    kadikadi,  drôhôdrôhô. vital    a    agbeto,  vevie  nutg. vit  —  voi
V;vitalité;f;;agbe, agbetiusê.
V;vite;adv;;kaba, dabla, babla. vitesse    î  abladede. vitrail    î    mawuho  îe  îesrêgâ, vitre    î    îesrê  îe  ahûhôe. vitrerie    î  ahûhôewofe.
V;vitrier;m;;ahûhôewola. vitrine    î    îesrêgâ  le  îiase  nu.
V;vitriol;m;;atike. vivace   a   agbagbe,  kple  dzo. vivacité    î    dzo,  adasasa. vivant    a  agbagbe.
V;vivant;m;;agbenola. vive  !    int    agbe  !
V;vivement;adv;;kaba, dabla.
V;viveur;m;;agbedula. viviîication    î  agbegbogbo.
V;vivifier;vt;;gbo agbe. vivre    vi,  no  agbe,  no.
V;;;au jour le jour;le gbahloyo me.
V;;;avec q.;zo kple ame — wo ahiâ amade. cesser  de-    ku,  tro  megbe. las  de-    agbe  ti  ame. bien-    no  agbe  nyuie.
V;;;en prince;du gâ.
V;vocable;m;;nko, dzikpokpo.
V;vocabulaire;m;;gbesela, nyagomedegbalê. vocation    î    yoyo,  dowona. vocifération    ï  glidodo. vociférer    vi,  do  gli  sesiê,  he  nya.
V;vœu;m;;nugbedodo, atamkaka. faire  un-    do  nugbe,  ka  atam. vogue    î  nkohoho. être  en-    wolôa  ame  fe  nya. voguer    vi,  zo  îu  dzi,  nyi  di.
V;voici;adv;;kpoda, afii. voie    î    mo,  gamo.
V;;;lactée;masamegletivi. ouvrir  la-    de  mo  di.
V;voilà;adv;;kpo da, aîimâ.
V;voile;f;;abada, abala. voi  —  vol déployer  les  voiles    do  abala. serrer  les-    lé  abala,  klo  abala.
V;voile;m;;nuhevo, mohevo, tatsyovo.
V;voiler;vt;;he nu, tsyonu dzi.
V;voilier;m;;abalawu.
V;voir;vt;;kpo nu, do nu kpo. on  verra   eyi  keke  si. aller  voir  q.   kpo  ame  da,  yi  dakpo  ame  da.
V;voirie;f;;adudokpo. voisin    a  afelikato.
V;voisin;m;;afelika, afeka. être-    kpe  kpo.
V;voisinage;m;;afelikawo, nutowome. dans  le-    le  nutowome,  le  kpo  nu. aller  dans  le-     yi  kpo  dome,
V;voiture;f;;keke, tasiâdam. aller  en-    zo  kple  tasiadam.
V;voiturier;m;;kekekplola. voix    î  gbe.
V;;;forte, haute;gbe gâ.
V;vol;m;;fifi, nufifi, fififi, finu.
V;vol;m;;dzodzo. tirer  un  oiseau  au-    da  hevi  le  yâ  me. volaille    î    heviwo,  afehe,  he. volatil    a    dzodzo,  esi  nu  va  yi  kaba.
V;volcan;m;;dzoto. volée    î    dzodzo,  tudada. voler    vi,  dzo. l'oiseau  vole  sur  Parbre  hevi  dze  de  atia  dzi.
V;voler;vt;;îi, îiîi, le îimo dzi.
V;;;qc.;îi nu ; îo nu (des oiseaux de proie),
V;volet;m;;îesrênuvo.
V;voleur;m;;îiaîito, îiaîi, nuîila, asinutsola. être-  vive, volière    î    adza  gâ. volition    î  lolônu. volontaire    a    kple  lolônu,  îâ. volonté    î    lolônu,  didi,  dzodzro,  dzidzi. à-    sigbe  alesi  nèlô  ene. faire  la-  de  q.    wo  ame  îe  lolônu.
V;volontiers;adv;;kple lolô, dzidzotoe, atû. vol  —  vra il  travaille  volontiers    elô  dowowo. volte-face    î   trgtrg,  gbogbo. faire-    trg  gbo. voltiger    vi,  dzo,  sagba  fohla. voluble    a    totro,  momlo,  vuvlu.
V;volume;m;;agbalê, ko, agbososo, kogo. volumineux    a  lolo.
V;volupté;f;;dzidzo, nutilâdzodzro, hadzedze. voluptueux    a    riutilâdzroto,  hadzela.
V;vomir;vt;;dzo, de he, tru. faire-  q.    to  dzigbo  na  ame.
V;vomissement;m;;hedede.
V;vomiquier;m;;babati. vorace    a    dunutsu,  nutsuduto,  vivo  na  nududu- voracité    î  nutsududu.
V;vote;m;;tiatia.
V;voter;vt;;tia nu.
V;vouer;vt;;do riugbe, tso nu na ame,
V;vouloir;vt;;Jô, dzi, di, dzro nu. en-  à  q.    lé  ame  de  dome. que  voulez-vous    nuka  dzim  nèle  hâ. je  le  veux  bien    melô,  ele  erne  nam. je  voudrais  que  .  .  .    medzro  be.
V;voûte;f;;gli glôlôlôlô.
V;voyage;m;;mozozo, mpdzi.
V;;;d'affaires;nugbe.
V;;;de;nuit zâzozo. bon-  !      hede  nyuie  !    modzi  neko  na  wô  ! souhaiter  bon-  à  q.    do  hede  nyuie  na  ame. aller  en-    zo  mo,  yi  nugbe. compagnon  de-  mozohavi. voyager    vi,  zo  mo,  dze  mo  dzi,  yi  nugbe.
V;;;de nuit;zo zâ.
V;;;par mer;do Wu.
V;;;en compagnie;zo afo deka kple ame.
V;voyageur;m;;mozoïa.
V;voyant;m;;nukpola. vrai    a    vavâ,  nyatele,  adodui.
V;vraiment;adv;;gobi, nyateîetoe. vraisemblable    a  anye. c'est-   anye  nyateîe,  ano  me  be. vri  —  zér vrille    î    nurionu,  îli,  ka.
W;vriller;vt;;rio nu. vu  que    cj    esi,  esi  me. vue    î    kpgkpg,  nukpokpo. perdre  la»   isi  nku,  gbâ  nku. à  première-    zi  deka. donner  dans  la-   nu  klê  îiu  na  ame. vulgaire    a    madinu,  vlo,  yaka. vulgarité    î  vlonyenye. Vulgate    î    Biblia  kokoe.
W;wagon;m;;gamo îe tasiadam.
W;wagonnet;m;;kekevi.
Y;whisky;m;;aha, wuisiki.
Z;y;adv;;afimâ. j'y  vais    mêle  afimâ  vi  ge. yeux    mpl  nkuwo. lever  les-    wu  nku,  ko  mo  dzi. baisser  les-    miâ  nku. rouler  les-    do  nku. yole   î  lê\vu. zagaie    î    akplo,  wâ.
Z;zèbre;m;;lâdiso.
Z;zélateur;m;;veviedolanu, nuwala.
Z;zèle;m;;veviedodo, agbagbadzedze, adive. montrer  du-   do  vevie  nu. ^élé   a    vevie,  kutoe,  kolokolo.
Z;zénith;m;;getaîo, tame, aîeîo. zéphyr,  zéphire    m    va  îaîe.
Z;zéro;m;;naneke o ; dzesi : o zig  —  zou
Z;zigzag;m;;goglô.
Z;zinc;m;;gagi, sanya, zinki.
Z;zingueur;m;;gagiwola.
Z;zinguerie;f;;gagiwofe. zizanie    î    gbe  vô.
Z;zone;f;;nutowo me, anyigba fe akpa.
Z;;;glaciale;anyigba si dzi vuvo wona le akpa.
Z;;;torride;anyigba hodzo.
Z;;;tempérée;anyigba fafe. zoologie    î  lâwonutinunyanya.
Z;zouave;m;;gbadagba ade. Mawutoe  nye  akpea  ! Date  Due loi  5n PL8162  .UQ _  COLT^TIOM  ! AuthorRi  Ostein,  S Boston  College  Library Chestnut  Hill  67,  Mass. Books  may  be  kept  for  two  weeks  unless  a shorter  period  is  specified. If  you  cannot  find  what  you  want,  inquire  at the  circulation  desk  for  assistance.
